
[1789303257] replaying ...
Model ID: 1789333851

Config:
{'CMA_elitist': True, 'NN_transform_node_embedding_during_growth': True, 'additive_update': False, 'arrows': True, 'balanced_weights': False, 'binary_connectivity': False, 'checkpoint_id': None, 'coevolve_initial_embeddings': True, 'dev_mode': 0, 'device': 0, 'early_stopping': False, 'early_stopping_conditions': {'generation': 500, 'objective_value': -3}, 'edge_based_growth': False, 'env_seed': None, 'environment': 'KA_retina', 'evolution_feval_check_N': 10, 'evolution_feval_check_every': 2000, 'extra_nodes': -1, 'fewer_edges': False, 'fewer_nodes': False, 'flattening_stopping': False, 'flattening_stopping_conditions': {'last_generations': 500, 'min_generation': 1500, 'min_std': 5}, 'generations': 1500, 'group': 'default', 'growth_model_bias': True, 'growth_model_last_layer_activated': False, 'histogram_degree': 0, 'initial_embeddings_random': False, 'initial_sparsity': 1, 'layout': 'random_fixed', 'maximise': True, 'minstd': 0.005, 'mlp_embedding_transform_hidden_layers_dims': [5], 'mlp_growth_hidden_layers_dims': [5], 'mlp_weight_values_bias': True, 'mlp_weight_values_hidden_layers_dims': [5], 'mlp_weight_values_last_layer_activated': True, 'nb_episode_evals': 1, 'nb_growth_evals': 1, 'network_thinking_time_extra_growth': 2, 'network_thinking_time_extra_rollout': 3, 'node_based_growth': True, 'node_embedding_size': 3, 'node_pairs_based_growth': False, 'notes experiment': None, 'number_of_growth_cycles': 6, 'optimizer': 'CMAES', 'persistent_observation_rollout': True, 'popsize': 128, 'print_every': 10, 'probabilistic_growth': False, 'project_name': 'Developmental networks', 'prunning_phase': False, 'prunning_threshold': 0.3, 'recurrent_activation_function': 'tanh', 'render': 1, 'return_loss': 0, 'reward_if_graph_too_small': 200, 'save_model': 1, 'seed': 3410590, 'self_link_allowed_during_querying': False, 'shared_intial_embedding': True, 'shared_intial_graph_bool': True, 'sigma_init': 0.5, 'threads': -1, 'transform_model_bias': True, 'transform_model_last_layer_activated': True, 'undirected': True, 'use_torch': False, 'visualise_network': 0, 'x0_dist': 'U[-1,1]', 'log_gen_time': True, 'snapshot': True, 'show': False, 'nb_eval_seeds': 10, 'balanced_fitness': True, 'operation': 'and', 'mvg': False, 'mvg_ops': ['and', 'or'], 'mvg_switch_interval': 20, 'target': 1.0, 'id': '1789333851', '_path': 'saved_models/1789333851'}

Seed:  3410590
Env_seed:  None
The growth model has 111 trainable parameters
(64_w,128)-aCMA-ES (mu_w=34.2,w_1=6%) in dimension 111 (seed=3410590, Sun Sep 13 22:10:51 2026)

.......................................................

Initilisating CMA-ES with 111 trainable parameters 


--- Starting Evolution ---


Using 16 cores

Baseline (untrained x0 DNA): fitness=0.2161 (raw=0.2) | Nodes: 576

Iterat #Fevals   function value  axis ratio  sigma  min&max std  t[m:s]
    1    128 -8.432416444838805e-01 1.0e+00 4.84e-01  5e-01  5e-01 0:31.3
  Gen    0 | Best: 0.84 (raw: 0.8) | Pop mean: 0.43 | Sigma: 0.4840 | Nodes: 9 (mean 429.9) | 3.3s/gen
   11   1408 -8.432416444838805e-01 1.1e+00 5.70e-01  6e-01  6e-01 2:54.7
  Gen   10 | Best: 0.84 (raw: 0.8) | Pop mean: 0.79 | Sigma: 0.5697 | Nodes: 9 (mean 106.4) | 14.3s/gen
   21   2688 -8.432416444838805e-01 1.2e+00 6.07e-01  6e-01  6e-01 3:22.1
  Gen   20 | Best: 0.84 (raw: 0.8) | Pop mean: 0.81 | Sigma: 0.6070 | Nodes: 9 (mean 27.0) | 2.7s/gen
   31   3968 -8.432416444838805e-01 1.3e+00 6.14e-01  6e-01  6e-01 3:43.7
  Gen   30 | Best: 0.84 (raw: 0.8) | Pop mean: 0.82 | Sigma: 0.6141 | Nodes: 9 (mean 18.1) | 2.2s/gen
   41   5248 -8.432416444838805e-01 1.4e+00 6.21e-01  6e-01  6e-01 4:01.3
  Gen   40 | Best: 0.84 (raw: 0.8) | Pop mean: 0.83 | Sigma: 0.6211 | Nodes: 9 (mean 16.4) | 1.8s/gen
   51   6528 -8.432416444838805e-01 1.4e+00 5.83e-01  6e-01  6e-01 4:13.3
  Gen   50 | Best: 0.84 (raw: 0.8) | Pop mean: 0.82 | Sigma: 0.5833 | Nodes: 9 (mean 9.0) | 1.2s/gen
   61   7808 -8.432416444838805e-01 1.5e+00 5.72e-01  6e-01  6e-01 4:17.5
  Gen   60 | Best: 0.84 (raw: 0.8) | Pop mean: 0.83 | Sigma: 0.5724 | Nodes: 9 (mean 9.0) | 0.4s/gen
   71   9088 -8.432416444838805e-01 1.5e+00 5.56e-01  5e-01  6e-01 4:20.2
  Gen   70 | Best: 0.84 (raw: 0.8) | Pop mean: 0.83 | Sigma: 0.5555 | Nodes: 9 (mean 9.0) | 0.3s/gen
   81  10368 -8.432416444838805e-01 1.6e+00 5.80e-01  6e-01  6e-01 4:22.3
  Gen   80 | Best: 0.84 (raw: 0.8) | Pop mean: 0.83 | Sigma: 0.5798 | Nodes: 9 (mean 9.4) | 0.2s/gen
   91  11648 -8.432416444838805e-01 1.6e+00 5.77e-01  6e-01  6e-01 4:27.0
  Gen   90 | Best: 0.84 (raw: 0.8) | Pop mean: 0.83 | Sigma: 0.5771 | Nodes: 9 (mean 20.0) | 0.5s/gen
Iterat #Fevals   function value  axis ratio  sigma  min&max std  t[m:s]
  101  12928 -8.432416444838805e-01 1.6e+00 5.83e-01  6e-01  6e-01 4:31.1
  Gen  100 | Best: 0.84 (raw: 0.8) | Pop mean: 0.83 | Sigma: 0.5829 | Nodes: 16 (mean 12.8) | 0.4s/gen
  111  14208 -8.432416444838805e-01 1.6e+00 5.69e-01  6e-01  6e-01 4:35.6
  Gen  110 | Best: 0.84 (raw: 0.8) | Pop mean: 0.83 | Sigma: 0.5694 | Nodes: 12 (mean 15.4) | 0.5s/gen
  121  15488 -8.432416444838805e-01 1.7e+00 5.60e-01  5e-01  6e-01 4:40.5
  Gen  120 | Best: 0.84 (raw: 0.8) | Pop mean: 0.83 | Sigma: 0.5601 | Nodes: 12 (mean 20.2) | 0.5s/gen
  131  16768 -8.432416444838805e-01 1.7e+00 5.72e-01  6e-01  6e-01 4:43.7
  Gen  130 | Best: 0.84 (raw: 0.8) | Pop mean: 0.83 | Sigma: 0.5720 | Nodes: 9 (mean 28.5) | 0.3s/gen
  141  18048 -8.432416444838805e-01 1.7e+00 5.86e-01  6e-01  6e-01 4:47.2
  Gen  140 | Best: 0.84 (raw: 0.8) | Pop mean: 0.83 | Sigma: 0.5862 | Nodes: 12 (mean 29.5) | 0.3s/gen
  151  19328 -8.432416444838805e-01 1.7e+00 5.71e-01  6e-01  6e-01 4:54.4
  Gen  150 | Best: 0.84 (raw: 0.8) | Pop mean: 0.83 | Sigma: 0.5708 | Nodes: 24 (mean 27.0) | 0.7s/gen
  161  20608 -8.432416444838805e-01 1.8e+00 5.82e-01  6e-01  6e-01 5:01.8
  Gen  160 | Best: 0.84 (raw: 0.8) | Pop mean: 0.83 | Sigma: 0.5816 | Nodes: 24 (mean 22.5) | 0.7s/gen
  171  21888 -8.432416444838805e-01 1.8e+00 6.05e-01  6e-01  6e-01 5:03.4
  Gen  170 | Best: 0.84 (raw: 0.8) | Pop mean: 0.83 | Sigma: 0.6045 | Nodes: 12 (mean 21.9) | 0.2s/gen
  Gen  180 | Best: 0.84 (raw: 0.8) | Pop mean: 0.83 | Sigma: 0.6391 | Nodes: 16 (mean 28.9) | 0.2s/gen
  Gen  190 | Best: 0.84 (raw: 0.8) | Pop mean: 0.84 | Sigma: 0.6079 | Nodes: 9 (mean 27.5) | 0.2s/gen
Iterat #Fevals   function value  axis ratio  sigma  min&max std  t[m:s]
  Gen  200 | Best: 0.84 (raw: 0.8) | Pop mean: 0.84 | Sigma: 0.5324 | Nodes: 24 (mean 24.9) | 0.2s/gen
  Gen  210 | Best: 0.84 (raw: 0.8) | Pop mean: 0.84 | Sigma: 0.4696 | Nodes: 10 (mean 22.6) | 0.2s/gen
  Gen  220 | Best: 0.84 (raw: 0.8) | Pop mean: 0.84 | Sigma: 0.4215 | Nodes: 9 (mean 19.6) | 0.2s/gen
  231  29568 -8.432416444838805e-01 1.9e+00 3.59e-01  3e-01  4e-01 5:13.9
  Gen  230 | Best: 0.84 (raw: 0.8) | Pop mean: 0.84 | Sigma: 0.3593 | Nodes: 12 (mean 18.5) | 0.2s/gen
  241  30848 -8.432416444838805e-01 2.0e+00 3.20e-01  3e-01  3e-01 5:15.4
  Gen  240 | Best: 0.84 (raw: 0.8) | Pop mean: 0.84 | Sigma: 0.3201 | Nodes: 16 (mean 18.8) | 0.2s/gen
  251  32128 -8.432416444838805e-01 2.0e+00 2.90e-01  3e-01  3e-01 5:16.9
  Gen  250 | Best: 0.84 (raw: 0.8) | Pop mean: 0.84 | Sigma: 0.2896 | Nodes: 12 (mean 17.9) | 0.2s/gen
  261  33408 -8.432416444838805e-01 2.0e+00 2.49e-01  2e-01  3e-01 5:18.5
  Gen  260 | Best: 0.84 (raw: 0.8) | Pop mean: 0.84 | Sigma: 0.2488 | Nodes: 12 (mean 14.8) | 0.2s/gen
  271  34688 -8.432416444838805e-01 2.0e+00 2.19e-01  2e-01  2e-01 5:20.0
  Gen  270 | Best: 0.84 (raw: 0.8) | Pop mean: 0.84 | Sigma: 0.2186 | Nodes: 12 (mean 15.4) | 0.2s/gen
  281  35968 -8.432416444838805e-01 2.1e+00 1.88e-01  2e-01  2e-01 5:21.5
  Gen  280 | Best: 0.84 (raw: 0.8) | Pop mean: 0.84 | Sigma: 0.1881 | Nodes: 12 (mean 12.7) | 0.1s/gen
  291  37248 -8.432416444838805e-01 2.0e+00 1.57e-01  1e-01  2e-01 5:23.0
  Gen  290 | Best: 0.84 (raw: 0.8) | Pop mean: 0.84 | Sigma: 0.1565 | Nodes: 12 (mean 12.6) | 0.2s/gen
Iterat #Fevals   function value  axis ratio  sigma  min&max std  t[m:s]
  301  38528 -8.432416444838805e-01 2.1e+00 1.40e-01  1e-01  1e-01 5:24.6
  Gen  300 | Best: 0.84 (raw: 0.8) | Pop mean: 0.84 | Sigma: 0.1402 | Nodes: 12 (mean 12.2) | 0.2s/gen
  311  39808 -8.432416444838805e-01 2.1e+00 1.21e-01  1e-01  1e-01 5:26.2
  Gen  310 | Best: 0.84 (raw: 0.8) | Pop mean: 0.84 | Sigma: 0.1214 | Nodes: 12 (mean 12.4) | 0.2s/gen
  Gen  320 | Best: 0.84 (raw: 0.8) | Pop mean: 0.84 | Sigma: 0.1077 | Nodes: 30 (mean 12.4) | 0.2s/gen
  331  42368 -8.432416444838805e-01 2.1e+00 9.77e-02  9e-02  1e-01 5:29.3
  Gen  330 | Best: 0.84 (raw: 0.8) | Pop mean: 0.84 | Sigma: 0.0977 | Nodes: 12 (mean 15.8) | 0.2s/gen
  341  43648 -8.432416444838805e-01 2.1e+00 8.61e-02  8e-02  9e-02 5:30.8
  Gen  340 | Best: 0.84 (raw: 0.8) | Pop mean: 0.84 | Sigma: 0.0861 | Nodes: 12 (mean 13.8) | 0.2s/gen
  Gen  350 | Best: 0.84 (raw: 0.8) | Pop mean: 0.84 | Sigma: 0.0767 | Nodes: 12 (mean 12.9) | 0.2s/gen
  Gen  360 | Best: 0.84 (raw: 0.8) | Pop mean: 0.84 | Sigma: 0.0672 | Nodes: 12 (mean 15.4) | 0.2s/gen
  Gen  370 | Best: 0.84 (raw: 0.8) | Pop mean: 0.84 | Sigma: 0.0570 | Nodes: 30 (mean 14.7) | 0.2s/gen
  Gen  380 | Best: 0.84 (raw: 0.8) | Pop mean: 0.84 | Sigma: 0.0569 | Nodes: 30 (mean 16.4) | 0.2s/gen
  Gen  390 | Best: 0.84 (raw: 0.8) | Pop mean: 0.84 | Sigma: 0.0581 | Nodes: 30 (mean 28.1) | 0.2s/gen
Iterat #Fevals   function value  axis ratio  sigma  min&max std  t[m:s]
  Gen  400 | Best: 0.84 (raw: 0.8) | Pop mean: 0.84 | Sigma: 0.0576 | Nodes: 30 (mean 36.8) | 0.2s/gen
  411  52608 -8.437838903677413e-01 2.3e+00 5.93e-02  5e-02  6e-02 5:42.0
  Gen  410 | Best: 0.84 (raw: 0.8) | Pop mean: 0.84 | Sigma: 0.0593 | Nodes: 30 (mean 34.4) | 0.2s/gen
  421  53888 -8.437838903677413e-01 2.3e+00 6.38e-02  6e-02  7e-02 5:43.7
  Gen  420 | Best: 0.84 (raw: 0.8) | Pop mean: 0.84 | Sigma: 0.0638 | Nodes: 30 (mean 35.5) | 0.2s/gen
  431  55168 -8.437838903677413e-01 2.3e+00 6.77e-02  6e-02  7e-02 5:45.4
  Gen  430 | Best: 0.84 (raw: 0.8) | Pop mean: 0.84 | Sigma: 0.0677 | Nodes: 80 (mean 38.0) | 0.2s/gen
  441  56448 -8.437838903677413e-01 2.4e+00 6.93e-02  6e-02  7e-02 5:47.1
  Gen  440 | Best: 0.84 (raw: 0.8) | Pop mean: 0.84 | Sigma: 0.0693 | Nodes: 80 (mean 57.7) | 0.2s/gen
  451  57728 -8.437838903677413e-01 2.4e+00 6.77e-02  6e-02  7e-02 5:49.0
  Gen  450 | Best: 0.84 (raw: 0.8) | Pop mean: 0.84 | Sigma: 0.0677 | Nodes: 80 (mean 67.8) | 0.2s/gen
  461  59008 -8.437838903677413e-01 2.4e+00 6.66e-02  6e-02  7e-02 5:50.9
  Gen  460 | Best: 0.84 (raw: 0.8) | Pop mean: 0.84 | Sigma: 0.0666 | Nodes: 80 (mean 76.4) | 0.2s/gen
  471  60288 -8.437838903677413e-01 2.5e+00 6.33e-02  6e-02  7e-02 5:52.9
  Gen  470 | Best: 0.84 (raw: 0.8) | Pop mean: 0.84 | Sigma: 0.0633 | Nodes: 80 (mean 79.0) | 0.2s/gen
  481  61568 -8.437838903677413e-01 2.5e+00 6.47e-02  6e-02  7e-02 5:55.0
  Gen  480 | Best: 0.84 (raw: 0.8) | Pop mean: 0.84 | Sigma: 0.0647 | Nodes: 80 (mean 79.0) | 0.2s/gen
  491  62848 -8.437838903677413e-01 2.6e+00 6.83e-02  6e-02  7e-02 5:57.1
  Gen  490 | Best: 0.84 (raw: 0.8) | Pop mean: 0.84 | Sigma: 0.0683 | Nodes: 80 (mean 76.7) | 0.2s/gen
Iterat #Fevals   function value  axis ratio  sigma  min&max std  t[m:s]
  501  64128 -8.437838903677413e-01 2.6e+00 6.96e-02  6e-02  7e-02 5:59.3
  Gen  500 | Best: 0.84 (raw: 0.8) | Pop mean: 0.84 | Sigma: 0.0696 | Nodes: 80 (mean 79.4) | 0.2s/gen
  511  65408 -8.437838903677413e-01 2.7e+00 6.81e-02  6e-02  7e-02 6:01.5
  Gen  510 | Best: 0.84 (raw: 0.8) | Pop mean: 0.84 | Sigma: 0.0681 | Nodes: 80 (mean 79.1) | 0.2s/gen
  521  66688 -8.437838903677413e-01 2.7e+00 6.66e-02  6e-02  7e-02 6:03.7
  Gen  520 | Best: 0.84 (raw: 0.8) | Pop mean: 0.84 | Sigma: 0.0666 | Nodes: 80 (mean 78.3) | 0.2s/gen
  531  67968 -8.437838903677413e-01 2.7e+00 6.79e-02  6e-02  7e-02 6:06.4
  Gen  530 | Best: 0.84 (raw: 0.8) | Pop mean: 0.84 | Sigma: 0.0679 | Nodes: 80 (mean 79.4) | 0.3s/gen
  541  69248 -8.437838903677413e-01 2.8e+00 6.67e-02  6e-02  7e-02 6:08.5
  Gen  540 | Best: 0.84 (raw: 0.8) | Pop mean: 0.84 | Sigma: 0.0667 | Nodes: 80 (mean 79.7) | 0.2s/gen
  551  70528 -8.437838903677413e-01 2.8e+00 6.52e-02  6e-02  7e-02 6:10.5
  Gen  550 | Best: 0.84 (raw: 0.8) | Pop mean: 0.84 | Sigma: 0.0652 | Nodes: 80 (mean 80.2) | 0.2s/gen
  561  71808 -8.437838903677413e-01 2.8e+00 6.72e-02  6e-02  7e-02 6:12.7
  Gen  560 | Best: 0.84 (raw: 0.8) | Pop mean: 0.84 | Sigma: 0.0672 | Nodes: 80 (mean 79.6) | 0.2s/gen
  571  73088 -8.437838903677413e-01 2.8e+00 6.66e-02  6e-02  7e-02 6:14.7
  Gen  570 | Best: 0.84 (raw: 0.8) | Pop mean: 0.84 | Sigma: 0.0666 | Nodes: 80 (mean 79.6) | 0.2s/gen
  581  74368 -8.437838903677413e-01 2.8e+00 6.99e-02  6e-02  7e-02 6:16.8
  Gen  580 | Best: 0.84 (raw: 0.8) | Pop mean: 0.84 | Sigma: 0.0699 | Nodes: 80 (mean 77.5) | 0.2s/gen
  591  75648 -8.437838903677413e-01 2.8e+00 6.90e-02  6e-02  7e-02 6:18.9
  Gen  590 | Best: 0.84 (raw: 0.8) | Pop mean: 0.84 | Sigma: 0.0690 | Nodes: 80 (mean 79.0) | 0.2s/gen
Iterat #Fevals   function value  axis ratio  sigma  min&max std  t[m:s]
  601  76928 -8.437838903677413e-01 2.8e+00 6.80e-02  6e-02  7e-02 6:21.1
  Gen  600 | Best: 0.84 (raw: 0.8) | Pop mean: 0.84 | Sigma: 0.0680 | Nodes: 80 (mean 78.2) | 0.2s/gen
  611  78208 -8.437838903677413e-01 2.9e+00 6.81e-02  6e-02  7e-02 6:23.1
  Gen  610 | Best: 0.84 (raw: 0.8) | Pop mean: 0.84 | Sigma: 0.0681 | Nodes: 80 (mean 77.4) | 0.2s/gen
  621  79488 -8.437838903677413e-01 2.9e+00 6.67e-02  6e-02  7e-02 6:25.2
  Gen  620 | Best: 0.84 (raw: 0.8) | Pop mean: 0.84 | Sigma: 0.0667 | Nodes: 80 (mean 79.9) | 0.2s/gen
  631  80768 -8.437838903677413e-01 2.9e+00 6.51e-02  6e-02  7e-02 6:27.4
  Gen  630 | Best: 0.84 (raw: 0.8) | Pop mean: 0.84 | Sigma: 0.0651 | Nodes: 80 (mean 80.5) | 0.2s/gen
  641  82048 -8.437838903677413e-01 2.9e+00 6.45e-02  6e-02  7e-02 6:29.7
  Gen  640 | Best: 0.84 (raw: 0.8) | Pop mean: 0.84 | Sigma: 0.0645 | Nodes: 80 (mean 80.6) | 0.2s/gen
  651  83328 -8.437838903677413e-01 2.9e+00 6.52e-02  6e-02  7e-02 6:31.9
  Gen  650 | Best: 0.84 (raw: 0.8) | Pop mean: 0.84 | Sigma: 0.0652 | Nodes: 80 (mean 81.2) | 0.2s/gen
  661  84608 -8.437838903677413e-01 3.0e+00 6.73e-02  6e-02  7e-02 6:34.4
  Gen  660 | Best: 0.84 (raw: 0.8) | Pop mean: 0.84 | Sigma: 0.0673 | Nodes: 80 (mean 80.2) | 0.3s/gen
  671  85888 -8.437838903677413e-01 3.0e+00 6.70e-02  6e-02  7e-02 6:36.4
  Gen  670 | Best: 0.84 (raw: 0.8) | Pop mean: 0.84 | Sigma: 0.0670 | Nodes: 80 (mean 80.2) | 0.2s/gen
  681  87168 -8.437838903677413e-01 3.0e+00 6.59e-02  6e-02  7e-02 6:38.5
  Gen  680 | Best: 0.84 (raw: 0.8) | Pop mean: 0.84 | Sigma: 0.0659 | Nodes: 80 (mean 80.5) | 0.2s/gen
  691  88448 -8.437838903677413e-01 3.0e+00 6.35e-02  5e-02  7e-02 6:40.5
  Gen  690 | Best: 0.84 (raw: 0.8) | Pop mean: 0.84 | Sigma: 0.0635 | Nodes: 80 (mean 79.4) | 0.2s/gen
Iterat #Fevals   function value  axis ratio  sigma  min&max std  t[m:s]
  701  89728 -8.437838903677413e-01 3.0e+00 6.47e-02  6e-02  7e-02 6:42.7
  Gen  700 | Best: 0.84 (raw: 0.8) | Pop mean: 0.84 | Sigma: 0.0647 | Nodes: 80 (mean 79.3) | 0.2s/gen
  711  91008 -8.437838903677413e-01 3.1e+00 6.30e-02  5e-02  6e-02 6:44.9
  Gen  710 | Best: 0.84 (raw: 0.8) | Pop mean: 0.84 | Sigma: 0.0630 | Nodes: 80 (mean 79.0) | 0.2s/gen
  721  92288 -8.437838903677413e-01 3.1e+00 6.14e-02  5e-02  6e-02 6:46.9
  Gen  720 | Best: 0.84 (raw: 0.8) | Pop mean: 0.84 | Sigma: 0.0614 | Nodes: 80 (mean 79.4) | 0.2s/gen
  731  93568 -8.437838903677413e-01 3.1e+00 6.09e-02  5e-02  6e-02 6:49.5
  Gen  730 | Best: 0.84 (raw: 0.8) | Pop mean: 0.84 | Sigma: 0.0609 | Nodes: 80 (mean 79.3) | 0.3s/gen
  741  94848 -8.437838903677413e-01 3.1e+00 5.93e-02  5e-02  6e-02 6:51.6
  Gen  740 | Best: 0.84 (raw: 0.8) | Pop mean: 0.84 | Sigma: 0.0593 | Nodes: 80 (mean 79.5) | 0.2s/gen
  751  96128 -8.437838903677413e-01 3.2e+00 6.07e-02  5e-02  6e-02 6:53.8
  Gen  750 | Best: 0.84 (raw: 0.8) | Pop mean: 0.84 | Sigma: 0.0607 | Nodes: 80 (mean 79.3) | 0.2s/gen
  761  97408 -8.437838903677413e-01 3.2e+00 5.86e-02  5e-02  6e-02 6:55.9
  Gen  760 | Best: 0.84 (raw: 0.8) | Pop mean: 0.84 | Sigma: 0.0586 | Nodes: 80 (mean 78.7) | 0.2s/gen
  771  98688 -8.437838903677413e-01 3.2e+00 6.01e-02  5e-02  6e-02 6:58.1
  Gen  770 | Best: 0.84 (raw: 0.8) | Pop mean: 0.84 | Sigma: 0.0601 | Nodes: 80 (mean 80.5) | 0.2s/gen
  781  99968 -8.437838903677413e-01 3.3e+00 5.67e-02  5e-02  6e-02 7:00.2
  Gen  780 | Best: 0.84 (raw: 0.8) | Pop mean: 0.84 | Sigma: 0.0567 | Nodes: 80 (mean 79.7) | 0.2s/gen
  791 101248 -8.437838903677413e-01 3.3e+00 5.51e-02  5e-02  6e-02 7:02.4
  Gen  790 | Best: 0.84 (raw: 0.8) | Pop mean: 0.84 | Sigma: 0.0551 | Nodes: 80 (mean 79.9) | 0.2s/gen
Iterat #Fevals   function value  axis ratio  sigma  min&max std  t[m:s]
  801 102528 -8.437838903677413e-01 3.3e+00 5.13e-02  4e-02  5e-02 7:04.7
  Gen  800 | Best: 0.84 (raw: 0.8) | Pop mean: 0.84 | Sigma: 0.0513 | Nodes: 80 (mean 80.0) | 0.2s/gen
  811 103808 -8.437838903677413e-01 3.3e+00 5.24e-02  5e-02  5e-02 7:06.8
  Gen  810 | Best: 0.84 (raw: 0.8) | Pop mean: 0.84 | Sigma: 0.0524 | Nodes: 80 (mean 80.0) | 0.2s/gen
  821 105088 -8.437838903677413e-01 3.3e+00 5.42e-02  5e-02  6e-02 7:09.0
  Gen  820 | Best: 0.84 (raw: 0.8) | Pop mean: 0.84 | Sigma: 0.0542 | Nodes: 80 (mean 80.0) | 0.2s/gen
  831 106368 -8.437838903677413e-01 3.3e+00 5.50e-02  5e-02  6e-02 7:11.3
  Gen  830 | Best: 0.84 (raw: 0.8) | Pop mean: 0.84 | Sigma: 0.0550 | Nodes: 80 (mean 80.0) | 0.2s/gen
  841 107648 -8.437838903677413e-01 3.4e+00 5.35e-02  5e-02  6e-02 7:13.5
  Gen  840 | Best: 0.84 (raw: 0.8) | Pop mean: 0.84 | Sigma: 0.0535 | Nodes: 80 (mean 80.0) | 0.2s/gen
  851 108928 -8.437838903677413e-01 3.4e+00 5.38e-02  5e-02  6e-02 7:15.6
  Gen  850 | Best: 0.84 (raw: 0.8) | Pop mean: 0.84 | Sigma: 0.0538 | Nodes: 80 (mean 79.9) | 0.2s/gen
  861 110208 -8.437838903677413e-01 3.4e+00 5.35e-02  5e-02  6e-02 7:17.7
  Gen  860 | Best: 0.84 (raw: 0.8) | Pop mean: 0.84 | Sigma: 0.0535 | Nodes: 80 (mean 80.0) | 0.2s/gen
  871 111488 -8.437838903677413e-01 3.4e+00 5.37e-02  5e-02  6e-02 7:19.8
  Gen  870 | Best: 0.84 (raw: 0.8) | Pop mean: 0.84 | Sigma: 0.0537 | Nodes: 80 (mean 80.0) | 0.2s/gen
  881 112768 -8.437838903677413e-01 3.4e+00 5.50e-02  5e-02  6e-02 7:21.9
  Gen  880 | Best: 0.84 (raw: 0.8) | Pop mean: 0.84 | Sigma: 0.0550 | Nodes: 80 (mean 80.0) | 0.2s/gen
  891 114048 -8.437838903677413e-01 3.4e+00 5.53e-02  5e-02  6e-02 7:24.1
  Gen  890 | Best: 0.84 (raw: 0.8) | Pop mean: 0.84 | Sigma: 0.0553 | Nodes: 80 (mean 80.0) | 0.2s/gen
Iterat #Fevals   function value  axis ratio  sigma  min&max std  t[m:s]
  901 115328 -8.437838903677413e-01 3.4e+00 5.73e-02  5e-02  6e-02 7:26.4
  Gen  900 | Best: 0.84 (raw: 0.8) | Pop mean: 0.84 | Sigma: 0.0573 | Nodes: 80 (mean 80.0) | 0.2s/gen
  911 116608 -8.437838903677413e-01 3.4e+00 5.54e-02  5e-02  6e-02 7:28.5
  Gen  910 | Best: 0.84 (raw: 0.8) | Pop mean: 0.84 | Sigma: 0.0554 | Nodes: 80 (mean 80.0) | 0.2s/gen
  921 117888 -8.437838903677413e-01 3.4e+00 5.39e-02  5e-02  6e-02 7:30.7
  Gen  920 | Best: 0.84 (raw: 0.8) | Pop mean: 0.84 | Sigma: 0.0539 | Nodes: 80 (mean 79.7) | 0.2s/gen
  931 119168 -8.437838903677413e-01 3.4e+00 5.46e-02  5e-02  6e-02 7:32.8
  Gen  930 | Best: 0.84 (raw: 0.8) | Pop mean: 0.84 | Sigma: 0.0546 | Nodes: 80 (mean 80.0) | 0.2s/gen
  941 120448 -8.437838903677413e-01 3.4e+00 5.35e-02  5e-02  6e-02 7:35.1
  Gen  940 | Best: 0.84 (raw: 0.8) | Pop mean: 0.84 | Sigma: 0.0535 | Nodes: 80 (mean 80.0) | 0.2s/gen
  951 121728 -8.437838903677413e-01 3.4e+00 5.36e-02  5e-02  6e-02 7:37.9
  Gen  950 | Best: 0.84 (raw: 0.8) | Pop mean: 0.84 | Sigma: 0.0536 | Nodes: 80 (mean 80.0) | 0.3s/gen
  961 123008 -8.437838903677413e-01 3.4e+00 5.49e-02  5e-02  6e-02 7:40.0
  Gen  960 | Best: 0.84 (raw: 0.8) | Pop mean: 0.84 | Sigma: 0.0549 | Nodes: 80 (mean 79.7) | 0.2s/gen
  971 124288 -8.437838903677413e-01 3.4e+00 5.69e-02  5e-02  6e-02 7:42.0
  Gen  970 | Best: 0.84 (raw: 0.8) | Pop mean: 0.84 | Sigma: 0.0569 | Nodes: 80 (mean 80.0) | 0.2s/gen
  981 125568 -8.437838903677413e-01 3.4e+00 5.35e-02  5e-02  6e-02 7:44.2
  Gen  980 | Best: 0.84 (raw: 0.8) | Pop mean: 0.84 | Sigma: 0.0535 | Nodes: 80 (mean 79.7) | 0.2s/gen
  991 126848 -8.437838903677413e-01 3.4e+00 5.43e-02  5e-02  6e-02 7:46.4
  Gen  990 | Best: 0.84 (raw: 0.8) | Pop mean: 0.84 | Sigma: 0.0543 | Nodes: 80 (mean 79.9) | 0.2s/gen
Iterat #Fevals   function value  axis ratio  sigma  min&max std  t[m:s]
 1001 128128 -8.437838903677413e-01 3.4e+00 5.44e-02  5e-02  6e-02 7:48.6
  Gen 1000 | Best: 0.84 (raw: 0.8) | Pop mean: 0.84 | Sigma: 0.0544 | Nodes: 80 (mean 80.1) | 0.2s/gen
 1011 129408 -8.437838903677413e-01 3.4e+00 5.39e-02  5e-02  6e-02 7:50.7
  Gen 1010 | Best: 0.84 (raw: 0.8) | Pop mean: 0.84 | Sigma: 0.0539 | Nodes: 80 (mean 79.8) | 0.2s/gen
 1021 130688 -8.437838903677413e-01 3.4e+00 5.38e-02  5e-02  6e-02 7:53.0
  Gen 1020 | Best: 0.84 (raw: 0.8) | Pop mean: 0.84 | Sigma: 0.0538 | Nodes: 80 (mean 79.6) | 0.2s/gen
 1031 131968 -8.437838903677413e-01 3.5e+00 5.49e-02  5e-02  6e-02 7:55.2
  Gen 1030 | Best: 0.84 (raw: 0.8) | Pop mean: 0.84 | Sigma: 0.0549 | Nodes: 80 (mean 79.4) | 0.2s/gen
 1041 133248 -8.437838903677413e-01 3.5e+00 5.37e-02  5e-02  6e-02 7:57.4
  Gen 1040 | Best: 0.84 (raw: 0.8) | Pop mean: 0.84 | Sigma: 0.0537 | Nodes: 80 (mean 79.9) | 0.2s/gen
 1051 134528 -8.437838903677413e-01 3.5e+00 4.97e-02  4e-02  5e-02 7:59.5
  Gen 1050 | Best: 0.84 (raw: 0.8) | Pop mean: 0.84 | Sigma: 0.0497 | Nodes: 80 (mean 79.9) | 0.2s/gen
 1061 135808 -8.437838903677413e-01 3.5e+00 4.97e-02  4e-02  5e-02 8:01.6
  Gen 1060 | Best: 0.84 (raw: 0.8) | Pop mean: 0.84 | Sigma: 0.0497 | Nodes: 80 (mean 80.0) | 0.2s/gen
 1071 137088 -8.437838903677413e-01 3.5e+00 5.20e-02  4e-02  6e-02 8:03.7
  Gen 1070 | Best: 0.84 (raw: 0.8) | Pop mean: 0.84 | Sigma: 0.0520 | Nodes: 80 (mean 80.5) | 0.2s/gen
 1081 138368 -8.437838903677413e-01 3.6e+00 4.86e-02  4e-02  5e-02 8:05.8
  Gen 1080 | Best: 0.84 (raw: 0.8) | Pop mean: 0.84 | Sigma: 0.0486 | Nodes: 80 (mean 79.9) | 0.2s/gen
 1091 139648 -8.437838903677413e-01 3.6e+00 4.76e-02  4e-02  5e-02 8:07.9
  Gen 1090 | Best: 0.84 (raw: 0.8) | Pop mean: 0.84 | Sigma: 0.0476 | Nodes: 80 (mean 80.0) | 0.2s/gen
Iterat #Fevals   function value  axis ratio  sigma  min&max std  t[m:s]
 1101 140928 -8.437838903677413e-01 3.6e+00 4.71e-02  4e-02  5e-02 8:10.1
  Gen 1100 | Best: 0.84 (raw: 0.8) | Pop mean: 0.84 | Sigma: 0.0471 | Nodes: 80 (mean 80.0) | 0.2s/gen
 1111 142208 -8.437838903677413e-01 3.6e+00 5.00e-02  4e-02  5e-02 8:12.3
  Gen 1110 | Best: 0.84 (raw: 0.8) | Pop mean: 0.84 | Sigma: 0.0500 | Nodes: 80 (mean 80.0) | 0.2s/gen
 1121 143488 -8.437838903677413e-01 3.7e+00 5.16e-02  4e-02  6e-02 8:14.4
  Gen 1120 | Best: 0.84 (raw: 0.8) | Pop mean: 0.84 | Sigma: 0.0516 | Nodes: 80 (mean 80.0) | 0.2s/gen
 1131 144768 -8.437838903677413e-01 3.7e+00 5.22e-02  4e-02  6e-02 8:16.6
  Gen 1130 | Best: 0.84 (raw: 0.8) | Pop mean: 0.84 | Sigma: 0.0522 | Nodes: 80 (mean 79.6) | 0.2s/gen
 1141 146048 -8.437838903677413e-01 3.7e+00 5.15e-02  4e-02  6e-02 8:18.7
  Gen 1140 | Best: 0.84 (raw: 0.8) | Pop mean: 0.84 | Sigma: 0.0515 | Nodes: 80 (mean 79.7) | 0.2s/gen
 1151 147328 -8.437838903677413e-01 3.7e+00 5.35e-02  5e-02  6e-02 8:20.8
  Gen 1150 | Best: 0.84 (raw: 0.8) | Pop mean: 0.84 | Sigma: 0.0535 | Nodes: 80 (mean 77.8) | 0.2s/gen
 1161 148608 -8.437838903677413e-01 3.7e+00 5.11e-02  4e-02  6e-02 8:23.0
  Gen 1160 | Best: 0.84 (raw: 0.8) | Pop mean: 0.84 | Sigma: 0.0511 | Nodes: 80 (mean 79.9) | 0.2s/gen
 1171 149888 -8.437838903677413e-01 3.7e+00 4.92e-02  4e-02  5e-02 8:25.1
  Gen 1170 | Best: 0.84 (raw: 0.8) | Pop mean: 0.84 | Sigma: 0.0492 | Nodes: 80 (mean 79.8) | 0.2s/gen
 1181 151168 -8.437838903677413e-01 3.7e+00 5.05e-02  4e-02  5e-02 8:27.2
  Gen 1180 | Best: 0.84 (raw: 0.8) | Pop mean: 0.84 | Sigma: 0.0505 | Nodes: 80 (mean 80.0) | 0.2s/gen
 1191 152448 -8.437838903677413e-01 3.8e+00 4.80e-02  4e-02  5e-02 8:29.4
  Gen 1190 | Best: 0.84 (raw: 0.8) | Pop mean: 0.84 | Sigma: 0.0480 | Nodes: 80 (mean 80.0) | 0.2s/gen
Iterat #Fevals   function value  axis ratio  sigma  min&max std  t[m:s]
 1201 153728 -8.437838903677413e-01 3.8e+00 4.49e-02  4e-02  5e-02 8:31.5
  Gen 1200 | Best: 0.84 (raw: 0.8) | Pop mean: 0.84 | Sigma: 0.0449 | Nodes: 80 (mean 80.0) | 0.2s/gen
 1211 155008 -8.437838903677413e-01 3.8e+00 4.48e-02  4e-02  5e-02 8:33.8
  Gen 1210 | Best: 0.84 (raw: 0.8) | Pop mean: 0.84 | Sigma: 0.0448 | Nodes: 80 (mean 80.0) | 0.2s/gen
 1221 156288 -8.437838903677413e-01 3.8e+00 4.53e-02  4e-02  5e-02 8:35.9
  Gen 1220 | Best: 0.84 (raw: 0.8) | Pop mean: 0.84 | Sigma: 0.0453 | Nodes: 80 (mean 80.0) | 0.2s/gen
 1231 157568 -8.437838903677413e-01 3.9e+00 4.56e-02  4e-02  5e-02 8:38.1
  Gen 1230 | Best: 0.84 (raw: 0.8) | Pop mean: 0.84 | Sigma: 0.0456 | Nodes: 80 (mean 80.0) | 0.2s/gen
 1241 158848 -8.437838903677413e-01 3.9e+00 4.82e-02  4e-02  5e-02 8:40.2
  Gen 1240 | Best: 0.84 (raw: 0.8) | Pop mean: 0.84 | Sigma: 0.0482 | Nodes: 80 (mean 79.7) | 0.2s/gen
 1251 160128 -8.437838903677413e-01 3.9e+00 4.91e-02  4e-02  5e-02 8:42.3
  Gen 1250 | Best: 0.84 (raw: 0.8) | Pop mean: 0.84 | Sigma: 0.0491 | Nodes: 80 (mean 80.2) | 0.2s/gen
 1261 161408 -8.437838903677413e-01 3.9e+00 4.59e-02  4e-02  5e-02 8:44.4
  Gen 1260 | Best: 0.84 (raw: 0.8) | Pop mean: 0.84 | Sigma: 0.0459 | Nodes: 80 (mean 80.0) | 0.2s/gen
 1271 162688 -8.437838903677413e-01 3.9e+00 4.59e-02  4e-02  5e-02 8:46.5
  Gen 1270 | Best: 0.84 (raw: 0.8) | Pop mean: 0.84 | Sigma: 0.0459 | Nodes: 80 (mean 80.0) | 0.2s/gen
 1281 163968 -8.437838903677413e-01 3.9e+00 4.74e-02  4e-02  5e-02 8:48.7
  Gen 1280 | Best: 0.84 (raw: 0.8) | Pop mean: 0.84 | Sigma: 0.0474 | Nodes: 80 (mean 80.0) | 0.2s/gen
 1291 165248 -8.437838903677413e-01 3.9e+00 4.59e-02  4e-02  5e-02 8:50.7
  Gen 1290 | Best: 0.84 (raw: 0.8) | Pop mean: 0.84 | Sigma: 0.0459 | Nodes: 80 (mean 79.9) | 0.2s/gen
Iterat #Fevals   function value  axis ratio  sigma  min&max std  t[m:s]
 1301 166528 -8.437838903677413e-01 3.9e+00 4.14e-02  4e-02  4e-02 8:52.9
  Gen 1300 | Best: 0.84 (raw: 0.8) | Pop mean: 0.84 | Sigma: 0.0414 | Nodes: 80 (mean 79.7) | 0.2s/gen
 1311 167808 -8.437838903677413e-01 3.9e+00 4.08e-02  4e-02  4e-02 8:55.0
  Gen 1310 | Best: 0.84 (raw: 0.8) | Pop mean: 0.84 | Sigma: 0.0408 | Nodes: 80 (mean 80.0) | 0.2s/gen
 1321 169088 -8.437838903677413e-01 3.9e+00 4.02e-02  3e-02  4e-02 8:57.0
  Gen 1320 | Best: 0.84 (raw: 0.8) | Pop mean: 0.84 | Sigma: 0.0402 | Nodes: 80 (mean 80.0) | 0.2s/gen
 1331 170368 -8.437838903677413e-01 3.9e+00 4.31e-02  4e-02  5e-02 8:59.2
  Gen 1330 | Best: 0.84 (raw: 0.8) | Pop mean: 0.84 | Sigma: 0.0431 | Nodes: 80 (mean 80.0) | 0.2s/gen
 1341 171648 -8.437838903677413e-01 4.0e+00 4.17e-02  4e-02  5e-02 9:01.3
  Gen 1340 | Best: 0.84 (raw: 0.8) | Pop mean: 0.84 | Sigma: 0.0417 | Nodes: 80 (mean 79.8) | 0.2s/gen
 1351 172928 -8.437838903677413e-01 4.0e+00 4.07e-02  3e-02  4e-02 9:03.4
  Gen 1350 | Best: 0.84 (raw: 0.8) | Pop mean: 0.84 | Sigma: 0.0407 | Nodes: 80 (mean 80.0) | 0.2s/gen
 1361 174208 -8.437838903677413e-01 4.0e+00 4.17e-02  4e-02  5e-02 9:05.5
  Gen 1360 | Best: 0.84 (raw: 0.8) | Pop mean: 0.84 | Sigma: 0.0417 | Nodes: 80 (mean 80.0) | 0.2s/gen
 1371 175488 -8.437838903677413e-01 4.0e+00 4.06e-02  3e-02  4e-02 9:07.8
  Gen 1370 | Best: 0.84 (raw: 0.8) | Pop mean: 0.84 | Sigma: 0.0406 | Nodes: 80 (mean 80.2) | 0.2s/gen
 1381 176768 -8.437838903677413e-01 4.0e+00 4.26e-02  4e-02  5e-02 9:09.9
  Gen 1380 | Best: 0.84 (raw: 0.8) | Pop mean: 0.84 | Sigma: 0.0426 | Nodes: 80 (mean 80.0) | 0.2s/gen
 1391 178048 -8.437838903677413e-01 4.0e+00 4.18e-02  4e-02  5e-02 9:12.2
  Gen 1390 | Best: 0.84 (raw: 0.8) | Pop mean: 0.84 | Sigma: 0.0418 | Nodes: 80 (mean 80.0) | 0.2s/gen
Iterat #Fevals   function value  axis ratio  sigma  min&max std  t[m:s]
 1401 179328 -8.437838903677413e-01 4.0e+00 4.37e-02  4e-02  5e-02 9:14.4
  Gen 1400 | Best: 0.84 (raw: 0.8) | Pop mean: 0.84 | Sigma: 0.0437 | Nodes: 80 (mean 80.0) | 0.2s/gen
 1411 180608 -8.437838903677413e-01 4.0e+00 4.58e-02  4e-02  5e-02 9:16.6
  Gen 1410 | Best: 0.84 (raw: 0.8) | Pop mean: 0.84 | Sigma: 0.0458 | Nodes: 80 (mean 80.0) | 0.2s/gen
 1421 181888 -8.437838903677413e-01 4.1e+00 4.83e-02  4e-02  5e-02 9:18.8
  Gen 1420 | Best: 0.84 (raw: 0.8) | Pop mean: 0.84 | Sigma: 0.0483 | Nodes: 80 (mean 80.0) | 0.2s/gen
 1431 183168 -8.437838903677413e-01 4.1e+00 5.01e-02  4e-02  5e-02 9:21.0
  Gen 1430 | Best: 0.84 (raw: 0.8) | Pop mean: 0.84 | Sigma: 0.0501 | Nodes: 80 (mean 80.0) | 0.2s/gen
 1441 184448 -8.437838903677413e-01 4.1e+00 5.37e-02  5e-02  6e-02 9:23.1
  Gen 1440 | Best: 0.84 (raw: 0.8) | Pop mean: 0.84 | Sigma: 0.0537 | Nodes: 80 (mean 80.0) | 0.2s/gen
 1451 185728 -8.437838903677413e-01 4.1e+00 5.56e-02  5e-02  6e-02 9:25.2
  Gen 1450 | Best: 0.84 (raw: 0.8) | Pop mean: 0.84 | Sigma: 0.0556 | Nodes: 80 (mean 79.4) | 0.2s/gen
 1461 187008 -8.437838903677413e-01 4.1e+00 5.39e-02  5e-02  6e-02 9:27.2
  Gen 1460 | Best: 0.84 (raw: 0.8) | Pop mean: 0.84 | Sigma: 0.0539 | Nodes: 80 (mean 79.7) | 0.2s/gen
 1471 188288 -8.437838903677413e-01 4.1e+00 5.19e-02  4e-02  6e-02 9:29.3
  Gen 1470 | Best: 0.84 (raw: 0.8) | Pop mean: 0.84 | Sigma: 0.0519 | Nodes: 80 (mean 80.2) | 0.2s/gen
 1481 189568 -8.437838903677413e-01 4.2e+00 5.18e-02  4e-02  6e-02 9:31.4
  Gen 1480 | Best: 0.84 (raw: 0.8) | Pop mean: 0.84 | Sigma: 0.0518 | Nodes: 80 (mean 80.0) | 0.2s/gen
 1491 190848 -8.437838903677413e-01 4.2e+00 5.30e-02  5e-02  6e-02 9:33.5
  Gen 1490 | Best: 0.84 (raw: 0.8) | Pop mean: 0.84 | Sigma: 0.0530 | Nodes: 80 (mean 79.7) | 0.2s/gen
[1789303257] archived 1500 generations | best-ever matches log: True | pop mean matches log: True | final genome matches saved: True | VERIFIED=True

[1789303833] replaying ...
Model ID: 1789334433

Config:
{'CMA_elitist': True, 'NN_transform_node_embedding_during_growth': True, 'additive_update': False, 'arrows': True, 'balanced_weights': False, 'binary_connectivity': False, 'checkpoint_id': None, 'coevolve_initial_embeddings': True, 'dev_mode': 0, 'device': 0, 'early_stopping': False, 'early_stopping_conditions': {'generation': 500, 'objective_value': -3}, 'edge_based_growth': False, 'env_seed': None, 'environment': 'KA_retina', 'evolution_feval_check_N': 10, 'evolution_feval_check_every': 2000, 'extra_nodes': -1, 'fewer_edges': False, 'fewer_nodes': False, 'flattening_stopping': False, 'flattening_stopping_conditions': {'last_generations': 500, 'min_generation': 1500, 'min_std': 5}, 'generations': 1500, 'group': 'default', 'growth_model_bias': True, 'growth_model_last_layer_activated': False, 'histogram_degree': 0, 'initial_embeddings_random': False, 'initial_sparsity': 1, 'layout': 'random_fixed', 'maximise': True, 'minstd': 0.005, 'mlp_embedding_transform_hidden_layers_dims': [5], 'mlp_growth_hidden_layers_dims': [5], 'mlp_weight_values_bias': True, 'mlp_weight_values_hidden_layers_dims': [5], 'mlp_weight_values_last_layer_activated': True, 'nb_episode_evals': 1, 'nb_growth_evals': 1, 'network_thinking_time_extra_growth': 2, 'network_thinking_time_extra_rollout': 3, 'node_based_growth': True, 'node_embedding_size': 3, 'node_pairs_based_growth': False, 'notes experiment': None, 'number_of_growth_cycles': 6, 'optimizer': 'CMAES', 'persistent_observation_rollout': True, 'popsize': 128, 'print_every': 10, 'probabilistic_growth': False, 'project_name': 'Developmental networks', 'prunning_phase': False, 'prunning_threshold': 0.3, 'recurrent_activation_function': 'tanh', 'render': 1, 'return_loss': 0, 'reward_if_graph_too_small': 200, 'save_model': 1, 'seed': 7345678, 'self_link_allowed_during_querying': False, 'shared_intial_embedding': True, 'shared_intial_graph_bool': True, 'sigma_init': 0.5, 'threads': -1, 'transform_model_bias': True, 'transform_model_last_layer_activated': True, 'undirected': True, 'use_torch': False, 'visualise_network': 0, 'x0_dist': 'U[-1,1]', 'log_gen_time': True, 'snapshot': True, 'show': False, 'nb_eval_seeds': 10, 'balanced_fitness': True, 'operation': 'and', 'mvg': False, 'mvg_ops': ['and', 'or'], 'mvg_switch_interval': 20, 'target': 1.0, 'id': '1789334433', '_path': 'saved_models/1789334433'}

Seed:  7345678
Env_seed:  None
The growth model has 111 trainable parameters
(64_w,128)-aCMA-ES (mu_w=34.2,w_1=6%) in dimension 111 (seed=7345678, Sun Sep 13 22:20:33 2026)

.......................................................

Initilisating CMA-ES with 111 trainable parameters 


--- Starting Evolution ---


Using 16 cores

Baseline (untrained x0 DNA): fitness=0.7839 (raw=0.8) | Nodes: 9

Iterat #Fevals   function value  axis ratio  sigma  min&max std  t[m:s]
    1    128 -8.432416444838805e-01 1.0e+00 4.87e-01  5e-01  5e-01 0:09.1
  Gen    0 | Best: 0.84 (raw: 0.8) | Pop mean: 0.50 | Sigma: 0.4872 | Nodes: 9 (mean 50.4) | 0.9s/gen
   11   1408 -8.432416444838805e-01 1.1e+00 5.37e-01  5e-01  5e-01 0:42.2
  Gen   10 | Best: 0.84 (raw: 0.8) | Pop mean: 0.82 | Sigma: 0.5367 | Nodes: 9 (mean 24.2) | 3.3s/gen
   21   2688 -8.432416444838805e-01 1.2e+00 5.61e-01  6e-01  6e-01 1:01.5
  Gen   20 | Best: 0.84 (raw: 0.8) | Pop mean: 0.82 | Sigma: 0.5606 | Nodes: 9 (mean 18.1) | 1.9s/gen
   31   3968 -8.432416444838805e-01 1.3e+00 5.63e-01  6e-01  6e-01 1:24.4
  Gen   30 | Best: 0.84 (raw: 0.8) | Pop mean: 0.82 | Sigma: 0.5631 | Nodes: 9 (mean 47.5) | 2.3s/gen
   41   5248 -8.432416444838805e-01 1.3e+00 5.41e-01  5e-01  6e-01 1:50.4
  Gen   40 | Best: 0.84 (raw: 0.8) | Pop mean: 0.82 | Sigma: 0.5411 | Nodes: 12 (mean 40.0) | 2.6s/gen
   51   6528 -8.432416444838805e-01 1.4e+00 5.41e-01  5e-01  6e-01 2:13.0
  Gen   50 | Best: 0.84 (raw: 0.8) | Pop mean: 0.83 | Sigma: 0.5405 | Nodes: 9 (mean 31.3) | 2.3s/gen
   61   7808 -8.432416444838805e-01 1.4e+00 5.41e-01  5e-01  6e-01 2:27.8
  Gen   60 | Best: 0.84 (raw: 0.8) | Pop mean: 0.83 | Sigma: 0.5408 | Nodes: 20 (mean 18.1) | 1.5s/gen
   71   9088 -8.437838903677413e-01 1.5e+00 5.74e-01  6e-01  6e-01 2:53.5
  Gen   70 | Best: 0.84 (raw: 0.8) | Pop mean: 0.82 | Sigma: 0.5743 | Nodes: 40 (mean 42.5) | 2.6s/gen
   81  10368 -8.432416444838805e-01 1.5e+00 5.82e-01  6e-01  6e-01 3:09.4
  Gen   80 | Best: 0.84 (raw: 0.8) | Pop mean: 0.83 | Sigma: 0.5818 | Nodes: 36 (mean 42.9) | 1.6s/gen
   91  11648 -8.432416444838805e-01 1.6e+00 5.11e-01  5e-01  5e-01 3:25.8
  Gen   90 | Best: 0.84 (raw: 0.8) | Pop mean: 0.83 | Sigma: 0.5112 | Nodes: 9 (mean 32.4) | 1.6s/gen
Iterat #Fevals   function value  axis ratio  sigma  min&max std  t[m:s]
  Gen  100 | Best: 0.84 (raw: 0.8) | Pop mean: 0.83 | Sigma: 0.4345 | Nodes: 16 (mean 26.5) | 0.7s/gen
  111  14208 -8.432416444838805e-01 1.7e+00 3.99e-01  4e-01  4e-01 3:36.1
  Gen  110 | Best: 0.84 (raw: 0.8) | Pop mean: 0.82 | Sigma: 0.3989 | Nodes: 12 (mean 28.4) | 0.3s/gen
  Gen  120 | Best: 0.84 (raw: 0.8) | Pop mean: 0.83 | Sigma: 0.3482 | Nodes: 32 (mean 24.1) | 0.2s/gen
  Gen  130 | Best: 0.84 (raw: 0.8) | Pop mean: 0.83 | Sigma: 0.3041 | Nodes: 12 (mean 26.4) | 0.3s/gen
  Gen  140 | Best: 0.84 (raw: 0.8) | Pop mean: 0.84 | Sigma: 0.2674 | Nodes: 24 (mean 30.8) | 0.2s/gen
  Gen  150 | Best: 0.84 (raw: 0.8) | Pop mean: 0.83 | Sigma: 0.2303 | Nodes: 24 (mean 27.6) | 0.2s/gen
  161  20608 -8.437838903677413e-01 1.7e+00 1.97e-01  2e-01  2e-01 3:47.5
  Gen  160 | Best: 0.84 (raw: 0.8) | Pop mean: 0.83 | Sigma: 0.1971 | Nodes: 64 (mean 37.8) | 0.3s/gen
  Gen  170 | Best: 0.84 (raw: 0.8) | Pop mean: 0.84 | Sigma: 0.1646 | Nodes: 48 (mean 31.6) | 0.3s/gen
  Gen  180 | Best: 0.84 (raw: 0.8) | Pop mean: 0.84 | Sigma: 0.1450 | Nodes: 16 (mean 31.8) | 0.3s/gen
  Gen  190 | Best: 0.84 (raw: 0.8) | Pop mean: 0.84 | Sigma: 0.1275 | Nodes: 40 (mean 28.9) | 0.2s/gen
Iterat #Fevals   function value  axis ratio  sigma  min&max std  t[m:s]
  Gen  200 | Best: 0.84 (raw: 0.8) | Pop mean: 0.83 | Sigma: 0.1211 | Nodes: 96 (mean 39.4) | 0.2s/gen
  211  27008 -8.432416444838805e-01 1.8e+00 1.03e-01  1e-01  1e-01 4:01.2
  Gen  210 | Best: 0.84 (raw: 0.8) | Pop mean: 0.83 | Sigma: 0.1032 | Nodes: 12 (mean 38.1) | 0.3s/gen
  Gen  220 | Best: 0.84 (raw: 0.8) | Pop mean: 0.83 | Sigma: 0.0961 | Nodes: 80 (mean 56.1) | 0.2s/gen
  Gen  230 | Best: 0.84 (raw: 0.8) | Pop mean: 0.83 | Sigma: 0.0896 | Nodes: 9 (mean 28.9) | 0.3s/gen
  Gen  240 | Best: 0.84 (raw: 0.8) | Pop mean: 0.83 | Sigma: 0.0783 | Nodes: 24 (mean 31.5) | 0.2s/gen
  Gen  250 | Best: 0.84 (raw: 0.8) | Pop mean: 0.84 | Sigma: 0.0756 | Nodes: 38 (mean 34.9) | 0.3s/gen
  Gen  260 | Best: 0.84 (raw: 0.8) | Pop mean: 0.84 | Sigma: 0.0677 | Nodes: 12 (mean 38.1) | 0.2s/gen
  271  34688 -8.432416444838805e-01 2.1e+00 6.15e-02  6e-02  7e-02 4:15.3
  Gen  270 | Best: 0.84 (raw: 0.8) | Pop mean: 0.84 | Sigma: 0.0615 | Nodes: 24 (mean 32.5) | 0.2s/gen
  Gen  280 | Best: 0.84 (raw: 0.8) | Pop mean: 0.84 | Sigma: 0.0574 | Nodes: 24 (mean 28.4) | 0.2s/gen
  Gen  290 | Best: 0.84 (raw: 0.8) | Pop mean: 0.83 | Sigma: 0.0536 | Nodes: 48 (mean 36.8) | 0.2s/gen
Iterat #Fevals   function value  axis ratio  sigma  min&max std  t[m:s]
  Gen  300 | Best: 0.84 (raw: 0.8) | Pop mean: 0.84 | Sigma: 0.0533 | Nodes: 80 (mean 37.1) | 0.2s/gen
  Gen  310 | Best: 0.84 (raw: 0.8) | Pop mean: 0.83 | Sigma: 0.0601 | Nodes: 80 (mean 54.9) | 0.2s/gen
  Gen  320 | Best: 0.84 (raw: 0.8) | Pop mean: 0.84 | Sigma: 0.0602 | Nodes: 64 (mean 63.8) | 0.2s/gen
  331  42368 -8.437838903677413e-01 2.2e+00 5.86e-02  5e-02  7e-02 4:26.0
  Gen  330 | Best: 0.84 (raw: 0.8) | Pop mean: 0.84 | Sigma: 0.0586 | Nodes: 80 (mean 66.9) | 0.2s/gen
  341  43648 -8.437838903677413e-01 2.2e+00 6.07e-02  6e-02  7e-02 4:27.9
  Gen  340 | Best: 0.84 (raw: 0.8) | Pop mean: 0.84 | Sigma: 0.0607 | Nodes: 80 (mean 72.2) | 0.2s/gen
  351  44928 -8.437838903677413e-01 2.3e+00 6.35e-02  6e-02  7e-02 4:29.9
  Gen  350 | Best: 0.84 (raw: 0.8) | Pop mean: 0.84 | Sigma: 0.0635 | Nodes: 80 (mean 68.6) | 0.2s/gen
  361  46208 -8.437838903677413e-01 2.3e+00 6.15e-02  6e-02  7e-02 4:31.8
  Gen  360 | Best: 0.84 (raw: 0.8) | Pop mean: 0.84 | Sigma: 0.0615 | Nodes: 64 (mean 68.0) | 0.2s/gen
  371  47488 -8.437838903677413e-01 2.3e+00 6.11e-02  6e-02  7e-02 4:33.7
  Gen  370 | Best: 0.84 (raw: 0.8) | Pop mean: 0.84 | Sigma: 0.0611 | Nodes: 80 (mean 67.7) | 0.2s/gen
  381  48768 -8.437838903677413e-01 2.3e+00 6.52e-02  6e-02  7e-02 4:35.7
  Gen  380 | Best: 0.84 (raw: 0.8) | Pop mean: 0.84 | Sigma: 0.0652 | Nodes: 80 (mean 73.2) | 0.2s/gen
  391  50048 -8.437838903677413e-01 2.3e+00 6.34e-02  6e-02  7e-02 4:37.7
  Gen  390 | Best: 0.84 (raw: 0.8) | Pop mean: 0.84 | Sigma: 0.0634 | Nodes: 40 (mean 69.9) | 0.2s/gen
Iterat #Fevals   function value  axis ratio  sigma  min&max std  t[m:s]
  401  51328 -8.437838903677413e-01 2.3e+00 6.32e-02  6e-02  7e-02 4:39.5
  Gen  400 | Best: 0.84 (raw: 0.8) | Pop mean: 0.84 | Sigma: 0.0632 | Nodes: 88 (mean 69.2) | 0.2s/gen
  411  52608 -8.437838903677413e-01 2.3e+00 6.00e-02  5e-02  7e-02 4:41.4
  Gen  410 | Best: 0.84 (raw: 0.8) | Pop mean: 0.84 | Sigma: 0.0600 | Nodes: 64 (mean 74.7) | 0.2s/gen
  421  53888 -8.437838903677413e-01 2.3e+00 6.56e-02  6e-02  7e-02 4:43.6
  Gen  420 | Best: 0.84 (raw: 0.8) | Pop mean: 0.84 | Sigma: 0.0656 | Nodes: 80 (mean 71.9) | 0.2s/gen
  431  55168 -8.437838903677413e-01 2.3e+00 6.67e-02  6e-02  7e-02 4:45.5
  Gen  430 | Best: 0.84 (raw: 0.8) | Pop mean: 0.84 | Sigma: 0.0667 | Nodes: 96 (mean 68.4) | 0.2s/gen
  441  56448 -8.437838903677413e-01 2.3e+00 6.79e-02  6e-02  7e-02 4:47.4
  Gen  440 | Best: 0.84 (raw: 0.8) | Pop mean: 0.84 | Sigma: 0.0679 | Nodes: 80 (mean 73.8) | 0.2s/gen
  451  57728 -8.437838903677413e-01 2.3e+00 6.58e-02  6e-02  7e-02 4:49.3
  Gen  450 | Best: 0.84 (raw: 0.8) | Pop mean: 0.84 | Sigma: 0.0658 | Nodes: 80 (mean 71.4) | 0.2s/gen
  461  59008 -8.437838903677413e-01 2.3e+00 6.32e-02  6e-02  7e-02 4:51.3
  Gen  460 | Best: 0.84 (raw: 0.8) | Pop mean: 0.84 | Sigma: 0.0632 | Nodes: 64 (mean 76.2) | 0.2s/gen
  471  60288 -8.437838903677413e-01 2.3e+00 6.08e-02  5e-02  7e-02 4:53.3
  Gen  470 | Best: 0.84 (raw: 0.8) | Pop mean: 0.84 | Sigma: 0.0608 | Nodes: 64 (mean 74.9) | 0.2s/gen
  481  61568 -8.437838903677413e-01 2.4e+00 5.83e-02  5e-02  6e-02 4:55.2
  Gen  480 | Best: 0.84 (raw: 0.8) | Pop mean: 0.84 | Sigma: 0.0583 | Nodes: 64 (mean 73.7) | 0.2s/gen
  491  62848 -8.437838903677413e-01 2.4e+00 5.89e-02  5e-02  6e-02 4:57.1
  Gen  490 | Best: 0.84 (raw: 0.8) | Pop mean: 0.84 | Sigma: 0.0589 | Nodes: 80 (mean 76.8) | 0.2s/gen
Iterat #Fevals   function value  axis ratio  sigma  min&max std  t[m:s]
  501  64128 -8.437838903677413e-01 2.4e+00 5.97e-02  5e-02  6e-02 4:59.2
  Gen  500 | Best: 0.84 (raw: 0.8) | Pop mean: 0.84 | Sigma: 0.0597 | Nodes: 80 (mean 74.8) | 0.2s/gen
  511  65408 -8.437838903677413e-01 2.4e+00 5.60e-02  5e-02  6e-02 5:01.3
  Gen  510 | Best: 0.84 (raw: 0.8) | Pop mean: 0.84 | Sigma: 0.0560 | Nodes: 80 (mean 77.8) | 0.2s/gen
  521  66688 -8.437838903677413e-01 2.4e+00 5.60e-02  5e-02  6e-02 5:03.3
  Gen  520 | Best: 0.84 (raw: 0.8) | Pop mean: 0.84 | Sigma: 0.0560 | Nodes: 64 (mean 79.2) | 0.2s/gen
  531  67968 -8.437838903677413e-01 2.4e+00 5.37e-02  5e-02  6e-02 5:05.3
  Gen  530 | Best: 0.84 (raw: 0.8) | Pop mean: 0.84 | Sigma: 0.0537 | Nodes: 80 (mean 77.2) | 0.2s/gen
  541  69248 -8.437838903677413e-01 2.4e+00 5.13e-02  5e-02  5e-02 5:07.4
  Gen  540 | Best: 0.84 (raw: 0.8) | Pop mean: 0.84 | Sigma: 0.0513 | Nodes: 96 (mean 79.3) | 0.2s/gen
  551  70528 -8.437838903677413e-01 2.4e+00 5.03e-02  4e-02  5e-02 5:09.5
  Gen  550 | Best: 0.84 (raw: 0.8) | Pop mean: 0.84 | Sigma: 0.0503 | Nodes: 80 (mean 74.4) | 0.2s/gen
  561  71808 -8.437838903677413e-01 2.4e+00 4.86e-02  4e-02  5e-02 5:11.6
  Gen  560 | Best: 0.84 (raw: 0.8) | Pop mean: 0.84 | Sigma: 0.0486 | Nodes: 80 (mean 76.3) | 0.2s/gen
  571  73088 -8.437838903677413e-01 2.4e+00 4.47e-02  4e-02  5e-02 5:13.6
  Gen  570 | Best: 0.84 (raw: 0.8) | Pop mean: 0.84 | Sigma: 0.0447 | Nodes: 96 (mean 76.8) | 0.2s/gen
  581  74368 -8.437838903677413e-01 2.4e+00 4.32e-02  4e-02  5e-02 5:15.6
  Gen  580 | Best: 0.84 (raw: 0.8) | Pop mean: 0.84 | Sigma: 0.0432 | Nodes: 80 (mean 77.9) | 0.2s/gen
  591  75648 -8.437838903677413e-01 2.4e+00 4.28e-02  4e-02  5e-02 5:17.7
  Gen  590 | Best: 0.84 (raw: 0.8) | Pop mean: 0.84 | Sigma: 0.0428 | Nodes: 64 (mean 77.3) | 0.2s/gen
Iterat #Fevals   function value  axis ratio  sigma  min&max std  t[m:s]
  601  76928 -8.437838903677413e-01 2.5e+00 4.05e-02  4e-02  4e-02 5:19.7
  Gen  600 | Best: 0.84 (raw: 0.8) | Pop mean: 0.84 | Sigma: 0.0405 | Nodes: 80 (mean 76.8) | 0.2s/gen
  611  78208 -8.437838903677413e-01 2.5e+00 4.08e-02  4e-02  4e-02 5:21.8
  Gen  610 | Best: 0.84 (raw: 0.8) | Pop mean: 0.84 | Sigma: 0.0408 | Nodes: 80 (mean 77.0) | 0.2s/gen
  621  79488 -8.437838903677413e-01 2.5e+00 4.06e-02  4e-02  4e-02 5:23.9
  Gen  620 | Best: 0.84 (raw: 0.8) | Pop mean: 0.84 | Sigma: 0.0406 | Nodes: 80 (mean 72.4) | 0.2s/gen
  631  80768 -8.437838903677413e-01 2.5e+00 3.78e-02  3e-02  4e-02 5:26.0
  Gen  630 | Best: 0.84 (raw: 0.8) | Pop mean: 0.84 | Sigma: 0.0378 | Nodes: 80 (mean 73.8) | 0.2s/gen
  641  82048 -8.437838903677413e-01 2.5e+00 3.84e-02  3e-02  4e-02 5:28.1
  Gen  640 | Best: 0.84 (raw: 0.8) | Pop mean: 0.84 | Sigma: 0.0384 | Nodes: 64 (mean 72.6) | 0.2s/gen
  651  83328 -8.437838903677413e-01 2.5e+00 3.89e-02  3e-02  4e-02 5:30.2
  Gen  650 | Best: 0.84 (raw: 0.8) | Pop mean: 0.84 | Sigma: 0.0389 | Nodes: 80 (mean 74.6) | 0.2s/gen
  661  84608 -8.437838903677413e-01 2.5e+00 3.81e-02  3e-02  4e-02 5:32.3
  Gen  660 | Best: 0.84 (raw: 0.8) | Pop mean: 0.84 | Sigma: 0.0381 | Nodes: 80 (mean 76.6) | 0.2s/gen
  671  85888 -8.437838903677413e-01 2.5e+00 3.83e-02  3e-02  4e-02 5:34.5
  Gen  670 | Best: 0.84 (raw: 0.8) | Pop mean: 0.84 | Sigma: 0.0383 | Nodes: 64 (mean 77.7) | 0.2s/gen
  681  87168 -8.437838903677413e-01 2.5e+00 3.95e-02  3e-02  4e-02 5:36.5
  Gen  680 | Best: 0.84 (raw: 0.8) | Pop mean: 0.84 | Sigma: 0.0395 | Nodes: 80 (mean 78.5) | 0.2s/gen
  691  88448 -8.437838903677413e-01 2.5e+00 4.01e-02  4e-02  4e-02 5:38.6
  Gen  690 | Best: 0.84 (raw: 0.8) | Pop mean: 0.84 | Sigma: 0.0401 | Nodes: 80 (mean 77.8) | 0.2s/gen
Iterat #Fevals   function value  axis ratio  sigma  min&max std  t[m:s]
  701  89728 -8.437838903677413e-01 2.5e+00 3.95e-02  3e-02  4e-02 5:40.7
  Gen  700 | Best: 0.84 (raw: 0.8) | Pop mean: 0.84 | Sigma: 0.0395 | Nodes: 80 (mean 77.2) | 0.2s/gen
  711  91008 -8.437838903677413e-01 2.5e+00 4.08e-02  4e-02  4e-02 5:42.8
  Gen  710 | Best: 0.84 (raw: 0.8) | Pop mean: 0.84 | Sigma: 0.0408 | Nodes: 80 (mean 79.7) | 0.2s/gen
  721  92288 -8.437838903677413e-01 2.5e+00 4.08e-02  4e-02  4e-02 5:44.9
  Gen  720 | Best: 0.84 (raw: 0.8) | Pop mean: 0.84 | Sigma: 0.0408 | Nodes: 80 (mean 79.2) | 0.2s/gen
  731  93568 -8.437838903677413e-01 2.5e+00 3.92e-02  3e-02  4e-02 5:46.9
  Gen  730 | Best: 0.84 (raw: 0.8) | Pop mean: 0.84 | Sigma: 0.0392 | Nodes: 64 (mean 78.2) | 0.2s/gen
  741  94848 -8.437838903677413e-01 2.6e+00 3.88e-02  3e-02  4e-02 5:49.0
  Gen  740 | Best: 0.84 (raw: 0.8) | Pop mean: 0.84 | Sigma: 0.0388 | Nodes: 80 (mean 80.1) | 0.2s/gen
  751  96128 -8.437838903677413e-01 2.6e+00 4.07e-02  4e-02  4e-02 5:51.1
  Gen  750 | Best: 0.84 (raw: 0.8) | Pop mean: 0.84 | Sigma: 0.0407 | Nodes: 80 (mean 79.4) | 0.2s/gen
  761  97408 -8.437838903677413e-01 2.6e+00 4.27e-02  4e-02  5e-02 5:53.3
  Gen  760 | Best: 0.84 (raw: 0.8) | Pop mean: 0.84 | Sigma: 0.0427 | Nodes: 80 (mean 80.1) | 0.2s/gen
  771  98688 -8.437838903677413e-01 2.6e+00 4.34e-02  4e-02  5e-02 5:55.5
  Gen  770 | Best: 0.84 (raw: 0.8) | Pop mean: 0.84 | Sigma: 0.0434 | Nodes: 80 (mean 80.3) | 0.2s/gen
  781  99968 -8.437838903677413e-01 2.6e+00 4.45e-02  4e-02  5e-02 5:57.6
  Gen  780 | Best: 0.84 (raw: 0.8) | Pop mean: 0.84 | Sigma: 0.0445 | Nodes: 80 (mean 79.7) | 0.2s/gen
  791 101248 -8.437838903677413e-01 2.6e+00 4.50e-02  4e-02  5e-02 5:59.7
  Gen  790 | Best: 0.84 (raw: 0.8) | Pop mean: 0.84 | Sigma: 0.0450 | Nodes: 80 (mean 78.9) | 0.2s/gen
Iterat #Fevals   function value  axis ratio  sigma  min&max std  t[m:s]
  801 102528 -8.437838903677413e-01 2.6e+00 4.42e-02  4e-02  5e-02 6:01.9
  Gen  800 | Best: 0.84 (raw: 0.8) | Pop mean: 0.84 | Sigma: 0.0442 | Nodes: 80 (mean 79.9) | 0.2s/gen
  811 103808 -8.437838903677413e-01 2.6e+00 4.66e-02  4e-02  5e-02 6:04.1
  Gen  810 | Best: 0.84 (raw: 0.8) | Pop mean: 0.84 | Sigma: 0.0466 | Nodes: 80 (mean 77.4) | 0.2s/gen
  821 105088 -8.437838903677413e-01 2.6e+00 4.85e-02  4e-02  5e-02 6:06.2
  Gen  820 | Best: 0.84 (raw: 0.8) | Pop mean: 0.84 | Sigma: 0.0485 | Nodes: 80 (mean 76.9) | 0.2s/gen
  831 106368 -8.437838903677413e-01 2.6e+00 4.71e-02  4e-02  5e-02 6:08.3
  Gen  830 | Best: 0.84 (raw: 0.8) | Pop mean: 0.84 | Sigma: 0.0471 | Nodes: 80 (mean 76.0) | 0.2s/gen
  841 107648 -8.437838903677413e-01 2.6e+00 4.45e-02  4e-02  5e-02 6:10.5
  Gen  840 | Best: 0.84 (raw: 0.8) | Pop mean: 0.84 | Sigma: 0.0445 | Nodes: 40 (mean 78.7) | 0.2s/gen
  851 108928 -8.437838903677413e-01 2.7e+00 4.41e-02  4e-02  5e-02 6:12.6
  Gen  850 | Best: 0.84 (raw: 0.8) | Pop mean: 0.84 | Sigma: 0.0441 | Nodes: 80 (mean 78.4) | 0.2s/gen
  861 110208 -8.437838903677413e-01 2.7e+00 4.38e-02  4e-02  5e-02 6:14.7
  Gen  860 | Best: 0.84 (raw: 0.8) | Pop mean: 0.84 | Sigma: 0.0438 | Nodes: 80 (mean 77.4) | 0.2s/gen
  871 111488 -8.437838903677413e-01 2.7e+00 4.30e-02  4e-02  5e-02 6:16.9
  Gen  870 | Best: 0.84 (raw: 0.8) | Pop mean: 0.84 | Sigma: 0.0430 | Nodes: 80 (mean 78.7) | 0.2s/gen
  881 112768 -8.437838903677413e-01 2.7e+00 4.46e-02  4e-02  5e-02 6:19.1
  Gen  880 | Best: 0.84 (raw: 0.8) | Pop mean: 0.84 | Sigma: 0.0446 | Nodes: 80 (mean 79.5) | 0.2s/gen
  891 114048 -8.437838903677413e-01 2.7e+00 4.31e-02  4e-02  5e-02 6:21.2
  Gen  890 | Best: 0.84 (raw: 0.8) | Pop mean: 0.84 | Sigma: 0.0431 | Nodes: 80 (mean 79.5) | 0.2s/gen
Iterat #Fevals   function value  axis ratio  sigma  min&max std  t[m:s]
  901 115328 -8.437838903677413e-01 2.7e+00 4.19e-02  4e-02  4e-02 6:23.4
  Gen  900 | Best: 0.84 (raw: 0.8) | Pop mean: 0.84 | Sigma: 0.0419 | Nodes: 80 (mean 78.5) | 0.2s/gen
  911 116608 -8.437838903677413e-01 2.7e+00 4.20e-02  4e-02  4e-02 6:25.4
  Gen  910 | Best: 0.84 (raw: 0.8) | Pop mean: 0.84 | Sigma: 0.0420 | Nodes: 80 (mean 78.8) | 0.2s/gen
  921 117888 -8.437838903677413e-01 2.7e+00 4.09e-02  4e-02  4e-02 6:27.5
  Gen  920 | Best: 0.84 (raw: 0.8) | Pop mean: 0.84 | Sigma: 0.0409 | Nodes: 80 (mean 78.2) | 0.2s/gen
  931 119168 -8.437838903677413e-01 2.7e+00 4.02e-02  3e-02  4e-02 6:29.7
  Gen  930 | Best: 0.84 (raw: 0.8) | Pop mean: 0.84 | Sigma: 0.0402 | Nodes: 80 (mean 78.4) | 0.2s/gen
  941 120448 -8.437838903677413e-01 2.7e+00 3.87e-02  3e-02  4e-02 6:31.9
  Gen  940 | Best: 0.84 (raw: 0.8) | Pop mean: 0.84 | Sigma: 0.0387 | Nodes: 80 (mean 76.3) | 0.2s/gen
  951 121728 -8.437838903677413e-01 2.7e+00 3.75e-02  3e-02  4e-02 6:34.2
  Gen  950 | Best: 0.84 (raw: 0.8) | Pop mean: 0.84 | Sigma: 0.0375 | Nodes: 80 (mean 77.1) | 0.2s/gen
  961 123008 -8.437838903677413e-01 2.7e+00 3.86e-02  3e-02  4e-02 6:36.4
  Gen  960 | Best: 0.84 (raw: 0.8) | Pop mean: 0.84 | Sigma: 0.0386 | Nodes: 80 (mean 79.5) | 0.2s/gen
  971 124288 -8.437838903677413e-01 2.7e+00 3.82e-02  3e-02  4e-02 6:38.6
  Gen  970 | Best: 0.84 (raw: 0.8) | Pop mean: 0.84 | Sigma: 0.0382 | Nodes: 64 (mean 78.6) | 0.2s/gen
  981 125568 -8.437838903677413e-01 2.7e+00 3.94e-02  3e-02  4e-02 6:40.7
  Gen  980 | Best: 0.84 (raw: 0.8) | Pop mean: 0.84 | Sigma: 0.0394 | Nodes: 80 (mean 77.6) | 0.2s/gen
  991 126848 -8.437838903677413e-01 2.7e+00 4.00e-02  3e-02  4e-02 6:42.9
  Gen  990 | Best: 0.84 (raw: 0.8) | Pop mean: 0.84 | Sigma: 0.0400 | Nodes: 80 (mean 78.9) | 0.2s/gen
Iterat #Fevals   function value  axis ratio  sigma  min&max std  t[m:s]
 1001 128128 -8.437838903677413e-01 2.7e+00 3.99e-02  3e-02  4e-02 6:45.0
  Gen 1000 | Best: 0.84 (raw: 0.8) | Pop mean: 0.84 | Sigma: 0.0399 | Nodes: 80 (mean 78.6) | 0.2s/gen
 1011 129408 -8.437838903677413e-01 2.7e+00 4.05e-02  4e-02  4e-02 6:47.5
  Gen 1010 | Best: 0.84 (raw: 0.8) | Pop mean: 0.84 | Sigma: 0.0405 | Nodes: 80 (mean 76.2) | 0.2s/gen
 1021 130688 -8.437838903677413e-01 2.8e+00 4.22e-02  4e-02  4e-02 6:49.5
  Gen 1020 | Best: 0.84 (raw: 0.8) | Pop mean: 0.84 | Sigma: 0.0422 | Nodes: 64 (mean 78.2) | 0.2s/gen
 1031 131968 -8.437838903677413e-01 2.8e+00 4.31e-02  4e-02  5e-02 6:51.7
  Gen 1030 | Best: 0.84 (raw: 0.8) | Pop mean: 0.84 | Sigma: 0.0431 | Nodes: 80 (mean 78.3) | 0.2s/gen
 1041 133248 -8.437838903677413e-01 2.8e+00 4.26e-02  4e-02  5e-02 6:53.8
  Gen 1040 | Best: 0.84 (raw: 0.8) | Pop mean: 0.84 | Sigma: 0.0426 | Nodes: 80 (mean 78.4) | 0.2s/gen
 1051 134528 -8.437838903677413e-01 2.8e+00 4.25e-02  4e-02  5e-02 6:55.9
  Gen 1050 | Best: 0.84 (raw: 0.8) | Pop mean: 0.84 | Sigma: 0.0425 | Nodes: 80 (mean 75.2) | 0.2s/gen
 1061 135808 -8.437838903677413e-01 2.8e+00 4.24e-02  4e-02  5e-02 6:58.0
  Gen 1060 | Best: 0.84 (raw: 0.8) | Pop mean: 0.84 | Sigma: 0.0424 | Nodes: 64 (mean 76.5) | 0.2s/gen
 1071 137088 -8.437838903677413e-01 2.8e+00 4.18e-02  4e-02  4e-02 7:00.1
  Gen 1070 | Best: 0.84 (raw: 0.8) | Pop mean: 0.84 | Sigma: 0.0418 | Nodes: 64 (mean 73.2) | 0.2s/gen
 1081 138368 -8.437838903677413e-01 2.8e+00 3.89e-02  3e-02  4e-02 7:02.2
  Gen 1080 | Best: 0.84 (raw: 0.8) | Pop mean: 0.84 | Sigma: 0.0389 | Nodes: 80 (mean 72.0) | 0.2s/gen
 1091 139648 -8.437838903677413e-01 2.8e+00 4.02e-02  3e-02  4e-02 7:04.3
  Gen 1090 | Best: 0.84 (raw: 0.8) | Pop mean: 0.84 | Sigma: 0.0402 | Nodes: 40 (mean 73.9) | 0.2s/gen
Iterat #Fevals   function value  axis ratio  sigma  min&max std  t[m:s]
 1101 140928 -8.437838903677413e-01 2.8e+00 4.12e-02  4e-02  4e-02 7:06.4
  Gen 1100 | Best: 0.84 (raw: 0.8) | Pop mean: 0.84 | Sigma: 0.0412 | Nodes: 64 (mean 73.1) | 0.2s/gen
 1111 142208 -8.437838903677413e-01 2.8e+00 4.15e-02  4e-02  4e-02 7:08.4
  Gen 1110 | Best: 0.84 (raw: 0.8) | Pop mean: 0.84 | Sigma: 0.0415 | Nodes: 64 (mean 69.9) | 0.2s/gen
 1121 143488 -8.437838903677413e-01 2.9e+00 4.06e-02  4e-02  4e-02 7:10.6
  Gen 1120 | Best: 0.84 (raw: 0.8) | Pop mean: 0.84 | Sigma: 0.0406 | Nodes: 64 (mean 69.4) | 0.2s/gen
 1131 144768 -8.437838903677413e-01 2.9e+00 4.01e-02  3e-02  4e-02 7:12.6
  Gen 1130 | Best: 0.84 (raw: 0.8) | Pop mean: 0.84 | Sigma: 0.0401 | Nodes: 88 (mean 68.8) | 0.2s/gen
 1141 146048 -8.437838903677413e-01 2.9e+00 4.00e-02  3e-02  4e-02 7:14.6
  Gen 1140 | Best: 0.84 (raw: 0.8) | Pop mean: 0.84 | Sigma: 0.0400 | Nodes: 64 (mean 71.1) | 0.2s/gen
 1151 147328 -8.437838903677413e-01 2.9e+00 4.12e-02  4e-02  4e-02 7:16.7
  Gen 1150 | Best: 0.84 (raw: 0.8) | Pop mean: 0.84 | Sigma: 0.0412 | Nodes: 80 (mean 73.1) | 0.2s/gen
 1161 148608 -8.437838903677413e-01 2.9e+00 4.19e-02  4e-02  4e-02 7:18.7
  Gen 1160 | Best: 0.84 (raw: 0.8) | Pop mean: 0.84 | Sigma: 0.0419 | Nodes: 80 (mean 72.1) | 0.2s/gen
 1171 149888 -8.437838903677413e-01 2.9e+00 4.34e-02  4e-02  5e-02 7:20.9
  Gen 1170 | Best: 0.84 (raw: 0.8) | Pop mean: 0.84 | Sigma: 0.0434 | Nodes: 80 (mean 75.5) | 0.2s/gen
 1181 151168 -8.437838903677413e-01 2.9e+00 4.19e-02  4e-02  4e-02 7:23.0
  Gen 1180 | Best: 0.84 (raw: 0.8) | Pop mean: 0.84 | Sigma: 0.0419 | Nodes: 64 (mean 74.4) | 0.2s/gen
 1191 152448 -8.437838903677413e-01 2.9e+00 4.21e-02  4e-02  5e-02 7:25.1
  Gen 1190 | Best: 0.84 (raw: 0.8) | Pop mean: 0.84 | Sigma: 0.0421 | Nodes: 64 (mean 74.4) | 0.2s/gen
Iterat #Fevals   function value  axis ratio  sigma  min&max std  t[m:s]
 1201 153728 -8.437838903677413e-01 2.9e+00 4.16e-02  4e-02  4e-02 7:27.3
  Gen 1200 | Best: 0.84 (raw: 0.8) | Pop mean: 0.84 | Sigma: 0.0416 | Nodes: 80 (mean 77.7) | 0.2s/gen
 1211 155008 -8.437838903677413e-01 2.9e+00 4.19e-02  4e-02  5e-02 7:29.5
  Gen 1210 | Best: 0.84 (raw: 0.8) | Pop mean: 0.84 | Sigma: 0.0419 | Nodes: 80 (mean 77.5) | 0.2s/gen
 1221 156288 -8.437838903677413e-01 2.9e+00 4.14e-02  4e-02  4e-02 7:31.7
  Gen 1220 | Best: 0.84 (raw: 0.8) | Pop mean: 0.84 | Sigma: 0.0414 | Nodes: 80 (mean 75.8) | 0.2s/gen
 1231 157568 -8.437838903677413e-01 2.9e+00 4.31e-02  4e-02  5e-02 7:33.8
  Gen 1230 | Best: 0.84 (raw: 0.8) | Pop mean: 0.84 | Sigma: 0.0431 | Nodes: 64 (mean 79.7) | 0.2s/gen
 1241 158848 -8.437838903677413e-01 2.9e+00 4.68e-02  4e-02  5e-02 7:36.0
  Gen 1240 | Best: 0.84 (raw: 0.8) | Pop mean: 0.84 | Sigma: 0.0468 | Nodes: 80 (mean 77.4) | 0.2s/gen
 1251 160128 -8.437838903677413e-01 2.9e+00 4.47e-02  4e-02  5e-02 7:38.1
  Gen 1250 | Best: 0.84 (raw: 0.8) | Pop mean: 0.84 | Sigma: 0.0447 | Nodes: 80 (mean 76.2) | 0.2s/gen
 1261 161408 -8.437838903677413e-01 2.9e+00 4.40e-02  4e-02  5e-02 7:40.2
  Gen 1260 | Best: 0.84 (raw: 0.8) | Pop mean: 0.84 | Sigma: 0.0440 | Nodes: 80 (mean 75.7) | 0.2s/gen
 1271 162688 -8.437838903677413e-01 3.0e+00 4.32e-02  4e-02  5e-02 7:42.3
  Gen 1270 | Best: 0.84 (raw: 0.8) | Pop mean: 0.84 | Sigma: 0.0432 | Nodes: 64 (mean 77.7) | 0.2s/gen
 1281 163968 -8.437838903677413e-01 3.0e+00 4.49e-02  4e-02  5e-02 7:44.4
  Gen 1280 | Best: 0.84 (raw: 0.8) | Pop mean: 0.84 | Sigma: 0.0449 | Nodes: 80 (mean 73.8) | 0.2s/gen
 1291 165248 -8.437838903677413e-01 3.0e+00 4.62e-02  4e-02  5e-02 7:46.5
  Gen 1290 | Best: 0.84 (raw: 0.8) | Pop mean: 0.84 | Sigma: 0.0462 | Nodes: 80 (mean 73.5) | 0.2s/gen
Iterat #Fevals   function value  axis ratio  sigma  min&max std  t[m:s]
 1301 166528 -8.437838903677413e-01 3.0e+00 4.80e-02  4e-02  5e-02 7:48.7
  Gen 1300 | Best: 0.84 (raw: 0.8) | Pop mean: 0.84 | Sigma: 0.0480 | Nodes: 64 (mean 71.8) | 0.2s/gen
 1311 167808 -8.437838903677413e-01 3.0e+00 4.88e-02  4e-02  5e-02 7:50.7
  Gen 1310 | Best: 0.84 (raw: 0.8) | Pop mean: 0.84 | Sigma: 0.0488 | Nodes: 64 (mean 68.0) | 0.2s/gen
 1321 169088 -8.437838903677413e-01 3.0e+00 4.87e-02  4e-02  5e-02 7:52.7
  Gen 1320 | Best: 0.84 (raw: 0.8) | Pop mean: 0.84 | Sigma: 0.0487 | Nodes: 88 (mean 70.8) | 0.2s/gen
 1331 170368 -8.437838903677413e-01 3.0e+00 4.87e-02  4e-02  5e-02 7:54.9
  Gen 1330 | Best: 0.84 (raw: 0.8) | Pop mean: 0.84 | Sigma: 0.0487 | Nodes: 48 (mean 70.4) | 0.2s/gen
 1341 171648 -8.437838903677413e-01 3.0e+00 4.71e-02  4e-02  5e-02 7:56.9
  Gen 1340 | Best: 0.84 (raw: 0.8) | Pop mean: 0.84 | Sigma: 0.0471 | Nodes: 64 (mean 74.7) | 0.2s/gen
 1351 172928 -8.437838903677413e-01 3.0e+00 4.37e-02  4e-02  5e-02 7:59.0
  Gen 1350 | Best: 0.84 (raw: 0.8) | Pop mean: 0.84 | Sigma: 0.0437 | Nodes: 80 (mean 70.9) | 0.2s/gen
 1361 174208 -8.437838903677413e-01 3.1e+00 4.37e-02  4e-02  5e-02 8:01.1
  Gen 1360 | Best: 0.84 (raw: 0.8) | Pop mean: 0.84 | Sigma: 0.0437 | Nodes: 80 (mean 66.2) | 0.2s/gen
 1371 175488 -8.437838903677413e-01 3.1e+00 4.58e-02  4e-02  5e-02 8:03.1
  Gen 1370 | Best: 0.84 (raw: 0.8) | Pop mean: 0.84 | Sigma: 0.0458 | Nodes: 64 (mean 66.6) | 0.2s/gen
 1381 176768 -8.437838903677413e-01 3.1e+00 4.71e-02  4e-02  5e-02 8:05.1
  Gen 1380 | Best: 0.84 (raw: 0.8) | Pop mean: 0.84 | Sigma: 0.0471 | Nodes: 64 (mean 66.9) | 0.2s/gen
 1391 178048 -8.437838903677413e-01 3.1e+00 4.81e-02  4e-02  5e-02 8:07.1
  Gen 1390 | Best: 0.84 (raw: 0.8) | Pop mean: 0.84 | Sigma: 0.0481 | Nodes: 64 (mean 69.0) | 0.2s/gen
Iterat #Fevals   function value  axis ratio  sigma  min&max std  t[m:s]
 1401 179328 -8.437838903677413e-01 3.2e+00 5.22e-02  4e-02  6e-02 8:09.2
  Gen 1400 | Best: 0.84 (raw: 0.8) | Pop mean: 0.84 | Sigma: 0.0522 | Nodes: 64 (mean 65.4) | 0.2s/gen
 1411 180608 -8.437838903677413e-01 3.2e+00 5.32e-02  4e-02  6e-02 8:11.1
  Gen 1410 | Best: 0.84 (raw: 0.8) | Pop mean: 0.84 | Sigma: 0.0532 | Nodes: 80 (mean 64.9) | 0.2s/gen
 1421 181888 -8.437838903677413e-01 3.2e+00 5.48e-02  5e-02  6e-02 8:13.2
  Gen 1420 | Best: 0.84 (raw: 0.8) | Pop mean: 0.84 | Sigma: 0.0548 | Nodes: 48 (mean 65.6) | 0.2s/gen
 1431 183168 -8.437838903677413e-01 3.2e+00 5.50e-02  5e-02  6e-02 8:15.2
  Gen 1430 | Best: 0.84 (raw: 0.8) | Pop mean: 0.84 | Sigma: 0.0550 | Nodes: 64 (mean 66.3) | 0.2s/gen
 1441 184448 -8.437838903677413e-01 3.2e+00 5.44e-02  5e-02  6e-02 8:17.2
  Gen 1440 | Best: 0.84 (raw: 0.8) | Pop mean: 0.84 | Sigma: 0.0544 | Nodes: 64 (mean 72.2) | 0.2s/gen
 1451 185728 -8.437838903677413e-01 3.2e+00 5.41e-02  4e-02  6e-02 8:19.3
  Gen 1450 | Best: 0.84 (raw: 0.8) | Pop mean: 0.84 | Sigma: 0.0541 | Nodes: 64 (mean 67.0) | 0.2s/gen
 1461 187008 -8.437838903677413e-01 3.2e+00 5.28e-02  4e-02  6e-02 8:21.3
  Gen 1460 | Best: 0.84 (raw: 0.8) | Pop mean: 0.84 | Sigma: 0.0528 | Nodes: 64 (mean 67.3) | 0.2s/gen
 1471 188288 -8.437838903677413e-01 3.3e+00 5.29e-02  4e-02  6e-02 8:23.3
  Gen 1470 | Best: 0.84 (raw: 0.8) | Pop mean: 0.84 | Sigma: 0.0529 | Nodes: 64 (mean 68.8) | 0.2s/gen
 1481 189568 -8.437838903677413e-01 3.3e+00 5.10e-02  4e-02  5e-02 8:25.5
  Gen 1480 | Best: 0.84 (raw: 0.8) | Pop mean: 0.84 | Sigma: 0.0510 | Nodes: 80 (mean 72.8) | 0.2s/gen
 1491 190848 -8.437838903677413e-01 3.3e+00 4.65e-02  4e-02  5e-02 8:27.6
  Gen 1490 | Best: 0.84 (raw: 0.8) | Pop mean: 0.84 | Sigma: 0.0465 | Nodes: 64 (mean 70.1) | 0.2s/gen
[1789303833] archived 1500 generations | best-ever matches log: True | pop mean matches log: True | final genome matches saved: True | VERIFIED=True

[1789304372] replaying ...
Model ID: 1789334947

Config:
{'CMA_elitist': True, 'NN_transform_node_embedding_during_growth': True, 'additive_update': False, 'arrows': True, 'balanced_weights': False, 'binary_connectivity': False, 'checkpoint_id': None, 'coevolve_initial_embeddings': True, 'dev_mode': 0, 'device': 0, 'early_stopping': False, 'early_stopping_conditions': {'generation': 500, 'objective_value': -3}, 'edge_based_growth': False, 'env_seed': None, 'environment': 'KA_retina', 'evolution_feval_check_N': 10, 'evolution_feval_check_every': 2000, 'extra_nodes': -1, 'fewer_edges': False, 'fewer_nodes': False, 'flattening_stopping': False, 'flattening_stopping_conditions': {'last_generations': 500, 'min_generation': 1500, 'min_std': 5}, 'generations': 1500, 'group': 'default', 'growth_model_bias': True, 'growth_model_last_layer_activated': False, 'histogram_degree': 0, 'initial_embeddings_random': False, 'initial_sparsity': 1, 'layout': 'random_fixed', 'maximise': True, 'minstd': 0.005, 'mlp_embedding_transform_hidden_layers_dims': [5], 'mlp_growth_hidden_layers_dims': [5], 'mlp_weight_values_bias': True, 'mlp_weight_values_hidden_layers_dims': [5], 'mlp_weight_values_last_layer_activated': True, 'nb_episode_evals': 1, 'nb_growth_evals': 1, 'network_thinking_time_extra_growth': 2, 'network_thinking_time_extra_rollout': 3, 'node_based_growth': True, 'node_embedding_size': 3, 'node_pairs_based_growth': False, 'notes experiment': None, 'number_of_growth_cycles': 6, 'optimizer': 'CMAES', 'persistent_observation_rollout': True, 'popsize': 128, 'print_every': 10, 'probabilistic_growth': False, 'project_name': 'Developmental networks', 'prunning_phase': False, 'prunning_threshold': 0.3, 'recurrent_activation_function': 'tanh', 'render': 1, 'return_loss': 0, 'reward_if_graph_too_small': 200, 'save_model': 1, 'seed': 7737269, 'self_link_allowed_during_querying': False, 'shared_intial_embedding': True, 'shared_intial_graph_bool': True, 'sigma_init': 0.5, 'threads': -1, 'transform_model_bias': True, 'transform_model_last_layer_activated': True, 'undirected': True, 'use_torch': False, 'visualise_network': 0, 'x0_dist': 'U[-1,1]', 'log_gen_time': True, 'snapshot': True, 'show': False, 'nb_eval_seeds': 10, 'balanced_fitness': True, 'operation': 'and', 'mvg': False, 'mvg_ops': ['and', 'or'], 'mvg_switch_interval': 20, 'target': 1.0, 'id': '1789334947', '_path': 'saved_models/1789334947'}

Seed:  7737269
Env_seed:  None
The growth model has 111 trainable parameters
(64_w,128)-aCMA-ES (mu_w=34.2,w_1=6%) in dimension 111 (seed=7737269, Sun Sep 13 22:29:07 2026)

.......................................................

Initilisating CMA-ES with 111 trainable parameters 


--- Starting Evolution ---


Using 16 cores

Baseline (untrained x0 DNA): fitness=0.7839 (raw=0.8) | Nodes: 18

Iterat #Fevals   function value  axis ratio  sigma  min&max std  t[m:s]
    1    128 -8.432416444838805e-01 1.0e+00 4.87e-01  5e-01  5e-01 0:25.0
  Gen    0 | Best: 0.84 (raw: 0.8) | Pop mean: 0.70 | Sigma: 0.4871 | Nodes: 38 (mean 326.2) | 2.5s/gen
   11   1408 -8.437838903677413e-01 1.1e+00 5.60e-01  6e-01  6e-01 1:34.9
  Gen   10 | Best: 0.84 (raw: 0.8) | Pop mean: 0.82 | Sigma: 0.5601 | Nodes: 40 (mean 70.9) | 7.0s/gen
   21   2688 -8.432416444838805e-01 1.2e+00 5.84e-01  6e-01  6e-01 2:08.5
  Gen   20 | Best: 0.84 (raw: 0.8) | Pop mean: 0.82 | Sigma: 0.5840 | Nodes: 16 (mean 61.2) | 3.4s/gen
   31   3968 -8.432416444838805e-01 1.3e+00 5.21e-01  5e-01  5e-01 2:31.8
  Gen   30 | Best: 0.84 (raw: 0.8) | Pop mean: 0.82 | Sigma: 0.5206 | Nodes: 9 (mean 46.7) | 2.3s/gen
   41   5248 -8.432416444838805e-01 1.3e+00 4.52e-01  4e-01  5e-01 3:01.3
  Gen   40 | Best: 0.84 (raw: 0.8) | Pop mean: 0.83 | Sigma: 0.4519 | Nodes: 38 (mean 48.8) | 3.0s/gen
   51   6528 -8.432416444838805e-01 1.4e+00 3.95e-01  4e-01  4e-01 3:25.9
  Gen   50 | Best: 0.84 (raw: 0.8) | Pop mean: 0.82 | Sigma: 0.3952 | Nodes: 16 (mean 66.6) | 2.5s/gen
   61   7808 -8.432416444838805e-01 1.4e+00 3.45e-01  3e-01  3e-01 3:53.2
  Gen   60 | Best: 0.84 (raw: 0.8) | Pop mean: 0.83 | Sigma: 0.3450 | Nodes: 16 (mean 54.9) | 2.7s/gen
   71   9088 -8.432416444838805e-01 1.5e+00 2.98e-01  3e-01  3e-01 4:18.0
  Gen   70 | Best: 0.84 (raw: 0.8) | Pop mean: 0.83 | Sigma: 0.2984 | Nodes: 9 (mean 37.0) | 2.5s/gen
   81  10368 -8.432416444838805e-01 1.5e+00 2.57e-01  3e-01  3e-01 4:40.6
  Gen   80 | Best: 0.84 (raw: 0.8) | Pop mean: 0.83 | Sigma: 0.2568 | Nodes: 32 (mean 32.5) | 2.3s/gen
   91  11648 -8.432416444838805e-01 1.6e+00 2.20e-01  2e-01  2e-01 5:00.8
  Gen   90 | Best: 0.84 (raw: 0.8) | Pop mean: 0.83 | Sigma: 0.2204 | Nodes: 16 (mean 27.9) | 2.0s/gen
Iterat #Fevals   function value  axis ratio  sigma  min&max std  t[m:s]
  101  12928 -8.432416444838805e-01 1.6e+00 1.95e-01  2e-01  2e-01 5:17.6
  Gen  100 | Best: 0.84 (raw: 0.8) | Pop mean: 0.83 | Sigma: 0.1953 | Nodes: 12 (mean 41.8) | 1.7s/gen
  111  14208 -8.432416444838805e-01 1.7e+00 1.71e-01  2e-01  2e-01 5:31.8
  Gen  110 | Best: 0.84 (raw: 0.8) | Pop mean: 0.83 | Sigma: 0.1710 | Nodes: 16 (mean 27.8) | 1.4s/gen
  Gen  120 | Best: 0.84 (raw: 0.8) | Pop mean: 0.84 | Sigma: 0.1448 | Nodes: 12 (mean 20.9) | 0.6s/gen
  131  16768 -8.432416444838805e-01 1.8e+00 1.21e-01  1e-01  1e-01 5:49.0
  Gen  130 | Best: 0.84 (raw: 0.8) | Pop mean: 0.84 | Sigma: 0.1212 | Nodes: 16 (mean 23.4) | 1.1s/gen
  Gen  140 | Best: 0.84 (raw: 0.8) | Pop mean: 0.84 | Sigma: 0.1040 | Nodes: 12 (mean 17.9) | 0.8s/gen
  Gen  150 | Best: 0.84 (raw: 0.8) | Pop mean: 0.83 | Sigma: 0.0874 | Nodes: 16 (mean 20.7) | 0.3s/gen
  161  20608 -8.432416444838805e-01 2.0e+00 7.97e-02  8e-02  8e-02 6:02.4
  Gen  160 | Best: 0.84 (raw: 0.8) | Pop mean: 0.84 | Sigma: 0.0797 | Nodes: 9 (mean 20.2) | 0.2s/gen
  Gen  170 | Best: 0.84 (raw: 0.8) | Pop mean: 0.83 | Sigma: 0.0718 | Nodes: 16 (mean 16.0) | 0.2s/gen
  Gen  180 | Best: 0.84 (raw: 0.8) | Pop mean: 0.84 | Sigma: 0.0661 | Nodes: 12 (mean 18.2) | 0.1s/gen
  Gen  190 | Best: 0.84 (raw: 0.8) | Pop mean: 0.83 | Sigma: 0.0633 | Nodes: 40 (mean 17.9) | 0.2s/gen
Iterat #Fevals   function value  axis ratio  sigma  min&max std  t[m:s]
  Gen  200 | Best: 0.84 (raw: 0.8) | Pop mean: 0.84 | Sigma: 0.0568 | Nodes: 18 (mean 18.3) | 0.2s/gen
  Gen  210 | Best: 0.84 (raw: 0.8) | Pop mean: 0.84 | Sigma: 0.0502 | Nodes: 9 (mean 19.3) | 0.2s/gen
  Gen  220 | Best: 0.84 (raw: 0.8) | Pop mean: 0.83 | Sigma: 0.0419 | Nodes: 16 (mean 16.2) | 0.1s/gen
  Gen  230 | Best: 0.84 (raw: 0.8) | Pop mean: 0.84 | Sigma: 0.0383 | Nodes: 30 (mean 16.9) | 0.2s/gen
  Gen  240 | Best: 0.84 (raw: 0.8) | Pop mean: 0.83 | Sigma: 0.0324 | Nodes: 16 (mean 12.9) | 0.2s/gen
  251  32128 -8.437838903677413e-01 2.7e+00 2.86e-02  3e-02  3e-02 6:16.4
  Gen  250 | Best: 0.84 (raw: 0.8) | Pop mean: 0.84 | Sigma: 0.0286 | Nodes: 40 (mean 13.6) | 0.2s/gen
  Gen  260 | Best: 0.84 (raw: 0.8) | Pop mean: 0.83 | Sigma: 0.0270 | Nodes: 16 (mean 13.2) | 0.2s/gen
  Gen  270 | Best: 0.84 (raw: 0.8) | Pop mean: 0.83 | Sigma: 0.0234 | Nodes: 16 (mean 11.9) | 0.2s/gen
  Gen  280 | Best: 0.84 (raw: 0.8) | Pop mean: 0.83 | Sigma: 0.0194 | Nodes: 16 (mean 12.6) | 0.1s/gen
  291  37248 -8.432416444838805e-01 3.4e+00 1.67e-02  2e-02  2e-02 6:22.5
  Gen  290 | Best: 0.84 (raw: 0.8) | Pop mean: 0.84 | Sigma: 0.0167 | Nodes: 9 (mean 12.4) | 0.2s/gen
Iterat #Fevals   function value  axis ratio  sigma  min&max std  t[m:s]
  Gen  300 | Best: 0.84 (raw: 0.8) | Pop mean: 0.83 | Sigma: 0.0144 | Nodes: 16 (mean 12.1) | 0.2s/gen
  Gen  310 | Best: 0.84 (raw: 0.8) | Pop mean: 0.83 | Sigma: 0.0130 | Nodes: 9 (mean 10.3) | 0.2s/gen
  Gen  320 | Best: 0.84 (raw: 0.8) | Pop mean: 0.83 | Sigma: 0.0123 | Nodes: 40 (mean 22.2) | 0.2s/gen
  Gen  330 | Best: 0.84 (raw: 0.8) | Pop mean: 0.83 | Sigma: 0.0128 | Nodes: 40 (mean 39.8) | 0.2s/gen
  Gen  340 | Best: 0.84 (raw: 0.8) | Pop mean: 0.84 | Sigma: 0.0136 | Nodes: 40 (mean 39.5) | 0.2s/gen
  351  44928 -8.437838903677413e-01 4.6e+00 1.39e-02  1e-02  2e-02 6:32.1
  Gen  350 | Best: 0.84 (raw: 0.8) | Pop mean: 0.84 | Sigma: 0.0139 | Nodes: 40 (mean 39.4) | 0.2s/gen
  361  46208 -8.437838903677413e-01 4.7e+00 1.38e-02  1e-02  2e-02 6:33.8
  Gen  360 | Best: 0.84 (raw: 0.8) | Pop mean: 0.84 | Sigma: 0.0138 | Nodes: 40 (mean 39.5) | 0.2s/gen
  371  47488 -8.437838903677413e-01 4.7e+00 1.42e-02  1e-02  2e-02 6:35.5
  Gen  370 | Best: 0.84 (raw: 0.8) | Pop mean: 0.84 | Sigma: 0.0142 | Nodes: 40 (mean 39.5) | 0.2s/gen
  381  48768 -8.437838903677413e-01 4.8e+00 1.43e-02  1e-02  2e-02 6:37.1
  Gen  380 | Best: 0.84 (raw: 0.8) | Pop mean: 0.84 | Sigma: 0.0143 | Nodes: 40 (mean 39.8) | 0.2s/gen
  391  50048 -8.437838903677413e-01 4.8e+00 1.39e-02  1e-02  2e-02 6:38.8
  Gen  390 | Best: 0.84 (raw: 0.8) | Pop mean: 0.84 | Sigma: 0.0139 | Nodes: 40 (mean 38.7) | 0.2s/gen
Iterat #Fevals   function value  axis ratio  sigma  min&max std  t[m:s]
  401  51328 -8.437838903677413e-01 4.8e+00 1.33e-02  1e-02  2e-02 6:40.4
  Gen  400 | Best: 0.84 (raw: 0.8) | Pop mean: 0.84 | Sigma: 0.0133 | Nodes: 40 (mean 40.0) | 0.2s/gen
  411  52608 -8.437838903677413e-01 4.9e+00 1.32e-02  1e-02  2e-02 6:42.1
  Gen  410 | Best: 0.84 (raw: 0.8) | Pop mean: 0.84 | Sigma: 0.0132 | Nodes: 40 (mean 39.8) | 0.2s/gen
  421  53888 -8.437838903677413e-01 4.9e+00 1.29e-02  1e-02  2e-02 6:43.8
  Gen  420 | Best: 0.84 (raw: 0.8) | Pop mean: 0.84 | Sigma: 0.0129 | Nodes: 40 (mean 40.0) | 0.2s/gen
  431  55168 -8.437838903677413e-01 4.9e+00 1.27e-02  1e-02  2e-02 6:45.4
  Gen  430 | Best: 0.84 (raw: 0.8) | Pop mean: 0.84 | Sigma: 0.0127 | Nodes: 40 (mean 40.0) | 0.2s/gen
  441  56448 -8.437838903677413e-01 4.9e+00 1.29e-02  1e-02  2e-02 6:47.1
  Gen  440 | Best: 0.84 (raw: 0.8) | Pop mean: 0.84 | Sigma: 0.0129 | Nodes: 40 (mean 39.4) | 0.2s/gen
  451  57728 -8.437838903677413e-01 4.9e+00 1.26e-02  1e-02  2e-02 6:48.8
  Gen  450 | Best: 0.84 (raw: 0.8) | Pop mean: 0.84 | Sigma: 0.0126 | Nodes: 40 (mean 40.0) | 0.2s/gen
  461  59008 -8.437838903677413e-01 4.9e+00 1.22e-02  1e-02  2e-02 6:50.4
  Gen  460 | Best: 0.84 (raw: 0.8) | Pop mean: 0.84 | Sigma: 0.0122 | Nodes: 40 (mean 40.0) | 0.2s/gen
  471  60288 -8.437838903677413e-01 4.9e+00 1.24e-02  1e-02  2e-02 6:52.0
  Gen  470 | Best: 0.84 (raw: 0.8) | Pop mean: 0.84 | Sigma: 0.0124 | Nodes: 40 (mean 40.0) | 0.2s/gen
  481  61568 -8.437838903677413e-01 4.9e+00 1.20e-02  1e-02  2e-02 6:53.7
  Gen  480 | Best: 0.84 (raw: 0.8) | Pop mean: 0.84 | Sigma: 0.0120 | Nodes: 40 (mean 39.6) | 0.2s/gen
  491  62848 -8.437838903677413e-01 4.8e+00 1.19e-02  1e-02  2e-02 6:55.3
  Gen  490 | Best: 0.84 (raw: 0.8) | Pop mean: 0.84 | Sigma: 0.0119 | Nodes: 40 (mean 40.0) | 0.2s/gen
Iterat #Fevals   function value  axis ratio  sigma  min&max std  t[m:s]
  501  64128 -8.437838903677413e-01 4.8e+00 1.19e-02  1e-02  2e-02 6:57.0
  Gen  500 | Best: 0.84 (raw: 0.8) | Pop mean: 0.84 | Sigma: 0.0119 | Nodes: 40 (mean 40.0) | 0.2s/gen
  511  65408 -8.437838903677413e-01 4.9e+00 1.26e-02  1e-02  2e-02 6:58.6
  Gen  510 | Best: 0.84 (raw: 0.8) | Pop mean: 0.84 | Sigma: 0.0126 | Nodes: 40 (mean 40.0) | 0.2s/gen
  521  66688 -8.437838903677413e-01 4.9e+00 1.30e-02  1e-02  2e-02 7:00.3
  Gen  520 | Best: 0.84 (raw: 0.8) | Pop mean: 0.84 | Sigma: 0.0130 | Nodes: 40 (mean 40.0) | 0.2s/gen
  531  67968 -8.437838903677413e-01 4.9e+00 1.32e-02  1e-02  2e-02 7:01.9
  Gen  530 | Best: 0.84 (raw: 0.8) | Pop mean: 0.84 | Sigma: 0.0132 | Nodes: 40 (mean 40.0) | 0.2s/gen
  541  69248 -8.437838903677413e-01 4.9e+00 1.42e-02  1e-02  2e-02 7:03.6
  Gen  540 | Best: 0.84 (raw: 0.8) | Pop mean: 0.84 | Sigma: 0.0142 | Nodes: 40 (mean 40.0) | 0.2s/gen
  551  70528 -8.437838903677413e-01 4.9e+00 1.35e-02  1e-02  2e-02 7:05.2
  Gen  550 | Best: 0.84 (raw: 0.8) | Pop mean: 0.84 | Sigma: 0.0135 | Nodes: 40 (mean 39.9) | 0.2s/gen
  561  71808 -8.437838903677413e-01 4.9e+00 1.31e-02  1e-02  2e-02 7:06.9
  Gen  560 | Best: 0.84 (raw: 0.8) | Pop mean: 0.84 | Sigma: 0.0131 | Nodes: 40 (mean 40.0) | 0.2s/gen
  571  73088 -8.437838903677413e-01 4.9e+00 1.31e-02  1e-02  2e-02 7:08.6
  Gen  570 | Best: 0.84 (raw: 0.8) | Pop mean: 0.84 | Sigma: 0.0131 | Nodes: 40 (mean 39.8) | 0.2s/gen
  581  74368 -8.437838903677413e-01 4.9e+00 1.29e-02  1e-02  2e-02 7:10.4
  Gen  580 | Best: 0.84 (raw: 0.8) | Pop mean: 0.84 | Sigma: 0.0129 | Nodes: 40 (mean 40.0) | 0.2s/gen
  591  75648 -8.437838903677413e-01 4.9e+00 1.27e-02  1e-02  2e-02 7:12.0
  Gen  590 | Best: 0.84 (raw: 0.8) | Pop mean: 0.84 | Sigma: 0.0127 | Nodes: 40 (mean 40.0) | 0.2s/gen
Iterat #Fevals   function value  axis ratio  sigma  min&max std  t[m:s]
  601  76928 -8.437838903677413e-01 4.9e+00 1.20e-02  1e-02  2e-02 7:13.6
  Gen  600 | Best: 0.84 (raw: 0.8) | Pop mean: 0.84 | Sigma: 0.0120 | Nodes: 40 (mean 40.0) | 0.2s/gen
  611  78208 -8.437838903677413e-01 5.0e+00 1.12e-02  1e-02  2e-02 7:15.2
  Gen  610 | Best: 0.84 (raw: 0.8) | Pop mean: 0.84 | Sigma: 0.0112 | Nodes: 40 (mean 40.0) | 0.2s/gen
  621  79488 -8.437838903677413e-01 5.0e+00 1.09e-02  1e-02  2e-02 7:16.9
  Gen  620 | Best: 0.84 (raw: 0.8) | Pop mean: 0.84 | Sigma: 0.0109 | Nodes: 40 (mean 40.0) | 0.2s/gen
  631  80768 -8.437838903677413e-01 5.0e+00 1.04e-02  9e-03  2e-02 7:18.6
  Gen  630 | Best: 0.84 (raw: 0.8) | Pop mean: 0.84 | Sigma: 0.0104 | Nodes: 40 (mean 40.0) | 0.2s/gen
  641  82048 -8.437838903677413e-01 5.0e+00 1.07e-02  1e-02  2e-02 7:20.2
  Gen  640 | Best: 0.84 (raw: 0.8) | Pop mean: 0.84 | Sigma: 0.0107 | Nodes: 40 (mean 40.0) | 0.2s/gen
  651  83328 -8.437838903677413e-01 5.0e+00 1.08e-02  1e-02  2e-02 7:21.8
  Gen  650 | Best: 0.84 (raw: 0.8) | Pop mean: 0.84 | Sigma: 0.0108 | Nodes: 40 (mean 40.0) | 0.2s/gen
  661  84608 -8.437838903677413e-01 5.0e+00 1.04e-02  9e-03  2e-02 7:23.5
  Gen  660 | Best: 0.84 (raw: 0.8) | Pop mean: 0.84 | Sigma: 0.0104 | Nodes: 40 (mean 40.0) | 0.2s/gen
  671  85888 -8.437838903677413e-01 5.0e+00 9.71e-03  9e-03  1e-02 7:25.2
  Gen  670 | Best: 0.84 (raw: 0.8) | Pop mean: 0.84 | Sigma: 0.0097 | Nodes: 40 (mean 40.0) | 0.2s/gen
  681  87168 -8.437838903677413e-01 5.0e+00 9.57e-03  9e-03  1e-02 7:27.0
  Gen  680 | Best: 0.84 (raw: 0.8) | Pop mean: 0.84 | Sigma: 0.0096 | Nodes: 40 (mean 40.0) | 0.2s/gen
  691  88448 -8.437838903677413e-01 5.0e+00 9.21e-03  8e-03  1e-02 7:28.8
  Gen  690 | Best: 0.84 (raw: 0.8) | Pop mean: 0.84 | Sigma: 0.0092 | Nodes: 40 (mean 40.0) | 0.2s/gen
Iterat #Fevals   function value  axis ratio  sigma  min&max std  t[m:s]
  701  89728 -8.437838903677413e-01 5.1e+00 9.24e-03  8e-03  1e-02 7:30.6
  Gen  700 | Best: 0.84 (raw: 0.8) | Pop mean: 0.84 | Sigma: 0.0092 | Nodes: 40 (mean 40.0) | 0.2s/gen
  711  91008 -8.437838903677413e-01 5.1e+00 9.74e-03  9e-03  1e-02 7:32.3
  Gen  710 | Best: 0.84 (raw: 0.8) | Pop mean: 0.84 | Sigma: 0.0097 | Nodes: 40 (mean 40.0) | 0.2s/gen
  721  92288 -8.437838903677413e-01 5.1e+00 9.92e-03  9e-03  1e-02 7:34.2
  Gen  720 | Best: 0.84 (raw: 0.8) | Pop mean: 0.84 | Sigma: 0.0099 | Nodes: 40 (mean 40.0) | 0.2s/gen
  731  93568 -8.437838903677413e-01 5.1e+00 9.16e-03  8e-03  1e-02 7:35.9
  Gen  730 | Best: 0.84 (raw: 0.8) | Pop mean: 0.84 | Sigma: 0.0092 | Nodes: 40 (mean 40.0) | 0.2s/gen
  741  94848 -8.437838903677413e-01 5.1e+00 8.91e-03  8e-03  1e-02 7:37.6
  Gen  740 | Best: 0.84 (raw: 0.8) | Pop mean: 0.84 | Sigma: 0.0089 | Nodes: 40 (mean 40.0) | 0.2s/gen
  751  96128 -8.437838903677413e-01 5.1e+00 8.27e-03  7e-03  1e-02 7:39.4
  Gen  750 | Best: 0.84 (raw: 0.8) | Pop mean: 0.84 | Sigma: 0.0083 | Nodes: 40 (mean 40.0) | 0.2s/gen
  761  97408 -8.437838903677413e-01 5.1e+00 7.78e-03  7e-03  1e-02 7:41.1
  Gen  760 | Best: 0.84 (raw: 0.8) | Pop mean: 0.84 | Sigma: 0.0078 | Nodes: 40 (mean 40.0) | 0.2s/gen
  771  98688 -8.437838903677413e-01 5.2e+00 7.17e-03  6e-03  1e-02 7:42.8
  Gen  770 | Best: 0.84 (raw: 0.8) | Pop mean: 0.84 | Sigma: 0.0072 | Nodes: 40 (mean 40.0) | 0.2s/gen
  781  99968 -8.437838903677413e-01 5.2e+00 7.03e-03  6e-03  1e-02 7:44.6
  Gen  780 | Best: 0.84 (raw: 0.8) | Pop mean: 0.84 | Sigma: 0.0070 | Nodes: 40 (mean 40.0) | 0.2s/gen
  791 101248 -8.437838903677413e-01 5.2e+00 6.72e-03  6e-03  1e-02 7:46.4
  Gen  790 | Best: 0.84 (raw: 0.8) | Pop mean: 0.84 | Sigma: 0.0067 | Nodes: 40 (mean 40.0) | 0.2s/gen
Iterat #Fevals   function value  axis ratio  sigma  min&max std  t[m:s]
  801 102528 -8.437838903677413e-01 5.2e+00 6.79e-03  6e-03  1e-02 7:48.1
  Gen  800 | Best: 0.84 (raw: 0.8) | Pop mean: 0.84 | Sigma: 0.0068 | Nodes: 40 (mean 40.0) | 0.2s/gen
  811 103808 -8.437838903677413e-01 5.2e+00 7.17e-03  6e-03  1e-02 7:49.8
  Gen  810 | Best: 0.84 (raw: 0.8) | Pop mean: 0.84 | Sigma: 0.0072 | Nodes: 40 (mean 40.0) | 0.2s/gen
  821 105088 -8.437838903677413e-01 5.2e+00 7.10e-03  6e-03  1e-02 7:51.6
  Gen  820 | Best: 0.84 (raw: 0.8) | Pop mean: 0.84 | Sigma: 0.0071 | Nodes: 40 (mean 39.8) | 0.2s/gen
  831 106368 -8.437838903677413e-01 5.2e+00 6.79e-03  6e-03  1e-02 7:53.3
  Gen  830 | Best: 0.84 (raw: 0.8) | Pop mean: 0.84 | Sigma: 0.0068 | Nodes: 40 (mean 39.7) | 0.2s/gen
  841 107648 -8.437838903677413e-01 5.2e+00 6.63e-03  6e-03  1e-02 7:55.0
  Gen  840 | Best: 0.84 (raw: 0.8) | Pop mean: 0.84 | Sigma: 0.0066 | Nodes: 40 (mean 40.0) | 0.2s/gen
  851 108928 -8.437838903677413e-01 5.2e+00 6.74e-03  6e-03  1e-02 7:56.8
  Gen  850 | Best: 0.84 (raw: 0.8) | Pop mean: 0.84 | Sigma: 0.0067 | Nodes: 40 (mean 39.8) | 0.2s/gen
  861 110208 -8.437838903677413e-01 5.3e+00 6.73e-03  6e-03  1e-02 7:58.6
  Gen  860 | Best: 0.84 (raw: 0.8) | Pop mean: 0.84 | Sigma: 0.0067 | Nodes: 40 (mean 40.0) | 0.2s/gen
  871 111488 -8.437838903677413e-01 5.3e+00 6.50e-03  6e-03  9e-03 8:00.3
  Gen  870 | Best: 0.84 (raw: 0.8) | Pop mean: 0.84 | Sigma: 0.0065 | Nodes: 40 (mean 39.6) | 0.2s/gen
  881 112768 -8.437838903677413e-01 5.3e+00 6.25e-03  6e-03  9e-03 8:02.0
  Gen  880 | Best: 0.84 (raw: 0.8) | Pop mean: 0.84 | Sigma: 0.0062 | Nodes: 40 (mean 39.8) | 0.2s/gen
  891 114048 -8.437838903677413e-01 5.3e+00 5.83e-03  5e-03  8e-03 8:03.7
  Gen  890 | Best: 0.84 (raw: 0.8) | Pop mean: 0.84 | Sigma: 0.0058 | Nodes: 40 (mean 39.8) | 0.2s/gen
Iterat #Fevals   function value  axis ratio  sigma  min&max std  t[m:s]
  901 115328 -8.437838903677413e-01 5.3e+00 5.55e-03  5e-03  8e-03 8:05.5
  Gen  900 | Best: 0.84 (raw: 0.8) | Pop mean: 0.84 | Sigma: 0.0056 | Nodes: 40 (mean 39.6) | 0.2s/gen
  911 116608 -8.437838903677413e-01 5.4e+00 5.88e-03  5e-03  9e-03 8:07.3
  Gen  910 | Best: 0.84 (raw: 0.8) | Pop mean: 0.84 | Sigma: 0.0059 | Nodes: 40 (mean 40.0) | 0.2s/gen
  921 117888 -8.437838903677413e-01 5.4e+00 6.26e-03  6e-03  9e-03 8:09.1
  Gen  920 | Best: 0.84 (raw: 0.8) | Pop mean: 0.84 | Sigma: 0.0063 | Nodes: 40 (mean 40.0) | 0.2s/gen
  931 119168 -8.437838903677413e-01 5.4e+00 6.00e-03  5e-03  9e-03 8:10.8
  Gen  930 | Best: 0.84 (raw: 0.8) | Pop mean: 0.84 | Sigma: 0.0060 | Nodes: 40 (mean 40.0) | 0.2s/gen
  941 120448 -8.437838903677413e-01 5.4e+00 5.60e-03  5e-03  8e-03 8:12.5
  Gen  940 | Best: 0.84 (raw: 0.8) | Pop mean: 0.84 | Sigma: 0.0056 | Nodes: 40 (mean 40.0) | 0.2s/gen
  951 121728 -8.437838903677413e-01 5.4e+00 5.66e-03  5e-03  8e-03 8:14.2
  Gen  950 | Best: 0.84 (raw: 0.8) | Pop mean: 0.84 | Sigma: 0.0057 | Nodes: 40 (mean 40.0) | 0.2s/gen
  961 123008 -8.437838903677413e-01 5.4e+00 5.69e-03  5e-03  8e-03 8:15.9
  Gen  960 | Best: 0.84 (raw: 0.8) | Pop mean: 0.84 | Sigma: 0.0057 | Nodes: 40 (mean 40.0) | 0.2s/gen
  971 124288 -8.437838903677413e-01 5.4e+00 5.76e-03  5e-03  8e-03 8:17.6
  Gen  970 | Best: 0.84 (raw: 0.8) | Pop mean: 0.84 | Sigma: 0.0058 | Nodes: 40 (mean 40.0) | 0.2s/gen
  981 125568 -8.437838903677413e-01 5.4e+00 5.54e-03  5e-03  8e-03 8:19.3
  Gen  980 | Best: 0.84 (raw: 0.8) | Pop mean: 0.84 | Sigma: 0.0055 | Nodes: 40 (mean 40.0) | 0.2s/gen
  991 126848 -8.437838903677413e-01 5.4e+00 5.34e-03  5e-03  8e-03 8:21.0
  Gen  990 | Best: 0.84 (raw: 0.8) | Pop mean: 0.84 | Sigma: 0.0053 | Nodes: 40 (mean 40.0) | 0.2s/gen
Iterat #Fevals   function value  axis ratio  sigma  min&max std  t[m:s]
 1001 128128 -8.437838903677413e-01 5.4e+00 5.81e-03  5e-03  8e-03 8:22.8
  Gen 1000 | Best: 0.84 (raw: 0.8) | Pop mean: 0.84 | Sigma: 0.0058 | Nodes: 40 (mean 40.0) | 0.2s/gen
 1011 129408 -8.437838903677413e-01 5.4e+00 5.91e-03  6e-03  9e-03 8:24.5
  Gen 1010 | Best: 0.84 (raw: 0.8) | Pop mean: 0.84 | Sigma: 0.0059 | Nodes: 40 (mean 40.0) | 0.2s/gen
 1021 130688 -8.437838903677413e-01 5.4e+00 6.03e-03  6e-03  9e-03 8:26.2
  Gen 1020 | Best: 0.84 (raw: 0.8) | Pop mean: 0.84 | Sigma: 0.0060 | Nodes: 40 (mean 40.0) | 0.2s/gen
 1031 131968 -8.437838903677413e-01 5.4e+00 6.33e-03  6e-03  9e-03 8:27.9
  Gen 1030 | Best: 0.84 (raw: 0.8) | Pop mean: 0.84 | Sigma: 0.0063 | Nodes: 40 (mean 40.0) | 0.2s/gen
 1041 133248 -8.437838903677413e-01 5.4e+00 6.21e-03  6e-03  9e-03 8:29.8
  Gen 1040 | Best: 0.84 (raw: 0.8) | Pop mean: 0.84 | Sigma: 0.0062 | Nodes: 40 (mean 40.0) | 0.2s/gen
 1051 134528 -8.437838903677413e-01 5.5e+00 5.88e-03  5e-03  8e-03 8:31.5
  Gen 1050 | Best: 0.84 (raw: 0.8) | Pop mean: 0.84 | Sigma: 0.0059 | Nodes: 40 (mean 40.0) | 0.2s/gen
 1061 135808 -8.437838903677413e-01 5.5e+00 6.11e-03  6e-03  9e-03 8:33.2
  Gen 1060 | Best: 0.84 (raw: 0.8) | Pop mean: 0.84 | Sigma: 0.0061 | Nodes: 40 (mean 40.0) | 0.2s/gen
 1071 137088 -8.437838903677413e-01 5.5e+00 6.42e-03  6e-03  9e-03 8:34.9
  Gen 1070 | Best: 0.84 (raw: 0.8) | Pop mean: 0.84 | Sigma: 0.0064 | Nodes: 40 (mean 39.6) | 0.2s/gen
 1081 138368 -8.437838903677413e-01 5.5e+00 6.66e-03  6e-03  1e-02 8:36.6
  Gen 1080 | Best: 0.84 (raw: 0.8) | Pop mean: 0.84 | Sigma: 0.0067 | Nodes: 40 (mean 39.5) | 0.2s/gen
 1091 139648 -8.437838903677413e-01 5.5e+00 6.90e-03  6e-03  1e-02 8:38.4
  Gen 1090 | Best: 0.84 (raw: 0.8) | Pop mean: 0.84 | Sigma: 0.0069 | Nodes: 40 (mean 40.0) | 0.2s/gen
Iterat #Fevals   function value  axis ratio  sigma  min&max std  t[m:s]
 1101 140928 -8.437838903677413e-01 5.6e+00 6.92e-03  6e-03  1e-02 8:40.1
  Gen 1100 | Best: 0.84 (raw: 0.8) | Pop mean: 0.84 | Sigma: 0.0069 | Nodes: 40 (mean 40.0) | 0.2s/gen
 1111 142208 -8.437838903677413e-01 5.6e+00 6.69e-03  6e-03  1e-02 8:41.8
  Gen 1110 | Best: 0.84 (raw: 0.8) | Pop mean: 0.84 | Sigma: 0.0067 | Nodes: 40 (mean 40.0) | 0.2s/gen
 1121 143488 -8.437838903677413e-01 5.6e+00 6.44e-03  6e-03  9e-03 8:43.6
  Gen 1120 | Best: 0.84 (raw: 0.8) | Pop mean: 0.84 | Sigma: 0.0064 | Nodes: 40 (mean 40.0) | 0.2s/gen
 1131 144768 -8.437838903677413e-01 5.6e+00 6.68e-03  6e-03  1e-02 8:45.4
  Gen 1130 | Best: 0.84 (raw: 0.8) | Pop mean: 0.84 | Sigma: 0.0067 | Nodes: 40 (mean 40.0) | 0.2s/gen
 1141 146048 -8.437838903677413e-01 5.6e+00 6.62e-03  6e-03  1e-02 8:47.4
  Gen 1140 | Best: 0.84 (raw: 0.8) | Pop mean: 0.84 | Sigma: 0.0066 | Nodes: 40 (mean 40.0) | 0.2s/gen
 1151 147328 -8.437838903677413e-01 5.6e+00 6.60e-03  6e-03  1e-02 8:49.2
  Gen 1150 | Best: 0.84 (raw: 0.8) | Pop mean: 0.84 | Sigma: 0.0066 | Nodes: 40 (mean 40.0) | 0.2s/gen
 1161 148608 -8.437838903677413e-01 5.7e+00 6.59e-03  6e-03  1e-02 8:51.0
  Gen 1160 | Best: 0.84 (raw: 0.8) | Pop mean: 0.84 | Sigma: 0.0066 | Nodes: 40 (mean 40.0) | 0.2s/gen
 1171 149888 -8.437838903677413e-01 5.7e+00 6.83e-03  6e-03  1e-02 8:53.0
  Gen 1170 | Best: 0.84 (raw: 0.8) | Pop mean: 0.84 | Sigma: 0.0068 | Nodes: 40 (mean 40.0) | 0.2s/gen
 1181 151168 -8.437838903677413e-01 5.7e+00 6.70e-03  6e-03  1e-02 8:54.9
  Gen 1180 | Best: 0.84 (raw: 0.8) | Pop mean: 0.84 | Sigma: 0.0067 | Nodes: 40 (mean 40.0) | 0.2s/gen
 1191 152448 -8.437838903677413e-01 5.7e+00 6.51e-03  6e-03  9e-03 8:56.8
  Gen 1190 | Best: 0.84 (raw: 0.8) | Pop mean: 0.84 | Sigma: 0.0065 | Nodes: 40 (mean 40.0) | 0.2s/gen
Iterat #Fevals   function value  axis ratio  sigma  min&max std  t[m:s]
 1201 153728 -8.437838903677413e-01 5.7e+00 6.62e-03  6e-03  1e-02 8:58.7
  Gen 1200 | Best: 0.84 (raw: 0.8) | Pop mean: 0.84 | Sigma: 0.0066 | Nodes: 40 (mean 40.0) | 0.2s/gen
 1211 155008 -8.437838903677413e-01 5.8e+00 6.71e-03  6e-03  1e-02 9:00.6
  Gen 1210 | Best: 0.84 (raw: 0.8) | Pop mean: 0.84 | Sigma: 0.0067 | Nodes: 40 (mean 40.0) | 0.2s/gen
 1221 156288 -8.437838903677413e-01 5.8e+00 6.52e-03  6e-03  9e-03 9:02.5
  Gen 1220 | Best: 0.84 (raw: 0.8) | Pop mean: 0.84 | Sigma: 0.0065 | Nodes: 40 (mean 40.0) | 0.2s/gen
 1231 157568 -8.437838903677413e-01 5.8e+00 6.47e-03  6e-03  9e-03 9:04.4
  Gen 1230 | Best: 0.84 (raw: 0.8) | Pop mean: 0.84 | Sigma: 0.0065 | Nodes: 40 (mean 40.0) | 0.2s/gen
 1241 158848 -8.437838903677413e-01 5.8e+00 6.34e-03  6e-03  9e-03 9:06.4
  Gen 1240 | Best: 0.84 (raw: 0.8) | Pop mean: 0.84 | Sigma: 0.0063 | Nodes: 40 (mean 40.0) | 0.2s/gen
 1251 160128 -8.437838903677413e-01 5.8e+00 6.11e-03  6e-03  9e-03 9:08.3
  Gen 1250 | Best: 0.84 (raw: 0.8) | Pop mean: 0.84 | Sigma: 0.0061 | Nodes: 40 (mean 40.0) | 0.2s/gen
 1261 161408 -8.437838903677413e-01 5.8e+00 5.65e-03  5e-03  8e-03 9:10.3
  Gen 1260 | Best: 0.84 (raw: 0.8) | Pop mean: 0.84 | Sigma: 0.0057 | Nodes: 40 (mean 40.0) | 0.2s/gen
 1271 162688 -8.437838903677413e-01 5.8e+00 5.26e-03  5e-03  8e-03 9:12.1
  Gen 1270 | Best: 0.84 (raw: 0.8) | Pop mean: 0.84 | Sigma: 0.0053 | Nodes: 40 (mean 40.0) | 0.2s/gen
 1281 163968 -8.437838903677413e-01 5.9e+00 5.37e-03  5e-03  8e-03 9:14.0
  Gen 1280 | Best: 0.84 (raw: 0.8) | Pop mean: 0.84 | Sigma: 0.0054 | Nodes: 40 (mean 40.0) | 0.2s/gen
 1291 165248 -8.437838903677413e-01 5.9e+00 5.34e-03  5e-03  8e-03 9:15.9
  Gen 1290 | Best: 0.84 (raw: 0.8) | Pop mean: 0.84 | Sigma: 0.0053 | Nodes: 40 (mean 40.0) | 0.2s/gen
Iterat #Fevals   function value  axis ratio  sigma  min&max std  t[m:s]
 1301 166528 -8.437838903677413e-01 5.9e+00 5.44e-03  5e-03  8e-03 9:17.8
  Gen 1300 | Best: 0.84 (raw: 0.8) | Pop mean: 0.84 | Sigma: 0.0054 | Nodes: 40 (mean 40.0) | 0.2s/gen
 1311 167808 -8.437838903677413e-01 5.9e+00 5.57e-03  5e-03  8e-03 9:19.7
  Gen 1310 | Best: 0.84 (raw: 0.8) | Pop mean: 0.84 | Sigma: 0.0056 | Nodes: 40 (mean 40.0) | 0.2s/gen
 1321 169088 -8.437838903677413e-01 5.9e+00 5.38e-03  5e-03  8e-03 9:21.6
  Gen 1320 | Best: 0.84 (raw: 0.8) | Pop mean: 0.84 | Sigma: 0.0054 | Nodes: 40 (mean 40.0) | 0.2s/gen
 1331 170368 -8.437838903677413e-01 5.9e+00 5.21e-03  5e-03  8e-03 9:23.6
  Gen 1330 | Best: 0.84 (raw: 0.8) | Pop mean: 0.84 | Sigma: 0.0052 | Nodes: 40 (mean 40.0) | 0.2s/gen
 1341 171648 -8.437838903677413e-01 5.9e+00 5.08e-03  5e-03  7e-03 9:25.4
  Gen 1340 | Best: 0.84 (raw: 0.8) | Pop mean: 0.84 | Sigma: 0.0051 | Nodes: 40 (mean 40.0) | 0.2s/gen
 1351 172928 -8.437838903677413e-01 5.9e+00 4.90e-03  5e-03  7e-03 9:27.3
  Gen 1350 | Best: 0.84 (raw: 0.8) | Pop mean: 0.84 | Sigma: 0.0049 | Nodes: 40 (mean 40.0) | 0.2s/gen
 1361 174208 -8.437838903677413e-01 5.9e+00 4.43e-03  5e-03  6e-03 9:29.2
  Gen 1360 | Best: 0.84 (raw: 0.8) | Pop mean: 0.84 | Sigma: 0.0044 | Nodes: 40 (mean 40.0) | 0.2s/gen
 1371 175488 -8.437838903677413e-01 6.0e+00 4.30e-03  5e-03  6e-03 9:31.2
  Gen 1370 | Best: 0.84 (raw: 0.8) | Pop mean: 0.84 | Sigma: 0.0043 | Nodes: 40 (mean 40.0) | 0.2s/gen
 1381 176768 -8.437838903677413e-01 6.0e+00 4.47e-03  5e-03  6e-03 9:33.5
  Gen 1380 | Best: 0.84 (raw: 0.8) | Pop mean: 0.84 | Sigma: 0.0045 | Nodes: 40 (mean 40.0) | 0.2s/gen
 1391 178048 -8.437838903677413e-01 6.0e+00 4.30e-03  5e-03  6e-03 9:35.2
  Gen 1390 | Best: 0.84 (raw: 0.8) | Pop mean: 0.84 | Sigma: 0.0043 | Nodes: 40 (mean 40.0) | 0.2s/gen
Iterat #Fevals   function value  axis ratio  sigma  min&max std  t[m:s]
 1401 179328 -8.437838903677413e-01 6.0e+00 4.15e-03  5e-03  6e-03 9:36.9
  Gen 1400 | Best: 0.84 (raw: 0.8) | Pop mean: 0.84 | Sigma: 0.0042 | Nodes: 40 (mean 40.0) | 0.2s/gen
 1411 180608 -8.437838903677413e-01 6.0e+00 4.08e-03  5e-03  6e-03 9:38.6
  Gen 1410 | Best: 0.84 (raw: 0.8) | Pop mean: 0.84 | Sigma: 0.0041 | Nodes: 40 (mean 40.0) | 0.2s/gen
 1421 181888 -8.437838903677413e-01 6.0e+00 3.85e-03  5e-03  6e-03 9:40.4
  Gen 1420 | Best: 0.84 (raw: 0.8) | Pop mean: 0.84 | Sigma: 0.0039 | Nodes: 40 (mean 40.0) | 0.2s/gen
 1431 183168 -8.437838903677413e-01 6.1e+00 4.01e-03  5e-03  6e-03 9:42.2
  Gen 1430 | Best: 0.84 (raw: 0.8) | Pop mean: 0.84 | Sigma: 0.0040 | Nodes: 40 (mean 40.0) | 0.2s/gen
 1441 184448 -8.437838903677413e-01 6.1e+00 4.08e-03  5e-03  6e-03 9:44.0
  Gen 1440 | Best: 0.84 (raw: 0.8) | Pop mean: 0.84 | Sigma: 0.0041 | Nodes: 40 (mean 40.0) | 0.2s/gen
 1451 185728 -8.437838903677413e-01 6.1e+00 4.04e-03  5e-03  6e-03 9:45.8
  Gen 1450 | Best: 0.84 (raw: 0.8) | Pop mean: 0.84 | Sigma: 0.0040 | Nodes: 40 (mean 40.0) | 0.2s/gen
 1461 187008 -8.437838903677413e-01 6.1e+00 4.16e-03  5e-03  6e-03 9:47.5
  Gen 1460 | Best: 0.84 (raw: 0.8) | Pop mean: 0.84 | Sigma: 0.0042 | Nodes: 40 (mean 40.0) | 0.2s/gen
 1471 188288 -8.437838903677413e-01 6.1e+00 4.11e-03  5e-03  6e-03 9:49.2
  Gen 1470 | Best: 0.84 (raw: 0.8) | Pop mean: 0.84 | Sigma: 0.0041 | Nodes: 40 (mean 40.0) | 0.2s/gen
 1481 189568 -8.437838903677413e-01 6.1e+00 4.18e-03  5e-03  6e-03 9:50.9
  Gen 1480 | Best: 0.84 (raw: 0.8) | Pop mean: 0.84 | Sigma: 0.0042 | Nodes: 40 (mean 40.0) | 0.2s/gen
 1491 190848 -8.437838903677413e-01 6.1e+00 4.27e-03  5e-03  6e-03 9:52.6
  Gen 1490 | Best: 0.84 (raw: 0.8) | Pop mean: 0.84 | Sigma: 0.0043 | Nodes: 40 (mean 40.0) | 0.2s/gen
[1789304372] archived 1500 generations | best-ever matches log: True | pop mean matches log: True | final genome matches saved: True | VERIFIED=True

[1789304978] replaying ...
Model ID: 1789335546

Config:
{'CMA_elitist': True, 'NN_transform_node_embedding_during_growth': True, 'additive_update': False, 'arrows': True, 'balanced_weights': False, 'binary_connectivity': False, 'checkpoint_id': None, 'coevolve_initial_embeddings': True, 'dev_mode': 0, 'device': 0, 'early_stopping': False, 'early_stopping_conditions': {'generation': 500, 'objective_value': -3}, 'edge_based_growth': False, 'env_seed': None, 'environment': 'KA_retina', 'evolution_feval_check_N': 10, 'evolution_feval_check_every': 2000, 'extra_nodes': -1, 'fewer_edges': False, 'fewer_nodes': False, 'flattening_stopping': False, 'flattening_stopping_conditions': {'last_generations': 500, 'min_generation': 1500, 'min_std': 5}, 'generations': 1500, 'group': 'default', 'growth_model_bias': True, 'growth_model_last_layer_activated': False, 'histogram_degree': 0, 'initial_embeddings_random': False, 'initial_sparsity': 1, 'layout': 'random_fixed', 'maximise': True, 'minstd': 0.005, 'mlp_embedding_transform_hidden_layers_dims': [5], 'mlp_growth_hidden_layers_dims': [5], 'mlp_weight_values_bias': True, 'mlp_weight_values_hidden_layers_dims': [5], 'mlp_weight_values_last_layer_activated': True, 'nb_episode_evals': 1, 'nb_growth_evals': 1, 'network_thinking_time_extra_growth': 2, 'network_thinking_time_extra_rollout': 3, 'node_based_growth': True, 'node_embedding_size': 3, 'node_pairs_based_growth': False, 'notes experiment': None, 'number_of_growth_cycles': 6, 'optimizer': 'CMAES', 'persistent_observation_rollout': True, 'popsize': 128, 'print_every': 10, 'probabilistic_growth': False, 'project_name': 'Developmental networks', 'prunning_phase': False, 'prunning_threshold': 0.3, 'recurrent_activation_function': 'tanh', 'render': 1, 'return_loss': 0, 'reward_if_graph_too_small': 200, 'save_model': 1, 'seed': 1231914, 'self_link_allowed_during_querying': False, 'shared_intial_embedding': True, 'shared_intial_graph_bool': True, 'sigma_init': 0.5, 'threads': -1, 'transform_model_bias': True, 'transform_model_last_layer_activated': True, 'undirected': True, 'use_torch': False, 'visualise_network': 0, 'x0_dist': 'U[-1,1]', 'log_gen_time': True, 'snapshot': True, 'show': False, 'nb_eval_seeds': 10, 'balanced_fitness': True, 'operation': 'and', 'mvg': False, 'mvg_ops': ['and', 'or'], 'mvg_switch_interval': 20, 'target': 1.0, 'id': '1789335546', '_path': 'saved_models/1789335546'}

Seed:  1231914
Env_seed:  None
The growth model has 111 trainable parameters
(64_w,128)-aCMA-ES (mu_w=34.2,w_1=6%) in dimension 111 (seed=1231914, Sun Sep 13 22:39:06 2026)

.......................................................

Initilisating CMA-ES with 111 trainable parameters 


--- Starting Evolution ---


Using 16 cores

Baseline (untrained x0 DNA): fitness=0.7839 (raw=0.8) | Nodes: 549

Iterat #Fevals   function value  axis ratio  sigma  min&max std  t[m:s]
    1    128 -8.239179729862960e-01 1.0e+00 4.88e-01  5e-01  5e-01 0:19.6
  Gen    0 | Best: 0.82 (raw: 0.8) | Pop mean: 0.60 | Sigma: 0.4884 | Nodes: 9 (mean 246.3) | 2.1s/gen
   11   1408 -8.432416444838805e-01 1.1e+00 5.45e-01  5e-01  5e-01 1:12.0
  Gen   10 | Best: 0.84 (raw: 0.8) | Pop mean: 0.82 | Sigma: 0.5452 | Nodes: 9 (mean 21.5) | 5.2s/gen
   21   2688 -8.432416444838805e-01 1.2e+00 5.48e-01  5e-01  6e-01 1:21.1
  Gen   20 | Best: 0.84 (raw: 0.8) | Pop mean: 0.82 | Sigma: 0.5480 | Nodes: 9 (mean 11.5) | 0.9s/gen
   31   3968 -8.432416444838805e-01 1.3e+00 5.30e-01  5e-01  5e-01 1:31.9
  Gen   30 | Best: 0.84 (raw: 0.8) | Pop mean: 0.83 | Sigma: 0.5296 | Nodes: 9 (mean 9.2) | 1.1s/gen
   41   5248 -8.432416444838805e-01 1.3e+00 5.25e-01  5e-01  5e-01 1:48.2
  Gen   40 | Best: 0.84 (raw: 0.8) | Pop mean: 0.83 | Sigma: 0.5245 | Nodes: 9 (mean 17.8) | 1.6s/gen
   51   6528 -8.432416444838805e-01 1.4e+00 5.09e-01  5e-01  5e-01 1:54.5
  Gen   50 | Best: 0.84 (raw: 0.8) | Pop mean: 0.82 | Sigma: 0.5086 | Nodes: 9 (mean 15.1) | 0.6s/gen
   61   7808 -8.432416444838805e-01 1.4e+00 5.05e-01  5e-01  5e-01 1:59.6
  Gen   60 | Best: 0.84 (raw: 0.8) | Pop mean: 0.83 | Sigma: 0.5052 | Nodes: 9 (mean 9.4) | 0.5s/gen
   71   9088 -8.432416444838805e-01 1.4e+00 5.16e-01  5e-01  5e-01 2:06.9
  Gen   70 | Best: 0.84 (raw: 0.8) | Pop mean: 0.83 | Sigma: 0.5161 | Nodes: 9 (mean 11.5) | 0.7s/gen
   81  10368 -8.432416444838805e-01 1.5e+00 5.16e-01  5e-01  5e-01 2:17.5
  Gen   80 | Best: 0.84 (raw: 0.8) | Pop mean: 0.82 | Sigma: 0.5156 | Nodes: 9 (mean 16.4) | 1.1s/gen
   91  11648 -8.432416444838805e-01 1.5e+00 5.18e-01  5e-01  5e-01 2:27.4
  Gen   90 | Best: 0.84 (raw: 0.8) | Pop mean: 0.83 | Sigma: 0.5175 | Nodes: 9 (mean 15.6) | 1.0s/gen
Iterat #Fevals   function value  axis ratio  sigma  min&max std  t[m:s]
  101  12928 -8.432416444838805e-01 1.5e+00 5.08e-01  5e-01  5e-01 2:34.2
  Gen  100 | Best: 0.84 (raw: 0.8) | Pop mean: 0.83 | Sigma: 0.5078 | Nodes: 9 (mean 9.0) | 0.7s/gen
  111  14208 -8.432416444838805e-01 1.5e+00 4.81e-01  5e-01  5e-01 2:39.0
  Gen  110 | Best: 0.84 (raw: 0.8) | Pop mean: 0.83 | Sigma: 0.4811 | Nodes: 9 (mean 9.1) | 0.5s/gen
  121  15488 -8.432416444838805e-01 1.5e+00 4.83e-01  5e-01  5e-01 2:44.7
  Gen  120 | Best: 0.84 (raw: 0.8) | Pop mean: 0.83 | Sigma: 0.4832 | Nodes: 9 (mean 9.0) | 0.6s/gen
  131  16768 -8.432416444838805e-01 1.5e+00 4.72e-01  5e-01  5e-01 2:47.6
  Gen  130 | Best: 0.84 (raw: 0.8) | Pop mean: 0.83 | Sigma: 0.4716 | Nodes: 9 (mean 9.4) | 0.3s/gen
  141  18048 -8.432416444838805e-01 1.5e+00 5.10e-01  5e-01  5e-01 2:49.2
  Gen  140 | Best: 0.84 (raw: 0.8) | Pop mean: 0.83 | Sigma: 0.5100 | Nodes: 9 (mean 9.0) | 0.2s/gen
  151  19328 -8.432416444838805e-01 1.5e+00 5.04e-01  5e-01  5e-01 2:50.7
  Gen  150 | Best: 0.84 (raw: 0.8) | Pop mean: 0.83 | Sigma: 0.5040 | Nodes: 9 (mean 9.0) | 0.2s/gen
  161  20608 -8.432416444838805e-01 1.5e+00 4.99e-01  5e-01  5e-01 2:52.5
  Gen  160 | Best: 0.84 (raw: 0.8) | Pop mean: 0.83 | Sigma: 0.4993 | Nodes: 9 (mean 9.1) | 0.2s/gen
  171  21888 -8.432416444838805e-01 1.5e+00 4.96e-01  5e-01  5e-01 2:54.9
  Gen  170 | Best: 0.84 (raw: 0.8) | Pop mean: 0.83 | Sigma: 0.4959 | Nodes: 9 (mean 12.2) | 0.2s/gen
  181  23168 -8.432416444838805e-01 1.6e+00 4.78e-01  5e-01  5e-01 3:03.0
  Gen  180 | Best: 0.84 (raw: 0.8) | Pop mean: 0.83 | Sigma: 0.4784 | Nodes: 9 (mean 15.5) | 0.8s/gen
  191  24448 -8.432416444838805e-01 1.6e+00 4.59e-01  4e-01  5e-01 3:08.0
  Gen  190 | Best: 0.84 (raw: 0.8) | Pop mean: 0.83 | Sigma: 0.4594 | Nodes: 9 (mean 9.1) | 0.5s/gen
Iterat #Fevals   function value  axis ratio  sigma  min&max std  t[m:s]
  201  25728 -8.432416444838805e-01 1.6e+00 4.50e-01  4e-01  5e-01 3:11.0
  Gen  200 | Best: 0.84 (raw: 0.8) | Pop mean: 0.82 | Sigma: 0.4500 | Nodes: 9 (mean 9.1) | 0.3s/gen
  211  27008 -8.432416444838805e-01 1.6e+00 4.67e-01  4e-01  5e-01 3:12.5
  Gen  210 | Best: 0.84 (raw: 0.8) | Pop mean: 0.83 | Sigma: 0.4671 | Nodes: 9 (mean 9.0) | 0.2s/gen
  221  28288 -8.432416444838805e-01 1.6e+00 4.86e-01  5e-01  5e-01 3:14.8
  Gen  220 | Best: 0.84 (raw: 0.8) | Pop mean: 0.83 | Sigma: 0.4856 | Nodes: 9 (mean 9.0) | 0.2s/gen
  231  29568 -8.432416444838805e-01 1.6e+00 4.97e-01  5e-01  5e-01 3:20.5
  Gen  230 | Best: 0.84 (raw: 0.8) | Pop mean: 0.83 | Sigma: 0.4968 | Nodes: 9 (mean 9.5) | 0.6s/gen
  Gen  240 | Best: 0.84 (raw: 0.8) | Pop mean: 0.83 | Sigma: 0.5066 | Nodes: 9 (mean 15.0) | 1.1s/gen
  251  32128 -8.432416444838805e-01 1.6e+00 4.86e-01  5e-01  5e-01 3:51.8
  Gen  250 | Best: 0.84 (raw: 0.8) | Pop mean: 0.82 | Sigma: 0.4862 | Nodes: 9 (mean 20.9) | 2.0s/gen
  Gen  260 | Best: 0.84 (raw: 0.8) | Pop mean: 0.82 | Sigma: 0.4268 | Nodes: 17 (mean 19.5) | 2.1s/gen
  271  34688 -8.432416444838805e-01 1.7e+00 4.10e-01  4e-01  4e-01 4:31.9
  Gen  270 | Best: 0.84 (raw: 0.8) | Pop mean: 0.83 | Sigma: 0.4100 | Nodes: 10 (mean 27.7) | 1.9s/gen
  Gen  280 | Best: 0.84 (raw: 0.8) | Pop mean: 0.81 | Sigma: 0.3928 | Nodes: 20 (mean 34.4) | 2.0s/gen
  291  37248 -8.432416444838805e-01 1.7e+00 3.50e-01  3e-01  4e-01 5:16.6
  Gen  290 | Best: 0.84 (raw: 0.8) | Pop mean: 0.83 | Sigma: 0.3499 | Nodes: 22 (mean 21.6) | 2.4s/gen
Iterat #Fevals   function value  axis ratio  sigma  min&max std  t[m:s]
  Gen  300 | Best: 0.84 (raw: 0.8) | Pop mean: 0.82 | Sigma: 0.3024 | Nodes: 12 (mean 42.1) | 2.2s/gen
  311  39808 -8.432416444838805e-01 1.8e+00 2.63e-01  2e-01  3e-01 6:03.2
  Gen  310 | Best: 0.84 (raw: 0.8) | Pop mean: 0.79 | Sigma: 0.2634 | Nodes: 16 (mean 44.7) | 2.5s/gen
  Gen  320 | Best: 0.84 (raw: 0.8) | Pop mean: 0.82 | Sigma: 0.2239 | Nodes: 14 (mean 17.4) | 1.5s/gen
  Gen  330 | Best: 0.84 (raw: 0.8) | Pop mean: 0.83 | Sigma: 0.1903 | Nodes: 20 (mean 20.3) | 0.6s/gen
  341  43648 -8.432416444838805e-01 1.8e+00 1.65e-01  2e-01  2e-01 6:41.7
  Gen  340 | Best: 0.84 (raw: 0.8) | Pop mean: 0.81 | Sigma: 0.1655 | Nodes: 18 (mean 21.1) | 1.7s/gen
  Gen  350 | Best: 0.84 (raw: 0.8) | Pop mean: 0.83 | Sigma: 0.1456 | Nodes: 24 (mean 16.3) | 1.2s/gen
  361  46208 -8.432416444838805e-01 1.8e+00 1.23e-01  1e-01  1e-01 7:05.4
  Gen  360 | Best: 0.84 (raw: 0.8) | Pop mean: 0.81 | Sigma: 0.1229 | Nodes: 9 (mean 22.2) | 1.1s/gen
  371  47488 -8.432416444838805e-01 1.9e+00 1.06e-01  1e-01  1e-01 7:18.5
  Gen  370 | Best: 0.84 (raw: 0.8) | Pop mean: 0.82 | Sigma: 0.1060 | Nodes: 16 (mean 30.7) | 1.3s/gen
  381  48768 -8.432416444838805e-01 1.9e+00 9.23e-02  9e-02  9e-02 7:28.5
  Gen  380 | Best: 0.84 (raw: 0.8) | Pop mean: 0.82 | Sigma: 0.0923 | Nodes: 12 (mean 20.6) | 1.0s/gen
  Gen  390 | Best: 0.84 (raw: 0.8) | Pop mean: 0.83 | Sigma: 0.0821 | Nodes: 44 (mean 18.4) | 1.9s/gen
Iterat #Fevals   function value  axis ratio  sigma  min&max std  t[m:s]
  Gen  400 | Best: 0.84 (raw: 0.8) | Pop mean: 0.83 | Sigma: 0.0707 | Nodes: 12 (mean 17.3) | 0.4s/gen
  Gen  410 | Best: 0.84 (raw: 0.8) | Pop mean: 0.83 | Sigma: 0.0632 | Nodes: 12 (mean 16.2) | 0.4s/gen
  Gen  420 | Best: 0.84 (raw: 0.8) | Pop mean: 0.82 | Sigma: 0.0554 | Nodes: 11 (mean 16.1) | 0.2s/gen
  Gen  430 | Best: 0.84 (raw: 0.8) | Pop mean: 0.82 | Sigma: 0.0483 | Nodes: 12 (mean 15.4) | 0.2s/gen
  441  56448 -8.432416444838805e-01 2.1e+00 4.50e-02  4e-02  5e-02 8:01.0
  Gen  440 | Best: 0.84 (raw: 0.8) | Pop mean: 0.84 | Sigma: 0.0450 | Nodes: 10 (mean 14.6) | 0.2s/gen
  Gen  450 | Best: 0.84 (raw: 0.8) | Pop mean: 0.83 | Sigma: 0.0437 | Nodes: 10 (mean 14.9) | 0.2s/gen
  Gen  460 | Best: 0.84 (raw: 0.8) | Pop mean: 0.84 | Sigma: 0.0378 | Nodes: 14 (mean 14.8) | 0.2s/gen
  Gen  470 | Best: 0.84 (raw: 0.8) | Pop mean: 0.84 | Sigma: 0.0314 | Nodes: 12 (mean 13.6) | 0.2s/gen
  Gen  480 | Best: 0.84 (raw: 0.8) | Pop mean: 0.84 | Sigma: 0.0267 | Nodes: 12 (mean 14.6) | 0.2s/gen
  491  62848 -8.432416444838805e-01 2.2e+00 2.34e-02  2e-02  2e-02 8:09.3
  Gen  490 | Best: 0.84 (raw: 0.8) | Pop mean: 0.84 | Sigma: 0.0234 | Nodes: 11 (mean 13.2) | 0.2s/gen
Iterat #Fevals   function value  axis ratio  sigma  min&max std  t[m:s]
  501  64128 -8.432416444838805e-01 2.3e+00 2.11e-02  2e-02  2e-02 8:10.9
  Gen  500 | Best: 0.84 (raw: 0.8) | Pop mean: 0.84 | Sigma: 0.0211 | Nodes: 12 (mean 13.5) | 0.2s/gen
  511  65408 -8.432416444838805e-01 2.3e+00 1.84e-02  2e-02  2e-02 8:12.6
  Gen  510 | Best: 0.84 (raw: 0.8) | Pop mean: 0.84 | Sigma: 0.0184 | Nodes: 12 (mean 12.9) | 0.2s/gen
  521  66688 -8.432416444838805e-01 2.3e+00 1.58e-02  1e-02  2e-02 8:14.1
  Gen  520 | Best: 0.84 (raw: 0.8) | Pop mean: 0.84 | Sigma: 0.0158 | Nodes: 12 (mean 12.5) | 0.2s/gen
  531  67968 -8.432416444838805e-01 2.4e+00 1.39e-02  1e-02  1e-02 8:15.8
  Gen  530 | Best: 0.84 (raw: 0.8) | Pop mean: 0.84 | Sigma: 0.0139 | Nodes: 12 (mean 13.5) | 0.2s/gen
  541  69248 -8.432416444838805e-01 2.4e+00 1.19e-02  1e-02  1e-02 8:17.4
  Gen  540 | Best: 0.84 (raw: 0.8) | Pop mean: 0.84 | Sigma: 0.0119 | Nodes: 18 (mean 13.6) | 0.2s/gen
  551  70528 -8.432416444838805e-01 2.4e+00 1.02e-02  9e-03  1e-02 8:19.0
  Gen  550 | Best: 0.84 (raw: 0.8) | Pop mean: 0.84 | Sigma: 0.0102 | Nodes: 12 (mean 14.6) | 0.2s/gen
  561  71808 -8.432416444838805e-01 2.5e+00 9.00e-03  8e-03  1e-02 8:20.6
  Gen  560 | Best: 0.84 (raw: 0.8) | Pop mean: 0.84 | Sigma: 0.0090 | Nodes: 12 (mean 13.2) | 0.2s/gen
  571  73088 -8.432416444838805e-01 2.5e+00 7.54e-03  7e-03  8e-03 8:22.3
  Gen  570 | Best: 0.84 (raw: 0.8) | Pop mean: 0.84 | Sigma: 0.0075 | Nodes: 12 (mean 14.1) | 0.2s/gen
  581  74368 -8.432416444838805e-01 2.6e+00 6.71e-03  6e-03  7e-03 8:23.9
  Gen  580 | Best: 0.84 (raw: 0.8) | Pop mean: 0.84 | Sigma: 0.0067 | Nodes: 12 (mean 14.6) | 0.2s/gen
  591  75648 -8.432416444838805e-01 2.7e+00 5.75e-03  5e-03  6e-03 8:25.6
  Gen  590 | Best: 0.84 (raw: 0.8) | Pop mean: 0.84 | Sigma: 0.0057 | Nodes: 12 (mean 14.3) | 0.2s/gen
Iterat #Fevals   function value  axis ratio  sigma  min&max std  t[m:s]
  601  76928 -8.432416444838805e-01 2.9e+00 4.93e-03  5e-03  6e-03 8:27.2
  Gen  600 | Best: 0.84 (raw: 0.8) | Pop mean: 0.84 | Sigma: 0.0049 | Nodes: 12 (mean 13.9) | 0.2s/gen
  611  78208 -8.432416444838805e-01 3.1e+00 4.19e-03  5e-03  5e-03 8:28.9
  Gen  610 | Best: 0.84 (raw: 0.8) | Pop mean: 0.84 | Sigma: 0.0042 | Nodes: 12 (mean 13.8) | 0.2s/gen
  621  79488 -8.432416444838805e-01 3.3e+00 3.61e-03  5e-03  5e-03 8:30.6
  Gen  620 | Best: 0.84 (raw: 0.8) | Pop mean: 0.84 | Sigma: 0.0036 | Nodes: 12 (mean 13.9) | 0.2s/gen
  631  80768 -8.432416444838805e-01 3.4e+00 3.12e-03  5e-03  5e-03 8:32.3
  Gen  630 | Best: 0.84 (raw: 0.8) | Pop mean: 0.84 | Sigma: 0.0031 | Nodes: 12 (mean 13.8) | 0.2s/gen
  641  82048 -8.432416444838805e-01 3.6e+00 2.63e-03  5e-03  5e-03 8:33.9
  Gen  640 | Best: 0.84 (raw: 0.8) | Pop mean: 0.84 | Sigma: 0.0026 | Nodes: 12 (mean 14.3) | 0.2s/gen
  651  83328 -8.432416444838805e-01 3.8e+00 2.21e-03  5e-03  5e-03 8:35.6
  Gen  650 | Best: 0.84 (raw: 0.8) | Pop mean: 0.84 | Sigma: 0.0022 | Nodes: 12 (mean 13.0) | 0.2s/gen
  661  84608 -8.432416444838805e-01 4.0e+00 1.83e-03  5e-03  5e-03 8:37.4
  Gen  660 | Best: 0.84 (raw: 0.8) | Pop mean: 0.84 | Sigma: 0.0018 | Nodes: 18 (mean 13.8) | 0.2s/gen
  671  85888 -8.432416444838805e-01 4.1e+00 1.57e-03  5e-03  5e-03 8:39.1
  Gen  670 | Best: 0.84 (raw: 0.8) | Pop mean: 0.84 | Sigma: 0.0016 | Nodes: 12 (mean 13.4) | 0.2s/gen
  681  87168 -8.432416444838805e-01 4.3e+00 1.32e-03  5e-03  5e-03 8:40.8
  Gen  680 | Best: 0.84 (raw: 0.8) | Pop mean: 0.84 | Sigma: 0.0013 | Nodes: 12 (mean 14.5) | 0.2s/gen
  691  88448 -8.432416444838805e-01 4.5e+00 1.17e-03  5e-03  5e-03 8:42.5
  Gen  690 | Best: 0.84 (raw: 0.8) | Pop mean: 0.84 | Sigma: 0.0012 | Nodes: 12 (mean 13.6) | 0.2s/gen
Iterat #Fevals   function value  axis ratio  sigma  min&max std  t[m:s]
  701  89728 -8.432416444838805e-01 4.6e+00 9.94e-04  5e-03  5e-03 8:44.2
  Gen  700 | Best: 0.84 (raw: 0.8) | Pop mean: 0.84 | Sigma: 0.0010 | Nodes: 12 (mean 13.1) | 0.2s/gen
  711  91008 -8.432416444838805e-01 4.8e+00 8.86e-04  5e-03  5e-03 8:45.9
  Gen  710 | Best: 0.84 (raw: 0.8) | Pop mean: 0.84 | Sigma: 0.0009 | Nodes: 12 (mean 12.8) | 0.2s/gen
  721  92288 -8.432416444838805e-01 4.9e+00 7.55e-04  5e-03  5e-03 8:47.6
  Gen  720 | Best: 0.84 (raw: 0.8) | Pop mean: 0.84 | Sigma: 0.0008 | Nodes: 12 (mean 13.2) | 0.2s/gen
  731  93568 -8.432416444838805e-01 5.1e+00 6.45e-04  5e-03  5e-03 8:49.3
  Gen  730 | Best: 0.84 (raw: 0.8) | Pop mean: 0.84 | Sigma: 0.0006 | Nodes: 12 (mean 14.1) | 0.2s/gen
  741  94848 -8.432416444838805e-01 5.2e+00 5.44e-04  5e-03  5e-03 8:51.0
  Gen  740 | Best: 0.84 (raw: 0.8) | Pop mean: 0.84 | Sigma: 0.0005 | Nodes: 14 (mean 13.3) | 0.2s/gen
  751  96128 -8.432416444838805e-01 5.4e+00 4.86e-04  5e-03  5e-03 8:52.7
  Gen  750 | Best: 0.84 (raw: 0.8) | Pop mean: 0.84 | Sigma: 0.0005 | Nodes: 12 (mean 13.7) | 0.2s/gen
  761  97408 -8.432416444838805e-01 5.6e+00 4.13e-04  5e-03  5e-03 8:54.4
  Gen  760 | Best: 0.84 (raw: 0.8) | Pop mean: 0.84 | Sigma: 0.0004 | Nodes: 12 (mean 14.5) | 0.2s/gen
  771  98688 -8.432416444838805e-01 5.7e+00 3.70e-04  5e-03  5e-03 8:56.2
  Gen  770 | Best: 0.84 (raw: 0.8) | Pop mean: 0.84 | Sigma: 0.0004 | Nodes: 18 (mean 13.7) | 0.2s/gen
  781  99968 -8.432416444838805e-01 5.9e+00 3.22e-04  5e-03  5e-03 8:58.0
  Gen  780 | Best: 0.84 (raw: 0.8) | Pop mean: 0.84 | Sigma: 0.0003 | Nodes: 12 (mean 13.3) | 0.2s/gen
  791 101248 -8.432416444838805e-01 6.0e+00 2.65e-04  5e-03  5e-03 8:59.7
  Gen  790 | Best: 0.84 (raw: 0.8) | Pop mean: 0.84 | Sigma: 0.0003 | Nodes: 14 (mean 13.5) | 0.2s/gen
Iterat #Fevals   function value  axis ratio  sigma  min&max std  t[m:s]
  801 102528 -8.432416444838805e-01 6.2e+00 2.17e-04  5e-03  5e-03 9:01.5
  Gen  800 | Best: 0.84 (raw: 0.8) | Pop mean: 0.84 | Sigma: 0.0002 | Nodes: 12 (mean 13.0) | 0.2s/gen
  811 103808 -8.432416444838805e-01 6.3e+00 1.92e-04  5e-03  5e-03 9:03.3
  Gen  810 | Best: 0.84 (raw: 0.8) | Pop mean: 0.84 | Sigma: 0.0002 | Nodes: 12 (mean 14.3) | 0.2s/gen
  821 105088 -8.432416444838805e-01 6.5e+00 1.63e-04  5e-03  5e-03 9:05.1
  Gen  820 | Best: 0.84 (raw: 0.8) | Pop mean: 0.84 | Sigma: 0.0002 | Nodes: 12 (mean 13.3) | 0.2s/gen
  831 106368 -8.432416444838805e-01 6.6e+00 1.38e-04  5e-03  5e-03 9:06.9
  Gen  830 | Best: 0.84 (raw: 0.8) | Pop mean: 0.84 | Sigma: 0.0001 | Nodes: 12 (mean 14.5) | 0.2s/gen
  841 107648 -8.432416444838805e-01 6.8e+00 1.18e-04  5e-03  5e-03 9:08.7
  Gen  840 | Best: 0.84 (raw: 0.8) | Pop mean: 0.84 | Sigma: 0.0001 | Nodes: 12 (mean 13.9) | 0.2s/gen
  851 108928 -8.432416444838805e-01 6.9e+00 1.04e-04  5e-03  5e-03 9:10.4
  Gen  850 | Best: 0.84 (raw: 0.8) | Pop mean: 0.84 | Sigma: 0.0001 | Nodes: 12 (mean 13.5) | 0.2s/gen
  861 110208 -8.432416444838805e-01 7.1e+00 8.53e-05  5e-03  5e-03 9:12.2
  Gen  860 | Best: 0.84 (raw: 0.8) | Pop mean: 0.84 | Sigma: 0.0001 | Nodes: 12 (mean 13.3) | 0.2s/gen
  871 111488 -8.432416444838805e-01 7.2e+00 7.75e-05  5e-03  5e-03 9:14.0
  Gen  870 | Best: 0.84 (raw: 0.8) | Pop mean: 0.84 | Sigma: 0.0001 | Nodes: 22 (mean 13.6) | 0.2s/gen
  881 112768 -8.432416444838805e-01 7.4e+00 6.94e-05  5e-03  5e-03 9:15.7
  Gen  880 | Best: 0.84 (raw: 0.8) | Pop mean: 0.84 | Sigma: 0.0001 | Nodes: 12 (mean 14.0) | 0.2s/gen
  891 114048 -8.432416444838805e-01 7.5e+00 5.94e-05  5e-03  5e-03 9:17.5
  Gen  890 | Best: 0.84 (raw: 0.8) | Pop mean: 0.84 | Sigma: 0.0001 | Nodes: 12 (mean 14.2) | 0.2s/gen
Iterat #Fevals   function value  axis ratio  sigma  min&max std  t[m:s]
  901 115328 -8.432416444838805e-01 7.7e+00 5.20e-05  5e-03  5e-03 9:19.2
  Gen  900 | Best: 0.84 (raw: 0.8) | Pop mean: 0.84 | Sigma: 0.0001 | Nodes: 12 (mean 14.4) | 0.2s/gen
  911 116608 -8.432416444838805e-01 7.8e+00 4.55e-05  5e-03  5e-03 9:21.0
  Gen  910 | Best: 0.84 (raw: 0.8) | Pop mean: 0.84 | Sigma: 0.0000 | Nodes: 12 (mean 13.7) | 0.2s/gen
  921 117888 -8.432416444838805e-01 8.0e+00 3.84e-05  5e-03  5e-03 9:22.7
  Gen  920 | Best: 0.84 (raw: 0.8) | Pop mean: 0.84 | Sigma: 0.0000 | Nodes: 12 (mean 13.2) | 0.2s/gen
  Gen  930 | Best: 0.84 (raw: 0.8) | Pop mean: 0.84 | Sigma: 0.0000 | Nodes: 12 (mean 13.2) | 0.2s/gen
  941 120448 -8.432416444838805e-01 8.3e+00 2.83e-05  5e-03  5e-03 9:26.3
  Gen  940 | Best: 0.84 (raw: 0.8) | Pop mean: 0.84 | Sigma: 0.0000 | Nodes: 12 (mean 13.6) | 0.2s/gen
  Gen  950 | Best: 0.84 (raw: 0.8) | Pop mean: 0.84 | Sigma: 0.0000 | Nodes: 12 (mean 14.1) | 0.2s/gen
  961 123008 -8.432416444838805e-01 8.7e+00 2.10e-05  5e-03  5e-03 9:29.9
  Gen  960 | Best: 0.84 (raw: 0.8) | Pop mean: 0.84 | Sigma: 0.0000 | Nodes: 12 (mean 14.0) | 0.2s/gen
  971 124288 -8.432416444838805e-01 8.8e+00 1.78e-05  5e-03  5e-03 9:31.7
  Gen  970 | Best: 0.84 (raw: 0.8) | Pop mean: 0.84 | Sigma: 0.0000 | Nodes: 12 (mean 13.1) | 0.2s/gen
  981 125568 -8.432416444838805e-01 9.0e+00 1.50e-05  5e-03  5e-03 9:33.5
  Gen  980 | Best: 0.84 (raw: 0.8) | Pop mean: 0.84 | Sigma: 0.0000 | Nodes: 12 (mean 13.4) | 0.2s/gen
  991 126848 -8.432416444838805e-01 9.2e+00 1.32e-05  5e-03  5e-03 9:35.3
  Gen  990 | Best: 0.84 (raw: 0.8) | Pop mean: 0.84 | Sigma: 0.0000 | Nodes: 18 (mean 15.5) | 0.2s/gen
Iterat #Fevals   function value  axis ratio  sigma  min&max std  t[m:s]
 1001 128128 -8.432416444838805e-01 9.4e+00 1.17e-05  5e-03  5e-03 9:37.6
  Gen 1000 | Best: 0.84 (raw: 0.8) | Pop mean: 0.84 | Sigma: 0.0000 | Nodes: 12 (mean 13.5) | 0.2s/gen
 1011 129408 -8.432416444838805e-01 9.6e+00 9.96e-06  5e-03  5e-03 9:39.2
  Gen 1010 | Best: 0.84 (raw: 0.8) | Pop mean: 0.84 | Sigma: 0.0000 | Nodes: 12 (mean 13.5) | 0.2s/gen
 1021 130688 -8.432416444838805e-01 9.8e+00 8.75e-06  5e-03  5e-03 9:40.9
  Gen 1020 | Best: 0.84 (raw: 0.8) | Pop mean: 0.84 | Sigma: 0.0000 | Nodes: 12 (mean 14.8) | 0.2s/gen
 1031 131968 -8.432416444838805e-01 9.9e+00 7.48e-06  5e-03  5e-03 9:42.8
  Gen 1030 | Best: 0.84 (raw: 0.8) | Pop mean: 0.84 | Sigma: 0.0000 | Nodes: 12 (mean 13.3) | 0.2s/gen
 1041 133248 -8.432416444838805e-01 1.0e+01 6.44e-06  5e-03  5e-03 9:44.6
  Gen 1040 | Best: 0.84 (raw: 0.8) | Pop mean: 0.84 | Sigma: 0.0000 | Nodes: 12 (mean 13.2) | 0.2s/gen
 1051 134528 -8.432416444838805e-01 1.0e+01 5.34e-06  5e-03  5e-03 9:46.3
  Gen 1050 | Best: 0.84 (raw: 0.8) | Pop mean: 0.84 | Sigma: 0.0000 | Nodes: 12 (mean 12.8) | 0.2s/gen
 1061 135808 -8.432416444838805e-01 1.0e+01 4.57e-06  5e-03  5e-03 9:48.0
  Gen 1060 | Best: 0.84 (raw: 0.8) | Pop mean: 0.84 | Sigma: 0.0000 | Nodes: 12 (mean 13.1) | 0.2s/gen
 1071 137088 -8.432416444838805e-01 1.1e+01 3.84e-06  5e-03  5e-03 9:49.7
  Gen 1070 | Best: 0.84 (raw: 0.8) | Pop mean: 0.84 | Sigma: 0.0000 | Nodes: 12 (mean 13.5) | 0.2s/gen
 1081 138368 -8.432416444838805e-01 1.1e+01 3.37e-06  5e-03  5e-03 9:51.4
  Gen 1080 | Best: 0.84 (raw: 0.8) | Pop mean: 0.84 | Sigma: 0.0000 | Nodes: 12 (mean 13.4) | 0.2s/gen
 1091 139648 -8.432416444838805e-01 1.1e+01 2.90e-06  5e-03  5e-03 9:53.1
  Gen 1090 | Best: 0.84 (raw: 0.8) | Pop mean: 0.84 | Sigma: 0.0000 | Nodes: 12 (mean 13.1) | 0.2s/gen
Iterat #Fevals   function value  axis ratio  sigma  min&max std  t[m:s]
 1101 140928 -8.432416444838805e-01 1.1e+01 2.48e-06  5e-03  5e-03 9:54.8
  Gen 1100 | Best: 0.84 (raw: 0.8) | Pop mean: 0.84 | Sigma: 0.0000 | Nodes: 12 (mean 13.3) | 0.2s/gen
 1111 142208 -8.432416444838805e-01 1.1e+01 2.07e-06  5e-03  5e-03 9:56.6
  Gen 1110 | Best: 0.84 (raw: 0.8) | Pop mean: 0.84 | Sigma: 0.0000 | Nodes: 12 (mean 13.3) | 0.2s/gen
 1121 143488 -8.432416444838805e-01 1.1e+01 1.85e-06  5e-03  5e-03 9:58.3
  Gen 1120 | Best: 0.84 (raw: 0.8) | Pop mean: 0.84 | Sigma: 0.0000 | Nodes: 12 (mean 12.9) | 0.2s/gen
 1131 144768 -8.432416444838805e-01 1.1e+01 1.61e-06  5e-03  5e-03 9:60.0
  Gen 1130 | Best: 0.84 (raw: 0.8) | Pop mean: 0.84 | Sigma: 0.0000 | Nodes: 12 (mean 13.6) | 0.2s/gen
 1141 146048 -8.432416444838805e-01 1.1e+01 1.39e-06  5e-03  5e-03 10:01.6
  Gen 1140 | Best: 0.84 (raw: 0.8) | Pop mean: 0.84 | Sigma: 0.0000 | Nodes: 12 (mean 13.2) | 0.2s/gen
 1151 147328 -8.432416444838805e-01 1.2e+01 1.18e-06  5e-03  5e-03 10:03.3
  Gen 1150 | Best: 0.84 (raw: 0.8) | Pop mean: 0.84 | Sigma: 0.0000 | Nodes: 12 (mean 13.6) | 0.2s/gen
 1161 148608 -8.432416444838805e-01 1.2e+01 9.98e-07  5e-03  5e-03 10:05.0
  Gen 1160 | Best: 0.84 (raw: 0.8) | Pop mean: 0.84 | Sigma: 0.0000 | Nodes: 12 (mean 13.2) | 0.2s/gen
 1171 149888 -8.432416444838805e-01 1.2e+01 8.40e-07  5e-03  5e-03 10:06.7
  Gen 1170 | Best: 0.84 (raw: 0.8) | Pop mean: 0.84 | Sigma: 0.0000 | Nodes: 12 (mean 13.2) | 0.2s/gen
 1181 151168 -8.432416444838805e-01 1.2e+01 7.12e-07  5e-03  5e-03 10:08.4
  Gen 1180 | Best: 0.84 (raw: 0.8) | Pop mean: 0.84 | Sigma: 0.0000 | Nodes: 12 (mean 13.2) | 0.2s/gen
 1191 152448 -8.432416444838805e-01 1.2e+01 5.99e-07  5e-03  5e-03 10:10.0
  Gen 1190 | Best: 0.84 (raw: 0.8) | Pop mean: 0.84 | Sigma: 0.0000 | Nodes: 12 (mean 14.2) | 0.2s/gen
Iterat #Fevals   function value  axis ratio  sigma  min&max std  t[m:s]
 1201 153728 -8.432416444838805e-01 1.2e+01 5.22e-07  5e-03  5e-03 10:11.7
  Gen 1200 | Best: 0.84 (raw: 0.8) | Pop mean: 0.84 | Sigma: 0.0000 | Nodes: 12 (mean 14.2) | 0.2s/gen
 1211 155008 -8.432416444838805e-01 1.3e+01 4.67e-07  5e-03  5e-03 10:13.4
  Gen 1210 | Best: 0.84 (raw: 0.8) | Pop mean: 0.84 | Sigma: 0.0000 | Nodes: 12 (mean 14.2) | 0.2s/gen
 1221 156288 -8.432416444838805e-01 1.3e+01 4.05e-07  5e-03  5e-03 10:15.0
  Gen 1220 | Best: 0.84 (raw: 0.8) | Pop mean: 0.84 | Sigma: 0.0000 | Nodes: 12 (mean 13.5) | 0.2s/gen
 1231 157568 -8.432416444838805e-01 1.3e+01 3.54e-07  5e-03  5e-03 10:16.7
  Gen 1230 | Best: 0.84 (raw: 0.8) | Pop mean: 0.84 | Sigma: 0.0000 | Nodes: 12 (mean 14.5) | 0.2s/gen
 1241 158848 -8.432416444838805e-01 1.3e+01 3.10e-07  5e-03  5e-03 10:18.4
  Gen 1240 | Best: 0.84 (raw: 0.8) | Pop mean: 0.84 | Sigma: 0.0000 | Nodes: 12 (mean 13.2) | 0.2s/gen
 1251 160128 -8.432416444838805e-01 1.3e+01 2.79e-07  5e-03  5e-03 10:20.0
  Gen 1250 | Best: 0.84 (raw: 0.8) | Pop mean: 0.84 | Sigma: 0.0000 | Nodes: 18 (mean 13.5) | 0.2s/gen
 1261 161408 -8.432416444838805e-01 1.3e+01 2.43e-07  5e-03  5e-03 10:21.7
  Gen 1260 | Best: 0.84 (raw: 0.8) | Pop mean: 0.84 | Sigma: 0.0000 | Nodes: 18 (mean 13.4) | 0.2s/gen
 1271 162688 -8.432416444838805e-01 1.4e+01 2.05e-07  5e-03  5e-03 10:23.3
  Gen 1270 | Best: 0.84 (raw: 0.8) | Pop mean: 0.84 | Sigma: 0.0000 | Nodes: 12 (mean 13.0) | 0.2s/gen
 1281 163968 -8.432416444838805e-01 1.4e+01 1.82e-07  5e-03  5e-03 10:25.1
  Gen 1280 | Best: 0.84 (raw: 0.8) | Pop mean: 0.84 | Sigma: 0.0000 | Nodes: 12 (mean 13.6) | 0.2s/gen
 1291 165248 -8.432416444838805e-01 1.4e+01 1.57e-07  5e-03  5e-03 10:26.8
  Gen 1290 | Best: 0.84 (raw: 0.8) | Pop mean: 0.84 | Sigma: 0.0000 | Nodes: 12 (mean 13.4) | 0.2s/gen
Iterat #Fevals   function value  axis ratio  sigma  min&max std  t[m:s]
 1301 166528 -8.432416444838805e-01 1.4e+01 1.36e-07  5e-03  5e-03 10:28.4
  Gen 1300 | Best: 0.84 (raw: 0.8) | Pop mean: 0.83 | Sigma: 0.0000 | Nodes: 12 (mean 15.6) | 0.2s/gen
 1311 167808 -8.432416444838805e-01 1.5e+01 1.16e-07  5e-03  5e-03 10:30.1
  Gen 1310 | Best: 0.84 (raw: 0.8) | Pop mean: 0.84 | Sigma: 0.0000 | Nodes: 12 (mean 13.4) | 0.2s/gen
 1321 169088 -8.432416444838805e-01 1.5e+01 1.03e-07  5e-03  5e-03 10:31.8
  Gen 1320 | Best: 0.84 (raw: 0.8) | Pop mean: 0.84 | Sigma: 0.0000 | Nodes: 12 (mean 13.2) | 0.2s/gen
 1331 170368 -8.432416444838805e-01 1.5e+01 9.07e-08  5e-03  5e-03 10:33.4
  Gen 1330 | Best: 0.84 (raw: 0.8) | Pop mean: 0.84 | Sigma: 0.0000 | Nodes: 12 (mean 13.7) | 0.2s/gen
 1341 171648 -8.432416444838805e-01 1.5e+01 7.97e-08  5e-03  5e-03 10:35.1
  Gen 1340 | Best: 0.84 (raw: 0.8) | Pop mean: 0.84 | Sigma: 0.0000 | Nodes: 12 (mean 13.1) | 0.2s/gen
 1351 172928 -8.432416444838805e-01 1.6e+01 6.69e-08  5e-03  5e-03 10:36.8
  Gen 1350 | Best: 0.84 (raw: 0.8) | Pop mean: 0.84 | Sigma: 0.0000 | Nodes: 12 (mean 13.0) | 0.2s/gen
 1361 174208 -8.432416444838805e-01 1.6e+01 5.97e-08  5e-03  5e-03 10:38.4
  Gen 1360 | Best: 0.84 (raw: 0.8) | Pop mean: 0.84 | Sigma: 0.0000 | Nodes: 12 (mean 13.8) | 0.2s/gen
 1371 175488 -8.432416444838805e-01 1.6e+01 5.19e-08  5e-03  5e-03 10:40.1
  Gen 1370 | Best: 0.84 (raw: 0.8) | Pop mean: 0.84 | Sigma: 0.0000 | Nodes: 12 (mean 13.5) | 0.2s/gen
 1381 176768 -8.432416444838805e-01 1.6e+01 4.44e-08  5e-03  5e-03 10:41.7
  Gen 1380 | Best: 0.84 (raw: 0.8) | Pop mean: 0.84 | Sigma: 0.0000 | Nodes: 12 (mean 13.7) | 0.2s/gen
 1391 178048 -8.432416444838805e-01 1.6e+01 3.67e-08  5e-03  5e-03 10:43.3
  Gen 1390 | Best: 0.84 (raw: 0.8) | Pop mean: 0.84 | Sigma: 0.0000 | Nodes: 12 (mean 12.8) | 0.2s/gen
Iterat #Fevals   function value  axis ratio  sigma  min&max std  t[m:s]
 1401 179328 -8.432416444838805e-01 1.6e+01 3.11e-08  5e-03  5e-03 10:45.0
  Gen 1400 | Best: 0.84 (raw: 0.8) | Pop mean: 0.84 | Sigma: 0.0000 | Nodes: 12 (mean 12.7) | 0.2s/gen
 1411 180608 -8.432416444838805e-01 1.7e+01 2.66e-08  5e-03  5e-03 10:46.6
  Gen 1410 | Best: 0.84 (raw: 0.8) | Pop mean: 0.84 | Sigma: 0.0000 | Nodes: 18 (mean 13.2) | 0.2s/gen
 1421 181888 -8.432416444838805e-01 1.7e+01 2.33e-08  5e-03  5e-03 10:48.3
  Gen 1420 | Best: 0.84 (raw: 0.8) | Pop mean: 0.84 | Sigma: 0.0000 | Nodes: 14 (mean 13.8) | 0.2s/gen
 1431 183168 -8.432416444838805e-01 1.7e+01 1.94e-08  5e-03  5e-03 10:49.9
  Gen 1430 | Best: 0.84 (raw: 0.8) | Pop mean: 0.84 | Sigma: 0.0000 | Nodes: 12 (mean 12.9) | 0.2s/gen
 1441 184448 -8.432416444838805e-01 1.7e+01 1.61e-08  5e-03  5e-03 10:51.6
  Gen 1440 | Best: 0.84 (raw: 0.8) | Pop mean: 0.84 | Sigma: 0.0000 | Nodes: 12 (mean 13.5) | 0.2s/gen
 1451 185728 -8.432416444838805e-01 1.8e+01 1.40e-08  5e-03  5e-03 10:53.2
  Gen 1450 | Best: 0.84 (raw: 0.8) | Pop mean: 0.84 | Sigma: 0.0000 | Nodes: 12 (mean 13.0) | 0.2s/gen
 1461 187008 -8.432416444838805e-01 1.8e+01 1.21e-08  5e-03  5e-03 10:54.9
  Gen 1460 | Best: 0.84 (raw: 0.8) | Pop mean: 0.84 | Sigma: 0.0000 | Nodes: 12 (mean 13.5) | 0.2s/gen
 1471 188288 -8.432416444838805e-01 1.8e+01 1.04e-08  5e-03  5e-03 10:56.7
  Gen 1470 | Best: 0.84 (raw: 0.8) | Pop mean: 0.84 | Sigma: 0.0000 | Nodes: 12 (mean 13.5) | 0.2s/gen
 1481 189568 -8.432416444838805e-01 1.8e+01 8.87e-09  5e-03  5e-03 10:58.3
  Gen 1480 | Best: 0.84 (raw: 0.8) | Pop mean: 0.84 | Sigma: 0.0000 | Nodes: 12 (mean 12.6) | 0.2s/gen
 1491 190848 -8.432416444838805e-01 1.8e+01 7.54e-09  5e-03  5e-03 11:00.0
  Gen 1490 | Best: 0.84 (raw: 0.8) | Pop mean: 0.84 | Sigma: 0.0000 | Nodes: 12 (mean 13.5) | 0.2s/gen
[1789304978] archived 1500 generations | best-ever matches log: True | pop mean matches log: True | final genome matches saved: True | VERIFIED=True

[1789305630] replaying ...
Model ID: 1789336215

Config:
{'CMA_elitist': True, 'NN_transform_node_embedding_during_growth': True, 'additive_update': False, 'arrows': True, 'balanced_weights': False, 'binary_connectivity': False, 'checkpoint_id': None, 'coevolve_initial_embeddings': True, 'dev_mode': 0, 'device': 0, 'early_stopping': False, 'early_stopping_conditions': {'generation': 500, 'objective_value': -3}, 'edge_based_growth': False, 'env_seed': None, 'environment': 'KA_retina', 'evolution_feval_check_N': 10, 'evolution_feval_check_every': 2000, 'extra_nodes': -1, 'fewer_edges': False, 'fewer_nodes': False, 'flattening_stopping': False, 'flattening_stopping_conditions': {'last_generations': 500, 'min_generation': 1500, 'min_std': 5}, 'generations': 1500, 'group': 'default', 'growth_model_bias': True, 'growth_model_last_layer_activated': False, 'histogram_degree': 0, 'initial_embeddings_random': False, 'initial_sparsity': 1, 'layout': 'random_fixed', 'maximise': True, 'minstd': 0.005, 'mlp_embedding_transform_hidden_layers_dims': [5], 'mlp_growth_hidden_layers_dims': [5], 'mlp_weight_values_bias': True, 'mlp_weight_values_hidden_layers_dims': [5], 'mlp_weight_values_last_layer_activated': True, 'nb_episode_evals': 1, 'nb_growth_evals': 1, 'network_thinking_time_extra_growth': 2, 'network_thinking_time_extra_rollout': 3, 'node_based_growth': True, 'node_embedding_size': 3, 'node_pairs_based_growth': False, 'notes experiment': None, 'number_of_growth_cycles': 6, 'optimizer': 'CMAES', 'persistent_observation_rollout': True, 'popsize': 128, 'print_every': 10, 'probabilistic_growth': False, 'project_name': 'Developmental networks', 'prunning_phase': False, 'prunning_threshold': 0.3, 'recurrent_activation_function': 'tanh', 'render': 1, 'return_loss': 0, 'reward_if_graph_too_small': 200, 'save_model': 1, 'seed': 5316271, 'self_link_allowed_during_querying': False, 'shared_intial_embedding': True, 'shared_intial_graph_bool': True, 'sigma_init': 0.5, 'threads': -1, 'transform_model_bias': True, 'transform_model_last_layer_activated': True, 'undirected': True, 'use_torch': False, 'visualise_network': 0, 'x0_dist': 'U[-1,1]', 'log_gen_time': True, 'snapshot': True, 'show': False, 'nb_eval_seeds': 10, 'balanced_fitness': True, 'operation': 'and', 'mvg': False, 'mvg_ops': ['and', 'or'], 'mvg_switch_interval': 20, 'target': 1.0, 'id': '1789336215', '_path': 'saved_models/1789336215'}

Seed:  5316271
Env_seed:  None
The growth model has 111 trainable parameters
(64_w,128)-aCMA-ES (mu_w=34.2,w_1=6%) in dimension 111 (seed=5316271, Sun Sep 13 22:50:15 2026)

.......................................................

Initilisating CMA-ES with 111 trainable parameters 


--- Starting Evolution ---


Using 16 cores

Baseline (untrained x0 DNA): fitness=0.2161 (raw=0.2) | Nodes: 576

Iterat #Fevals   function value  axis ratio  sigma  min&max std  t[m:s]
    1    128 -7.960169575076408e-01 1.0e+00 4.90e-01  5e-01  5e-01 0:32.2
  Gen    0 | Best: 0.80 (raw: 0.8) | Pop mean: 0.39 | Sigma: 0.4896 | Nodes: 576 (mean 412.8) | 3.4s/gen
   11   1408 -8.432416444838805e-01 1.1e+00 5.48e-01  5e-01  6e-01 2:43.0
  Gen   10 | Best: 0.84 (raw: 0.8) | Pop mean: 0.81 | Sigma: 0.5479 | Nodes: 9 (mean 105.9) | 13.1s/gen
   21   2688 -8.432416444838805e-01 1.2e+00 5.57e-01  5e-01  6e-01 2:58.2
  Gen   20 | Best: 0.84 (raw: 0.8) | Pop mean: 0.83 | Sigma: 0.5566 | Nodes: 9 (mean 25.3) | 1.5s/gen
   31   3968 -8.432416444838805e-01 1.3e+00 5.57e-01  6e-01  6e-01 3:08.7
  Gen   30 | Best: 0.84 (raw: 0.8) | Pop mean: 0.82 | Sigma: 0.5569 | Nodes: 9 (mean 15.8) | 1.0s/gen
   41   5248 -8.437838903677413e-01 1.4e+00 5.56e-01  5e-01  6e-01 3:19.3
  Gen   40 | Best: 0.84 (raw: 0.8) | Pop mean: 0.82 | Sigma: 0.5558 | Nodes: 40 (mean 23.1) | 1.1s/gen
  Gen   50 | Best: 0.84 (raw: 0.8) | Pop mean: 0.82 | Sigma: 0.5347 | Nodes: 80 (mean 33.0) | 0.4s/gen
   61   7808 -8.432416444838805e-01 1.5e+00 4.71e-01  5e-01  5e-01 3:25.9
  Gen   60 | Best: 0.84 (raw: 0.8) | Pop mean: 0.80 | Sigma: 0.4709 | Nodes: 40 (mean 24.8) | 0.3s/gen
  Gen   70 | Best: 0.84 (raw: 0.8) | Pop mean: 0.81 | Sigma: 0.4304 | Nodes: 40 (mean 26.5) | 0.2s/gen
  Gen   80 | Best: 0.84 (raw: 0.8) | Pop mean: 0.82 | Sigma: 0.3812 | Nodes: 16 (mean 25.1) | 0.2s/gen
  Gen   90 | Best: 0.84 (raw: 0.8) | Pop mean: 0.83 | Sigma: 0.3257 | Nodes: 16 (mean 27.2) | 0.2s/gen
Iterat #Fevals   function value  axis ratio  sigma  min&max std  t[m:s]
  101  12928 -8.432416444838805e-01 1.6e+00 2.84e-01  3e-01  3e-01 3:32.3
  Gen  100 | Best: 0.84 (raw: 0.8) | Pop mean: 0.82 | Sigma: 0.2835 | Nodes: 22 (mean 26.5) | 0.2s/gen
  111  14208 -8.432416444838805e-01 1.6e+00 2.63e-01  3e-01  3e-01 3:33.9
  Gen  110 | Best: 0.84 (raw: 0.8) | Pop mean: 0.83 | Sigma: 0.2632 | Nodes: 16 (mean 30.3) | 0.2s/gen
  Gen  120 | Best: 0.84 (raw: 0.8) | Pop mean: 0.81 | Sigma: 0.2487 | Nodes: 40 (mean 31.4) | 0.2s/gen
  131  16768 -8.432416444838805e-01 1.7e+00 2.10e-01  2e-01  2e-01 3:37.1
  Gen  130 | Best: 0.84 (raw: 0.8) | Pop mean: 0.83 | Sigma: 0.2102 | Nodes: 40 (mean 34.4) | 0.2s/gen
  Gen  140 | Best: 0.84 (raw: 0.8) | Pop mean: 0.77 | Sigma: 0.1878 | Nodes: 40 (mean 28.3) | 0.2s/gen
  Gen  150 | Best: 0.84 (raw: 0.8) | Pop mean: 0.83 | Sigma: 0.1670 | Nodes: 16 (mean 27.4) | 0.2s/gen
  Gen  160 | Best: 0.84 (raw: 0.8) | Pop mean: 0.81 | Sigma: 0.1567 | Nodes: 16 (mean 23.4) | 0.2s/gen
  Gen  170 | Best: 0.84 (raw: 0.8) | Pop mean: 0.82 | Sigma: 0.1420 | Nodes: 40 (mean 21.2) | 0.1s/gen
  181  23168 -8.432416444838805e-01 1.9e+00 1.37e-01  1e-01  1e-01 3:44.6
  Gen  180 | Best: 0.84 (raw: 0.8) | Pop mean: 0.83 | Sigma: 0.1369 | Nodes: 16 (mean 20.5) | 0.2s/gen
  191  24448 -8.432416444838805e-01 1.9e+00 1.25e-01  1e-01  1e-01 3:46.1
  Gen  190 | Best: 0.84 (raw: 0.8) | Pop mean: 0.81 | Sigma: 0.1255 | Nodes: 16 (mean 22.3) | 0.2s/gen
Iterat #Fevals   function value  axis ratio  sigma  min&max std  t[m:s]
  Gen  200 | Best: 0.84 (raw: 0.8) | Pop mean: 0.80 | Sigma: 0.1127 | Nodes: 16 (mean 21.4) | 0.2s/gen
  Gen  210 | Best: 0.84 (raw: 0.8) | Pop mean: 0.80 | Sigma: 0.0987 | Nodes: 16 (mean 19.8) | 0.2s/gen
  Gen  220 | Best: 0.84 (raw: 0.8) | Pop mean: 0.81 | Sigma: 0.0873 | Nodes: 40 (mean 20.2) | 0.2s/gen
  Gen  230 | Best: 0.84 (raw: 0.8) | Pop mean: 0.82 | Sigma: 0.0760 | Nodes: 12 (mean 19.0) | 0.2s/gen
  Gen  240 | Best: 0.84 (raw: 0.8) | Pop mean: 0.81 | Sigma: 0.0663 | Nodes: 16 (mean 18.9) | 0.2s/gen
  Gen  250 | Best: 0.84 (raw: 0.8) | Pop mean: 0.83 | Sigma: 0.0575 | Nodes: 16 (mean 19.2) | 0.2s/gen
  261  33408 -8.432416444838805e-01 2.7e+00 4.91e-02  5e-02  6e-02 3:56.8
  Gen  260 | Best: 0.84 (raw: 0.8) | Pop mean: 0.81 | Sigma: 0.0491 | Nodes: 16 (mean 18.9) | 0.2s/gen
  271  34688 -8.432416444838805e-01 3.0e+00 4.15e-02  4e-02  5e-02 3:58.3
  Gen  270 | Best: 0.84 (raw: 0.8) | Pop mean: 0.82 | Sigma: 0.0415 | Nodes: 16 (mean 19.5) | 0.2s/gen
  281  35968 -8.432416444838805e-01 3.3e+00 3.56e-02  3e-02  5e-02 3:59.8
  Gen  280 | Best: 0.84 (raw: 0.8) | Pop mean: 0.76 | Sigma: 0.0356 | Nodes: 16 (mean 20.8) | 0.2s/gen
  291  37248 -8.432416444838805e-01 3.7e+00 3.17e-02  3e-02  5e-02 4:01.4
  Gen  290 | Best: 0.84 (raw: 0.8) | Pop mean: 0.80 | Sigma: 0.0317 | Nodes: 16 (mean 19.2) | 0.2s/gen
Iterat #Fevals   function value  axis ratio  sigma  min&max std  t[m:s]
  301  38528 -8.432416444838805e-01 4.1e+00 2.91e-02  3e-02  4e-02 4:02.9
  Gen  300 | Best: 0.84 (raw: 0.8) | Pop mean: 0.77 | Sigma: 0.0291 | Nodes: 16 (mean 20.4) | 0.2s/gen
  311  39808 -8.432416444838805e-01 4.5e+00 2.44e-02  2e-02  4e-02 4:04.5
  Gen  310 | Best: 0.84 (raw: 0.8) | Pop mean: 0.77 | Sigma: 0.0244 | Nodes: 16 (mean 19.3) | 0.2s/gen
  Gen  320 | Best: 0.84 (raw: 0.8) | Pop mean: 0.74 | Sigma: 0.0213 | Nodes: 16 (mean 21.5) | 0.2s/gen
  Gen  330 | Best: 0.84 (raw: 0.8) | Pop mean: 0.72 | Sigma: 0.0180 | Nodes: 16 (mean 20.7) | 0.2s/gen
  Gen  340 | Best: 0.84 (raw: 0.8) | Pop mean: 0.78 | Sigma: 0.0156 | Nodes: 16 (mean 20.0) | 0.2s/gen
  Gen  350 | Best: 0.84 (raw: 0.8) | Pop mean: 0.80 | Sigma: 0.0135 | Nodes: 16 (mean 17.9) | 0.2s/gen
  Gen  360 | Best: 0.84 (raw: 0.8) | Pop mean: 0.76 | Sigma: 0.0115 | Nodes: 16 (mean 19.7) | 0.2s/gen
  Gen  370 | Best: 0.84 (raw: 0.8) | Pop mean: 0.74 | Sigma: 0.0097 | Nodes: 16 (mean 20.2) | 0.2s/gen
  Gen  380 | Best: 0.84 (raw: 0.8) | Pop mean: 0.75 | Sigma: 0.0085 | Nodes: 16 (mean 21.0) | 0.2s/gen
  391  50048 -8.432416444838805e-01 1.4e+01 7.20e-03  7e-03  3e-02 4:17.1
  Gen  390 | Best: 0.84 (raw: 0.8) | Pop mean: 0.77 | Sigma: 0.0072 | Nodes: 16 (mean 20.2) | 0.2s/gen
Iterat #Fevals   function value  axis ratio  sigma  min&max std  t[m:s]
  401  51328 -8.432416444838805e-01 1.6e+01 6.14e-03  6e-03  3e-02 4:18.6
  Gen  400 | Best: 0.84 (raw: 0.8) | Pop mean: 0.75 | Sigma: 0.0061 | Nodes: 16 (mean 20.1) | 0.2s/gen
  411  52608 -8.432416444838805e-01 1.9e+01 5.22e-03  5e-03  3e-02 4:20.2
  Gen  410 | Best: 0.84 (raw: 0.8) | Pop mean: 0.76 | Sigma: 0.0052 | Nodes: 16 (mean 21.0) | 0.2s/gen
  421  53888 -8.432416444838805e-01 2.3e+01 4.43e-03  5e-03  3e-02 4:21.7
  Gen  420 | Best: 0.84 (raw: 0.8) | Pop mean: 0.78 | Sigma: 0.0044 | Nodes: 16 (mean 19.4) | 0.2s/gen
  431  55168 -8.432416444838805e-01 2.7e+01 3.72e-03  5e-03  3e-02 4:23.3
  Gen  430 | Best: 0.84 (raw: 0.8) | Pop mean: 0.73 | Sigma: 0.0037 | Nodes: 16 (mean 20.6) | 0.2s/gen
  441  56448 -8.432416444838805e-01 3.1e+01 3.33e-03  5e-03  3e-02 4:24.8
  Gen  440 | Best: 0.84 (raw: 0.8) | Pop mean: 0.75 | Sigma: 0.0033 | Nodes: 16 (mean 20.4) | 0.1s/gen
  451  57728 -8.432416444838805e-01 3.6e+01 3.09e-03  5e-03  3e-02 4:26.3
  Gen  450 | Best: 0.84 (raw: 0.8) | Pop mean: 0.74 | Sigma: 0.0031 | Nodes: 16 (mean 20.9) | 0.2s/gen
  461  59008 -8.432416444838805e-01 4.1e+01 2.67e-03  5e-03  3e-02 4:27.9
  Gen  460 | Best: 0.84 (raw: 0.8) | Pop mean: 0.77 | Sigma: 0.0027 | Nodes: 16 (mean 19.5) | 0.2s/gen
  471  60288 -8.432416444838805e-01 4.7e+01 2.37e-03  5e-03  3e-02 4:29.3
  Gen  470 | Best: 0.84 (raw: 0.8) | Pop mean: 0.78 | Sigma: 0.0024 | Nodes: 16 (mean 19.9) | 0.2s/gen
  481  61568 -8.432416444838805e-01 5.3e+01 2.12e-03  5e-03  3e-02 4:30.8
  Gen  480 | Best: 0.84 (raw: 0.8) | Pop mean: 0.78 | Sigma: 0.0021 | Nodes: 16 (mean 20.2) | 0.2s/gen
  491  62848 -8.432416444838805e-01 6.0e+01 1.91e-03  5e-03  3e-02 4:32.4
  Gen  490 | Best: 0.84 (raw: 0.8) | Pop mean: 0.75 | Sigma: 0.0019 | Nodes: 16 (mean 20.0) | 0.2s/gen
Iterat #Fevals   function value  axis ratio  sigma  min&max std  t[m:s]
  501  64128 -8.432416444838805e-01 6.8e+01 1.67e-03  5e-03  3e-02 4:33.9
  Gen  500 | Best: 0.84 (raw: 0.8) | Pop mean: 0.74 | Sigma: 0.0017 | Nodes: 16 (mean 20.8) | 0.2s/gen
  511  65408 -8.432416444838805e-01 7.6e+01 1.57e-03  5e-03  4e-02 4:35.5
  Gen  510 | Best: 0.84 (raw: 0.8) | Pop mean: 0.73 | Sigma: 0.0016 | Nodes: 16 (mean 21.0) | 0.2s/gen
  521  66688 -8.432416444838805e-01 8.6e+01 1.36e-03  5e-03  3e-02 4:37.0
  Gen  520 | Best: 0.84 (raw: 0.8) | Pop mean: 0.78 | Sigma: 0.0014 | Nodes: 16 (mean 19.0) | 0.2s/gen
  531  67968 -8.432416444838805e-01 9.7e+01 1.22e-03  5e-03  3e-02 4:38.5
  Gen  530 | Best: 0.84 (raw: 0.8) | Pop mean: 0.78 | Sigma: 0.0012 | Nodes: 16 (mean 19.9) | 0.2s/gen
  541  69248 -8.432416444838805e-01 1.1e+02 1.06e-03  5e-03  3e-02 4:40.1
  Gen  540 | Best: 0.84 (raw: 0.8) | Pop mean: 0.73 | Sigma: 0.0011 | Nodes: 16 (mean 21.2) | 0.2s/gen
  551  70528 -8.432416444838805e-01 1.2e+02 9.88e-04  5e-03  4e-02 4:41.8
  Gen  550 | Best: 0.84 (raw: 0.8) | Pop mean: 0.80 | Sigma: 0.0010 | Nodes: 16 (mean 18.2) | 0.2s/gen
  561  71808 -8.432416444838805e-01 1.4e+02 8.58e-04  5e-03  3e-02 4:43.4
  Gen  560 | Best: 0.84 (raw: 0.8) | Pop mean: 0.74 | Sigma: 0.0009 | Nodes: 16 (mean 20.5) | 0.2s/gen
  571  73088 -8.432416444838805e-01 1.5e+02 7.84e-04  5e-03  4e-02 4:45.0
  Gen  570 | Best: 0.84 (raw: 0.8) | Pop mean: 0.75 | Sigma: 0.0008 | Nodes: 16 (mean 20.5) | 0.2s/gen
  581  74368 -8.432416444838805e-01 1.7e+02 6.86e-04  5e-03  3e-02 4:46.7
  Gen  580 | Best: 0.84 (raw: 0.8) | Pop mean: 0.75 | Sigma: 0.0007 | Nodes: 16 (mean 19.8) | 0.2s/gen
  591  75648 -8.432416444838805e-01 2.0e+02 6.10e-04  5e-03  3e-02 4:48.3
  Gen  590 | Best: 0.84 (raw: 0.8) | Pop mean: 0.79 | Sigma: 0.0006 | Nodes: 16 (mean 19.3) | 0.2s/gen
Iterat #Fevals   function value  axis ratio  sigma  min&max std  t[m:s]
  601  76928 -8.432416444838805e-01 2.2e+02 5.44e-04  5e-03  3e-02 4:49.8
  Gen  600 | Best: 0.84 (raw: 0.8) | Pop mean: 0.78 | Sigma: 0.0005 | Nodes: 16 (mean 19.1) | 0.2s/gen
  611  78208 -8.432416444838805e-01 2.5e+02 4.83e-04  5e-03  3e-02 4:51.5
  Gen  610 | Best: 0.84 (raw: 0.8) | Pop mean: 0.74 | Sigma: 0.0005 | Nodes: 16 (mean 20.2) | 0.2s/gen
  621  79488 -8.432416444838805e-01 2.8e+02 4.31e-04  5e-03  3e-02 4:53.1
  Gen  620 | Best: 0.84 (raw: 0.8) | Pop mean: 0.76 | Sigma: 0.0004 | Nodes: 16 (mean 20.4) | 0.2s/gen
  631  80768 -8.432416444838805e-01 3.2e+02 4.08e-04  5e-03  4e-02 4:54.7
  Gen  630 | Best: 0.84 (raw: 0.8) | Pop mean: 0.78 | Sigma: 0.0004 | Nodes: 16 (mean 19.5) | 0.2s/gen
  641  82048 -8.432416444838805e-01 3.5e+02 4.20e-04  5e-03  4e-02 4:56.3
  Gen  640 | Best: 0.84 (raw: 0.8) | Pop mean: 0.77 | Sigma: 0.0004 | Nodes: 16 (mean 19.5) | 0.2s/gen
  651  83328 -8.432416444838805e-01 3.8e+02 3.76e-04  5e-03  4e-02 4:57.9
  Gen  650 | Best: 0.84 (raw: 0.8) | Pop mean: 0.78 | Sigma: 0.0004 | Nodes: 16 (mean 19.5) | 0.2s/gen
  661  84608 -8.432416444838805e-01 4.2e+02 3.24e-04  5e-03  4e-02 4:59.5
  Gen  660 | Best: 0.84 (raw: 0.8) | Pop mean: 0.80 | Sigma: 0.0003 | Nodes: 16 (mean 18.9) | 0.2s/gen
  671  85888 -8.432416444838805e-01 4.6e+02 2.74e-04  5e-03  4e-02 5:01.2
  Gen  670 | Best: 0.84 (raw: 0.8) | Pop mean: 0.75 | Sigma: 0.0003 | Nodes: 16 (mean 20.9) | 0.2s/gen
  681  87168 -8.432416444838805e-01 5.2e+02 2.42e-04  5e-03  4e-02 5:02.8
  Gen  680 | Best: 0.84 (raw: 0.8) | Pop mean: 0.75 | Sigma: 0.0002 | Nodes: 16 (mean 20.9) | 0.2s/gen
  691  88448 -8.432416444838805e-01 5.8e+02 2.18e-04  5e-03  4e-02 5:04.9
  Gen  690 | Best: 0.84 (raw: 0.8) | Pop mean: 0.77 | Sigma: 0.0002 | Nodes: 16 (mean 19.8) | 0.2s/gen
Iterat #Fevals   function value  axis ratio  sigma  min&max std  t[m:s]
  701  89728 -8.432416444838805e-01 6.6e+02 1.96e-04  5e-03  4e-02 5:07.0
  Gen  700 | Best: 0.84 (raw: 0.8) | Pop mean: 0.76 | Sigma: 0.0002 | Nodes: 16 (mean 19.7) | 0.2s/gen
  711  91008 -8.432416444838805e-01 7.4e+02 1.76e-04  5e-03  4e-02 5:08.6
  Gen  710 | Best: 0.84 (raw: 0.8) | Pop mean: 0.79 | Sigma: 0.0002 | Nodes: 16 (mean 19.1) | 0.2s/gen
  721  92288 -8.432416444838805e-01 8.2e+02 1.66e-04  5e-03  4e-02 5:10.2
  Gen  720 | Best: 0.84 (raw: 0.8) | Pop mean: 0.79 | Sigma: 0.0002 | Nodes: 16 (mean 18.4) | 0.2s/gen
  731  93568 -8.432416444838805e-01 9.1e+02 1.37e-04  5e-03  3e-02 5:11.8
  Gen  730 | Best: 0.84 (raw: 0.8) | Pop mean: 0.77 | Sigma: 0.0001 | Nodes: 16 (mean 19.7) | 0.2s/gen
  741  94848 -8.432416444838805e-01 1.0e+03 1.30e-04  5e-03  4e-02 5:13.4
  Gen  740 | Best: 0.84 (raw: 0.8) | Pop mean: 0.74 | Sigma: 0.0001 | Nodes: 16 (mean 20.4) | 0.2s/gen
  751  96128 -8.432416444838805e-01 1.1e+03 1.14e-04  5e-03  4e-02 5:15.2
  Gen  750 | Best: 0.84 (raw: 0.8) | Pop mean: 0.77 | Sigma: 0.0001 | Nodes: 16 (mean 19.1) | 0.2s/gen
  761  97408 -8.432416444838805e-01 1.3e+03 1.00e-04  5e-03  3e-02 5:17.3
  Gen  760 | Best: 0.84 (raw: 0.8) | Pop mean: 0.77 | Sigma: 0.0001 | Nodes: 16 (mean 20.2) | 0.2s/gen
  771  98688 -8.432416444838805e-01 1.4e+03 8.94e-05  5e-03  4e-02 5:19.0
  Gen  770 | Best: 0.84 (raw: 0.8) | Pop mean: 0.74 | Sigma: 0.0001 | Nodes: 16 (mean 21.0) | 0.2s/gen
  781  99968 -8.432416444838805e-01 1.6e+03 8.24e-05  5e-03  4e-02 5:20.6
  Gen  780 | Best: 0.84 (raw: 0.8) | Pop mean: 0.76 | Sigma: 0.0001 | Nodes: 16 (mean 20.0) | 0.2s/gen
  791 101248 -8.432416444838805e-01 1.8e+03 7.49e-05  5e-03  4e-02 5:22.3
  Gen  790 | Best: 0.84 (raw: 0.8) | Pop mean: 0.72 | Sigma: 0.0001 | Nodes: 16 (mean 21.1) | 0.2s/gen
Iterat #Fevals   function value  axis ratio  sigma  min&max std  t[m:s]
  801 102528 -8.432416444838805e-01 2.0e+03 6.27e-05  5e-03  3e-02 5:23.9
  Gen  800 | Best: 0.84 (raw: 0.8) | Pop mean: 0.79 | Sigma: 0.0001 | Nodes: 16 (mean 19.1) | 0.2s/gen
  811 103808 -8.432416444838805e-01 2.3e+03 5.53e-05  5e-03  3e-02 5:25.5
  Gen  810 | Best: 0.84 (raw: 0.8) | Pop mean: 0.80 | Sigma: 0.0001 | Nodes: 16 (mean 18.3) | 0.2s/gen
  821 105088 -8.432416444838805e-01 2.6e+03 5.25e-05  5e-03  4e-02 5:27.1
  Gen  820 | Best: 0.84 (raw: 0.8) | Pop mean: 0.76 | Sigma: 0.0001 | Nodes: 16 (mean 20.4) | 0.2s/gen
  831 106368 -8.432416444838805e-01 2.9e+03 4.46e-05  5e-03  3e-02 5:28.8
  Gen  830 | Best: 0.84 (raw: 0.8) | Pop mean: 0.78 | Sigma: 0.0000 | Nodes: 16 (mean 19.4) | 0.2s/gen
  841 107648 -8.432416444838805e-01 3.3e+03 3.78e-05  5e-03  3e-02 5:30.4
  Gen  840 | Best: 0.84 (raw: 0.8) | Pop mean: 0.76 | Sigma: 0.0000 | Nodes: 16 (mean 20.1) | 0.2s/gen
  851 108928 -8.432416444838805e-01 3.6e+03 6.24e-05  8e-03  6e-02 5:32.0
  Gen  850 | Best: 0.84 (raw: 0.8) | Pop mean: 0.78 | Sigma: 0.0001 | Nodes: 16 (mean 21.2) | 0.2s/gen
  861 110208 -8.432416444838805e-01 3.7e+03 6.28e-05  8e-03  6e-02 5:33.7
  Gen  860 | Best: 0.84 (raw: 0.8) | Pop mean: 0.82 | Sigma: 0.0001 | Nodes: 16 (mean 19.4) | 0.2s/gen
  871 111488 -8.432416444838805e-01 3.8e+03 5.35e-05  7e-03  5e-02 5:35.4
  Gen  870 | Best: 0.84 (raw: 0.8) | Pop mean: 0.78 | Sigma: 0.0001 | Nodes: 16 (mean 19.7) | 0.2s/gen
  881 112768 -8.432416444838805e-01 4.0e+03 4.38e-05  6e-03  5e-02 5:37.0
  Gen  880 | Best: 0.84 (raw: 0.8) | Pop mean: 0.76 | Sigma: 0.0000 | Nodes: 16 (mean 19.8) | 0.2s/gen
  891 114048 -8.432416444838805e-01 4.3e+03 3.79e-05  5e-03  4e-02 5:38.7
  Gen  890 | Best: 0.84 (raw: 0.8) | Pop mean: 0.78 | Sigma: 0.0000 | Nodes: 16 (mean 19.2) | 0.2s/gen
Iterat #Fevals   function value  axis ratio  sigma  min&max std  t[m:s]
  901 115328 -8.432416444838805e-01 4.7e+03 3.14e-05  5e-03  4e-02 5:40.3
  Gen  900 | Best: 0.84 (raw: 0.8) | Pop mean: 0.76 | Sigma: 0.0000 | Nodes: 16 (mean 20.3) | 0.2s/gen
  911 116608 -8.432416444838805e-01 5.2e+03 2.64e-05  5e-03  4e-02 5:41.9
  Gen  910 | Best: 0.84 (raw: 0.8) | Pop mean: 0.77 | Sigma: 0.0000 | Nodes: 12 (mean 19.8) | 0.2s/gen
  921 117888 -8.432416444838805e-01 5.8e+03 2.34e-05  5e-03  4e-02 5:43.5
  Gen  920 | Best: 0.84 (raw: 0.8) | Pop mean: 0.76 | Sigma: 0.0000 | Nodes: 16 (mean 19.8) | 0.2s/gen
  931 119168 -8.432416444838805e-01 6.6e+03 2.05e-05  5e-03  3e-02 5:45.2
  Gen  930 | Best: 0.84 (raw: 0.8) | Pop mean: 0.67 | Sigma: 0.0000 | Nodes: 16 (mean 22.9) | 0.2s/gen
  941 120448 -8.432416444838805e-01 7.4e+03 1.83e-05  5e-03  3e-02 5:46.8
  Gen  940 | Best: 0.84 (raw: 0.8) | Pop mean: 0.78 | Sigma: 0.0000 | Nodes: 16 (mean 19.9) | 0.2s/gen
  951 121728 -8.432416444838805e-01 8.3e+03 1.66e-05  5e-03  4e-02 5:48.5
  Gen  950 | Best: 0.84 (raw: 0.8) | Pop mean: 0.71 | Sigma: 0.0000 | Nodes: 16 (mean 21.7) | 0.2s/gen
  961 123008 -8.432416444838805e-01 9.2e+03 1.75e-05  5e-03  4e-02 5:50.1
  Gen  960 | Best: 0.84 (raw: 0.8) | Pop mean: 0.76 | Sigma: 0.0000 | Nodes: 16 (mean 20.3) | 0.2s/gen
  971 124288 -8.432416444838805e-01 1.0e+04 1.54e-05  5e-03  4e-02 5:51.7
  Gen  970 | Best: 0.84 (raw: 0.8) | Pop mean: 0.77 | Sigma: 0.0000 | Nodes: 16 (mean 20.8) | 0.2s/gen
  981 125568 -8.432416444838805e-01 1.1e+04 1.34e-05  5e-03  4e-02 5:53.4
  Gen  980 | Best: 0.84 (raw: 0.8) | Pop mean: 0.79 | Sigma: 0.0000 | Nodes: 16 (mean 18.8) | 0.2s/gen
  Gen  990 | Best: 0.84 (raw: 0.8) | Pop mean: 0.79 | Sigma: 0.0000 | Nodes: 16 (mean 18.9) | 0.2s/gen
Iterat #Fevals   function value  axis ratio  sigma  min&max std  t[m:s]
  Gen 1000 | Best: 0.84 (raw: 0.8) | Pop mean: 0.75 | Sigma: 0.0000 | Nodes: 16 (mean 21.2) | 0.2s/gen
  Gen 1010 | Best: 0.84 (raw: 0.8) | Pop mean: 0.79 | Sigma: 0.0000 | Nodes: 16 (mean 20.8) | 0.2s/gen
 1021 130688 -8.437838903677413e-01 1.5e+04 2.33e-05  1e-02  9e-02 5:59.9
  Gen 1020 | Best: 0.84 (raw: 0.8) | Pop mean: 0.82 | Sigma: 0.0000 | Nodes: 40 (mean 23.8) | 0.2s/gen
 1031 131968 -8.437838903677413e-01 1.5e+04 2.14e-05  1e-02  8e-02 6:01.6
  Gen 1030 | Best: 0.84 (raw: 0.8) | Pop mean: 0.79 | Sigma: 0.0000 | Nodes: 40 (mean 22.2) | 0.2s/gen
 1041 133248 -8.437838903677413e-01 1.6e+04 1.86e-05  1e-02  7e-02 6:03.2
  Gen 1040 | Best: 0.84 (raw: 0.8) | Pop mean: 0.82 | Sigma: 0.0000 | Nodes: 40 (mean 20.3) | 0.2s/gen
 1051 134528 -8.432416444838805e-01 1.6e+04 1.66e-05  9e-03  6e-02 6:04.8
  Gen 1050 | Best: 0.84 (raw: 0.8) | Pop mean: 0.82 | Sigma: 0.0000 | Nodes: 16 (mean 19.9) | 0.2s/gen
 1061 135808 -8.432416444838805e-01 1.6e+04 1.51e-05  8e-03  6e-02 6:06.4
  Gen 1060 | Best: 0.84 (raw: 0.8) | Pop mean: 0.79 | Sigma: 0.0000 | Nodes: 16 (mean 19.6) | 0.2s/gen
 1071 137088 -8.432416444838805e-01 1.7e+04 1.33e-05  7e-03  5e-02 6:08.0
  Gen 1070 | Best: 0.84 (raw: 0.8) | Pop mean: 0.80 | Sigma: 0.0000 | Nodes: 16 (mean 18.7) | 0.2s/gen
 1081 138368 -8.432416444838805e-01 1.8e+04 1.15e-05  6e-03  5e-02 6:09.6
  Gen 1080 | Best: 0.84 (raw: 0.8) | Pop mean: 0.81 | Sigma: 0.0000 | Nodes: 16 (mean 18.5) | 0.2s/gen
 1091 139648 -8.432416444838805e-01 1.9e+04 9.68e-06  5e-03  4e-02 6:11.3
  Gen 1090 | Best: 0.84 (raw: 0.8) | Pop mean: 0.77 | Sigma: 0.0000 | Nodes: 16 (mean 19.4) | 0.2s/gen
Iterat #Fevals   function value  axis ratio  sigma  min&max std  t[m:s]
 1101 140928 -8.432416444838805e-01 2.0e+04 8.14e-06  5e-03  4e-02 6:12.9
  Gen 1100 | Best: 0.84 (raw: 0.8) | Pop mean: 0.76 | Sigma: 0.0000 | Nodes: 16 (mean 19.8) | 0.2s/gen
 1111 142208 -8.432416444838805e-01 2.2e+04 7.37e-06  5e-03  4e-02 6:14.5
  Gen 1110 | Best: 0.84 (raw: 0.8) | Pop mean: 0.77 | Sigma: 0.0000 | Nodes: 16 (mean 19.4) | 0.2s/gen
 1121 143488 -8.432416444838805e-01 2.4e+04 6.02e-06  5e-03  4e-02 6:16.1
  Gen 1120 | Best: 0.84 (raw: 0.8) | Pop mean: 0.75 | Sigma: 0.0000 | Nodes: 16 (mean 20.7) | 0.2s/gen
 1131 144768 -8.432416444838805e-01 2.7e+04 5.31e-06  5e-03  4e-02 6:17.9
  Gen 1130 | Best: 0.84 (raw: 0.8) | Pop mean: 0.75 | Sigma: 0.0000 | Nodes: 16 (mean 20.1) | 0.2s/gen
 1141 146048 -8.432416444838805e-01 3.1e+04 4.70e-06  5e-03  3e-02 6:19.6
  Gen 1140 | Best: 0.84 (raw: 0.8) | Pop mean: 0.76 | Sigma: 0.0000 | Nodes: 16 (mean 20.3) | 0.2s/gen
 1151 147328 -8.432416444838805e-01 3.5e+04 3.99e-06  5e-03  3e-02 6:21.2
  Gen 1150 | Best: 0.84 (raw: 0.8) | Pop mean: 0.75 | Sigma: 0.0000 | Nodes: 16 (mean 20.4) | 0.2s/gen
NOTE (module=cma, iteration=1158):  
condition in coordinate system exceeded 1.0e+08, rescaled to 1.0e+00, 
condition changed from 1.4e+09 to 1.5e+10
 1161 148608 -8.432416444838805e-01 1.3e+05 3.72e-06  5e-03  3e-02 6:22.9
  Gen 1160 | Best: 0.84 (raw: 0.8) | Pop mean: 0.74 | Sigma: 0.0000 | Nodes: 16 (mean 20.6) | 0.2s/gen
 1171 149888 -8.432416444838805e-01 1.3e+05 7.85e-06  1e-02  8e-02 6:24.5
  Gen 1170 | Best: 0.84 (raw: 0.8) | Pop mean: 0.81 | Sigma: 0.0000 | Nodes: 16 (mean 20.7) | 0.2s/gen
 1181 151168 -8.432416444838805e-01 1.4e+05 7.63e-06  1e-02  8e-02 6:26.2
  Gen 1180 | Best: 0.84 (raw: 0.8) | Pop mean: 0.79 | Sigma: 0.0000 | Nodes: 16 (mean 20.2) | 0.2s/gen
 1191 152448 -8.432416444838805e-01 1.4e+05 6.54e-06  9e-03  7e-02 6:27.9
  Gen 1190 | Best: 0.84 (raw: 0.8) | Pop mean: 0.82 | Sigma: 0.0000 | Nodes: 16 (mean 20.4) | 0.2s/gen
Iterat #Fevals   function value  axis ratio  sigma  min&max std  t[m:s]
 1201 153728 -8.432416444838805e-01 1.4e+05 5.86e-06  8e-03  6e-02 6:29.6
  Gen 1200 | Best: 0.84 (raw: 0.8) | Pop mean: 0.77 | Sigma: 0.0000 | Nodes: 16 (mean 20.0) | 0.2s/gen
 1211 155008 -8.432416444838805e-01 1.5e+05 5.00e-06  7e-03  5e-02 6:31.2
  Gen 1210 | Best: 0.84 (raw: 0.8) | Pop mean: 0.78 | Sigma: 0.0000 | Nodes: 16 (mean 18.7) | 0.2s/gen
 1221 156288 -8.432416444838805e-01 1.6e+05 4.31e-06  6e-03  5e-02 6:32.9
  Gen 1220 | Best: 0.84 (raw: 0.8) | Pop mean: 0.81 | Sigma: 0.0000 | Nodes: 16 (mean 19.5) | 0.2s/gen
 1231 157568 -8.432416444838805e-01 1.7e+05 3.67e-06  5e-03  4e-02 6:34.5
  Gen 1230 | Best: 0.84 (raw: 0.8) | Pop mean: 0.80 | Sigma: 0.0000 | Nodes: 16 (mean 19.4) | 0.2s/gen
 1241 158848 -8.432416444838805e-01 1.8e+05 3.12e-06  5e-03  4e-02 6:36.1
  Gen 1240 | Best: 0.84 (raw: 0.8) | Pop mean: 0.78 | Sigma: 0.0000 | Nodes: 16 (mean 18.7) | 0.2s/gen
 1251 160128 -8.432416444838805e-01 1.9e+05 2.70e-06  5e-03  4e-02 6:37.8
  Gen 1250 | Best: 0.84 (raw: 0.8) | Pop mean: 0.79 | Sigma: 0.0000 | Nodes: 16 (mean 18.8) | 0.2s/gen
 1261 161408 -8.432416444838805e-01 2.1e+05 2.26e-06  5e-03  4e-02 6:39.4
  Gen 1260 | Best: 0.84 (raw: 0.8) | Pop mean: 0.78 | Sigma: 0.0000 | Nodes: 16 (mean 20.0) | 0.2s/gen
 1271 162688 -8.432416444838805e-01 2.4e+05 1.99e-06  5e-03  3e-02 6:41.0
  Gen 1270 | Best: 0.84 (raw: 0.8) | Pop mean: 0.77 | Sigma: 0.0000 | Nodes: 16 (mean 20.1) | 0.2s/gen
 1281 163968 -8.432416444838805e-01 2.7e+05 1.80e-06  5e-03  3e-02 6:42.7
  Gen 1280 | Best: 0.84 (raw: 0.8) | Pop mean: 0.79 | Sigma: 0.0000 | Nodes: 16 (mean 19.8) | 0.2s/gen
 1291 165248 -8.432416444838805e-01 3.0e+05 1.55e-06  5e-03  3e-02 6:44.3
  Gen 1290 | Best: 0.84 (raw: 0.8) | Pop mean: 0.78 | Sigma: 0.0000 | Nodes: 16 (mean 20.2) | 0.2s/gen
Iterat #Fevals   function value  axis ratio  sigma  min&max std  t[m:s]
 1301 166528 -8.432416444838805e-01 3.5e+05 1.70e-06  6e-03  4e-02 6:45.9
  Gen 1300 | Best: 0.84 (raw: 0.8) | Pop mean: 0.76 | Sigma: 0.0000 | Nodes: 16 (mean 20.7) | 0.2s/gen
 1311 167808 -8.432416444838805e-01 3.6e+05 3.55e-06  1e-02  9e-02 6:47.6
  Gen 1310 | Best: 0.84 (raw: 0.8) | Pop mean: 0.83 | Sigma: 0.0000 | Nodes: 40 (mean 23.4) | 0.2s/gen
 1321 169088 -8.432416444838805e-01 3.6e+05 3.20e-06  1e-02  8e-02 6:49.3
  Gen 1320 | Best: 0.84 (raw: 0.8) | Pop mean: 0.83 | Sigma: 0.0000 | Nodes: 16 (mean 21.6) | 0.2s/gen
 1331 170368 -8.432416444838805e-01 3.7e+05 2.83e-06  1e-02  7e-02 6:50.9
  Gen 1330 | Best: 0.84 (raw: 0.8) | Pop mean: 0.83 | Sigma: 0.0000 | Nodes: 40 (mean 21.5) | 0.2s/gen
 1341 171648 -8.432416444838805e-01 3.8e+05 2.45e-06  1e-02  7e-02 6:52.5
  Gen 1340 | Best: 0.84 (raw: 0.8) | Pop mean: 0.80 | Sigma: 0.0000 | Nodes: 16 (mean 20.4) | 0.2s/gen
 1351 172928 -8.432416444838805e-01 3.9e+05 2.18e-06  9e-03  6e-02 6:54.2
  Gen 1350 | Best: 0.84 (raw: 0.8) | Pop mean: 0.80 | Sigma: 0.0000 | Nodes: 16 (mean 20.0) | 0.2s/gen
 1361 174208 -8.432416444838805e-01 4.1e+05 1.94e-06  8e-03  5e-02 6:55.8
  Gen 1360 | Best: 0.84 (raw: 0.8) | Pop mean: 0.78 | Sigma: 0.0000 | Nodes: 20 (mean 20.6) | 0.2s/gen
 1371 175488 -8.432416444838805e-01 4.2e+05 1.69e-06  7e-03  5e-02 6:57.4
  Gen 1370 | Best: 0.84 (raw: 0.8) | Pop mean: 0.78 | Sigma: 0.0000 | Nodes: 16 (mean 20.0) | 0.2s/gen
 1381 176768 -8.432416444838805e-01 4.5e+05 1.52e-06  7e-03  5e-02 6:59.0
  Gen 1380 | Best: 0.84 (raw: 0.8) | Pop mean: 0.80 | Sigma: 0.0000 | Nodes: 16 (mean 19.3) | 0.2s/gen
 1391 178048 -8.432416444838805e-01 4.7e+05 1.31e-06  6e-03  4e-02 7:00.7
  Gen 1390 | Best: 0.84 (raw: 0.8) | Pop mean: 0.81 | Sigma: 0.0000 | Nodes: 16 (mean 17.9) | 0.2s/gen
Iterat #Fevals   function value  axis ratio  sigma  min&max std  t[m:s]
 1401 179328 -8.432416444838805e-01 5.1e+05 1.10e-06  5e-03  4e-02 7:02.3
  Gen 1400 | Best: 0.84 (raw: 0.8) | Pop mean: 0.78 | Sigma: 0.0000 | Nodes: 16 (mean 19.1) | 0.2s/gen
 1411 180608 -8.432416444838805e-01 5.6e+05 9.31e-07  5e-03  4e-02 7:04.0
  Gen 1410 | Best: 0.84 (raw: 0.8) | Pop mean: 0.76 | Sigma: 0.0000 | Nodes: 16 (mean 20.3) | 0.2s/gen
 1421 181888 -8.432416444838805e-01 6.3e+05 7.61e-07  5e-03  3e-02 7:05.6
  Gen 1420 | Best: 0.84 (raw: 0.8) | Pop mean: 0.75 | Sigma: 0.0000 | Nodes: 16 (mean 21.2) | 0.2s/gen
 1431 183168 -8.432416444838805e-01 7.2e+05 6.83e-07  5e-03  3e-02 7:07.2
  Gen 1430 | Best: 0.84 (raw: 0.8) | Pop mean: 0.79 | Sigma: 0.0000 | Nodes: 16 (mean 19.7) | 0.2s/gen
 1441 184448 -8.432416444838805e-01 8.1e+05 6.12e-07  5e-03  3e-02 7:08.9
  Gen 1440 | Best: 0.84 (raw: 0.8) | Pop mean: 0.76 | Sigma: 0.0000 | Nodes: 16 (mean 20.4) | 0.2s/gen
 1451 185728 -8.432416444838805e-01 9.1e+05 5.24e-07  5e-03  3e-02 7:10.5
  Gen 1450 | Best: 0.84 (raw: 0.8) | Pop mean: 0.74 | Sigma: 0.0000 | Nodes: 16 (mean 21.1) | 0.2s/gen
C:\Users\raduc\miniconda3\envs\ndp\lib\site-packages\cma\sigma_adaptation.py:316: RuntimeWarning: overflow encountered in exp
  utils.print_warning('sigma change np.exp(' + str(s) + ') = ' + str(np.exp(s)) +
 1461 187008 -8.099674652469684e-01 2.5e+05 3.52e-06  1e-02  3e-01 7:46.3
  Gen 1460 | Best: 0.81 (raw: 0.8) | Pop mean: 0.28 | Sigma: 0.0000 | Nodes: 576 (mean 544.0) | 3.6s/gen
 1471 188288 -7.960169575076408e-01 2.7e+05 7.76e-02  3e+02  8e+03 12:06.8
  Gen 1470 | Best: 0.80 (raw: 0.8) | Pop mean: 0.58 | Sigma: 0.0776 | Nodes: 512 (mean 476.0) | 26.1s/gen
 1481 189568 -7.839396628216504e-01 2.7e+05 1.71e+03  6e+06  2e+08 16:35.1
  Gen 1480 | Best: 0.78 (raw: 0.8) | Pop mean: 0.62 | Sigma: 1708.5488 | Nodes: 416 (mean 462.0) | 26.8s/gen
 1491 190848 -7.960169575076408e-01 2.7e+05 3.76e+07  1e+11  4e+12 20:50.1
  Gen 1490 | Best: 0.80 (raw: 0.8) | Pop mean: 0.55 | Sigma: 37633292.7261 | Nodes: 512 (mean 486.8) | 25.5s/gen
[1789305630] archived 1500 generations | best-ever matches log: True | pop mean matches log: True | final genome matches saved: True | VERIFIED=True

[1786053806] replaying ...
Model ID: 1789337701

Config:
{'CMA_elitist': True, 'NN_transform_node_embedding_during_growth': True, 'additive_update': False, 'arrows': True, 'balanced_weights': False, 'binary_connectivity': False, 'checkpoint_id': None, 'coevolve_initial_embeddings': True, 'dev_mode': 0, 'device': 0, 'early_stopping': False, 'early_stopping_conditions': {'generation': 500, 'objective_value': -3}, 'edge_based_growth': False, 'env_seed': None, 'environment': 'KA_retina', 'evolution_feval_check_N': 10, 'evolution_feval_check_every': 2000, 'extra_nodes': -1, 'fewer_edges': False, 'fewer_nodes': False, 'flattening_stopping': False, 'flattening_stopping_conditions': {'last_generations': 500, 'min_generation': 1500, 'min_std': 5}, 'generations': 1500, 'group': 'default', 'growth_model_bias': True, 'growth_model_last_layer_activated': False, 'histogram_degree': 0, 'initial_embeddings_random': False, 'initial_sparsity': 1, 'layout': 'random_fixed', 'maximise': True, 'minstd': 0.005, 'mlp_embedding_transform_hidden_layers_dims': [5], 'mlp_growth_hidden_layers_dims': [5], 'mlp_weight_values_bias': True, 'mlp_weight_values_hidden_layers_dims': [5], 'mlp_weight_values_last_layer_activated': True, 'nb_episode_evals': 1, 'nb_growth_evals': 1, 'network_thinking_time_extra_growth': 2, 'network_thinking_time_extra_rollout': 3, 'node_based_growth': True, 'node_embedding_size': 3, 'node_pairs_based_growth': False, 'notes experiment': None, 'number_of_growth_cycles': 6, 'optimizer': 'CMAES', 'persistent_observation_rollout': True, 'popsize': 128, 'print_every': 10, 'probabilistic_growth': False, 'project_name': 'Developmental networks', 'prunning_phase': False, 'prunning_threshold': 0.3, 'recurrent_activation_function': 'tanh', 'render': 1, 'return_loss': 0, 'reward_if_graph_too_small': 200, 'save_model': 1, 'seed': 7318332, 'self_link_allowed_during_querying': False, 'shared_intial_embedding': True, 'shared_intial_graph_bool': True, 'sigma_init': 0.5, 'threads': -1, 'transform_model_bias': True, 'transform_model_last_layer_activated': True, 'undirected': True, 'use_torch': False, 'visualise_network': 0, 'x0_dist': 'U[-1,1]', 'log_gen_time': True, 'snapshot': True, 'show': False, 'nb_eval_seeds': 10, 'balanced_fitness': True, 'operation': 'and', 'mvg': True, 'mvg_ops': ['and', 'or'], 'mvg_switch_interval': 20, 'target': 1.0, 'id': '1789337701', '_path': 'saved_models/1789337701'}

Seed:  7318332
Env_seed:  None
The growth model has 111 trainable parameters
(64_w,128)-aCMA-ES (mu_w=34.2,w_1=6%) in dimension 111 (seed=7318332, Sun Sep 13 23:15:01 2026)

.......................................................

Initilisating CMA-ES with 111 trainable parameters 


--- Starting Evolution ---


Using 16 cores

Baseline (untrained x0 DNA): fitness=0.2161 (raw=0.2) | Nodes: 576

Iterat #Fevals   function value  axis ratio  sigma  min&max std  t[m:s]
    1    128 -7.863551217588485e-01 1.0e+00 4.84e-01  5e-01  5e-01 0:26.1
  Gen    0 | Best: 0.79 (raw: 0.8) | Pop mean: 0.49 | Sigma: 0.4839 | Nodes: 576 (mean 310.3) | 2.8s/gen | op=and
   11   1408 -8.432416444838805e-01 1.1e+00 5.23e-01  5e-01  5e-01 2:09.7
  Gen   10 | Best: 0.84 (raw: 0.8) | Pop mean: 0.78 | Sigma: 0.5229 | Nodes: 12 (mean 59.1) | 10.4s/gen | op=and
   21   2688 -8.181657848324515e-01 1.2e+00 5.61e-01  6e-01  6e-01 2:37.0
  Gen   20 | Best: 0.82 (raw: 0.8) | Pop mean: 0.78 | Sigma: 0.5612 | Nodes: 9 (mean 29.0) | 2.7s/gen | op=or
   31   3968 -8.171428571428572e-01 1.3e+00 6.12e-01  6e-01  6e-01 4:41.3
  Gen   30 | Best: 0.82 (raw: 0.8) | Pop mean: 0.75 | Sigma: 0.6117 | Nodes: 288 (mean 320.6) | 12.4s/gen | op=or
   41   5248 -8.244602188701569e-01 1.4e+00 6.07e-01  6e-01  6e-01 8:24.6
  Gen   40 | Best: 0.82 (raw: 0.8) | Pop mean: 0.77 | Sigma: 0.6068 | Nodes: 320 (mean 424.6) | 22.3s/gen | op=and
   51   6528 -8.432416444838805e-01 1.4e+00 6.26e-01  6e-01  6e-01 10:32.2
  Gen   50 | Best: 0.84 (raw: 0.8) | Pop mean: 0.81 | Sigma: 0.6255 | Nodes: 24 (mean 72.5) | 12.8s/gen | op=and
   61   7808 -8.058201058201058e-01 1.4e+00 6.82e-01  7e-01  7e-01 12:03.8
  Gen   60 | Best: 0.81 (raw: 0.8) | Pop mean: 0.78 | Sigma: 0.6824 | Nodes: 71 (mean 49.3) | 9.2s/gen | op=or
   71   9088 -8.171428571428572e-01 1.5e+00 6.75e-01  7e-01  7e-01 13:41.8
  Gen   70 | Best: 0.82 (raw: 0.8) | Pop mean: 0.78 | Sigma: 0.6750 | Nodes: 144 (mean 193.1) | 9.8s/gen | op=or
   81  10368 -8.437838903677413e-01 1.5e+00 6.20e-01  6e-01  6e-01 16:12.1
  Gen   80 | Best: 0.84 (raw: 0.8) | Pop mean: 0.80 | Sigma: 0.6203 | Nodes: 48 (mean 188.6) | 15.0s/gen | op=and
   91  11648 -8.437838903677413e-01 1.6e+00 6.00e-01  6e-01  6e-01 17:20.9
  Gen   90 | Best: 0.84 (raw: 0.8) | Pop mean: 0.83 | Sigma: 0.5995 | Nodes: 40 (mean 59.3) | 6.9s/gen | op=and
Iterat #Fevals   function value  axis ratio  sigma  min&max std  t[m:s]
  101  12928 -8.119929453262786e-01 1.6e+00 5.24e-01  5e-01  5e-01 17:46.9
  Gen  100 | Best: 0.81 (raw: 0.8) | Pop mean: 0.78 | Sigma: 0.5242 | Nodes: 42 (mean 34.1) | 2.6s/gen | op=or
  111  14208 -8.171428571428572e-01 1.6e+00 5.14e-01  5e-01  5e-01 18:36.3
  Gen  110 | Best: 0.82 (raw: 0.8) | Pop mean: 0.79 | Sigma: 0.5142 | Nodes: 272 (mean 158.4) | 4.9s/gen | op=or
  121  15488 -8.432416444838805e-01 1.6e+00 4.78e-01  5e-01  5e-01 19:30.8
  Gen  120 | Best: 0.84 (raw: 0.8) | Pop mean: 0.81 | Sigma: 0.4779 | Nodes: 30 (mean 173.8) | 5.4s/gen | op=and
  131  16768 -8.432416444838805e-01 1.7e+00 4.48e-01  4e-01  5e-01 19:47.7
  Gen  130 | Best: 0.84 (raw: 0.8) | Pop mean: 0.83 | Sigma: 0.4481 | Nodes: 20 (mean 59.8) | 1.7s/gen | op=and
  Gen  140 | Best: 0.80 (raw: 0.8) | Pop mean: 0.77 | Sigma: 0.4165 | Nodes: 9 (mean 46.8) | 1.1s/gen | op=or
  151  19328 -8.171428571428572e-01 1.7e+00 4.17e-01  4e-01  4e-01 20:42.5
  Gen  150 | Best: 0.82 (raw: 0.8) | Pop mean: 0.79 | Sigma: 0.4167 | Nodes: 288 (mean 165.0) | 4.4s/gen | op=or
  161  20608 -8.437838903677413e-01 1.7e+00 3.74e-01  4e-01  4e-01 21:07.1
  Gen  160 | Best: 0.84 (raw: 0.8) | Pop mean: 0.82 | Sigma: 0.3741 | Nodes: 80 (mean 111.4) | 2.5s/gen | op=and
  171  21888 -8.432416444838805e-01 1.7e+00 3.82e-01  4e-01  4e-01 21:25.4
  Gen  170 | Best: 0.84 (raw: 0.8) | Pop mean: 0.83 | Sigma: 0.3823 | Nodes: 9 (mean 36.0) | 1.8s/gen | op=and
  Gen  180 | Best: 0.82 (raw: 0.8) | Pop mean: 0.78 | Sigma: 0.3363 | Nodes: 52 (mean 31.7) | 1.0s/gen | op=or
  191  24448 -8.314285714285714e-01 1.7e+00 3.31e-01  3e-01  3e-01 22:01.4
  Gen  190 | Best: 0.83 (raw: 0.8) | Pop mean: 0.79 | Sigma: 0.3307 | Nodes: 72 (mean 110.7) | 2.6s/gen | op=or
Iterat #Fevals   function value  axis ratio  sigma  min&max std  t[m:s]
  201  25728 -8.432416444838805e-01 1.7e+00 2.86e-01  3e-01  3e-01 22:36.2
  Gen  200 | Best: 0.84 (raw: 0.8) | Pop mean: 0.82 | Sigma: 0.2859 | Nodes: 16 (mean 152.8) | 3.5s/gen | op=and
  211  27008 -8.437838903677413e-01 1.7e+00 2.73e-01  3e-01  3e-01 22:58.4
  Gen  210 | Best: 0.84 (raw: 0.8) | Pop mean: 0.83 | Sigma: 0.2726 | Nodes: 40 (mean 60.9) | 2.2s/gen | op=and
  Gen  220 | Best: 0.82 (raw: 0.8) | Pop mean: 0.78 | Sigma: 0.2655 | Nodes: 68 (mean 39.3) | 0.6s/gen | op=or
  Gen  230 | Best: 0.83 (raw: 0.8) | Pop mean: 0.79 | Sigma: 0.2582 | Nodes: 40 (mean 112.4) | 0.8s/gen | op=or
  241  30848 -8.437838903677413e-01 1.8e+00 2.25e-01  2e-01  2e-01 23:21.2
  Gen  240 | Best: 0.84 (raw: 0.8) | Pop mean: 0.82 | Sigma: 0.2254 | Nodes: 48 (mean 118.4) | 0.9s/gen | op=and
  Gen  250 | Best: 0.84 (raw: 0.8) | Pop mean: 0.83 | Sigma: 0.2164 | Nodes: 160 (mean 39.3) | 0.4s/gen | op=and
  Gen  260 | Best: 0.83 (raw: 0.8) | Pop mean: 0.79 | Sigma: 0.2026 | Nodes: 46 (mean 39.2) | 0.3s/gen | op=or
  Gen  270 | Best: 0.83 (raw: 0.8) | Pop mean: 0.80 | Sigma: 0.1955 | Nodes: 288 (mean 151.6) | 0.7s/gen | op=or
  281  35968 -8.437838903677413e-01 1.8e+00 1.78e-01  2e-01  2e-01 23:42.4
  Gen  280 | Best: 0.84 (raw: 0.8) | Pop mean: 0.83 | Sigma: 0.1778 | Nodes: 40 (mean 122.5) | 0.7s/gen | op=and
  Gen  290 | Best: 0.84 (raw: 0.8) | Pop mean: 0.83 | Sigma: 0.1910 | Nodes: 40 (mean 35.5) | 0.3s/gen | op=and
Iterat #Fevals   function value  axis ratio  sigma  min&max std  t[m:s]
  Gen  300 | Best: 0.80 (raw: 0.8) | Pop mean: 0.78 | Sigma: 0.1973 | Nodes: 44 (mean 31.3) | 0.2s/gen | op=or
  Gen  310 | Best: 0.84 (raw: 0.8) | Pop mean: 0.79 | Sigma: 0.1932 | Nodes: 72 (mean 83.0) | 0.7s/gen | op=or
  321  41088 -8.437838903677413e-01 1.8e+00 1.76e-01  2e-01  2e-01 24:12.8
  Gen  320 | Best: 0.84 (raw: 0.8) | Pop mean: 0.82 | Sigma: 0.1761 | Nodes: 80 (mean 105.2) | 1.8s/gen | op=and
  Gen  330 | Best: 0.84 (raw: 0.8) | Pop mean: 0.83 | Sigma: 0.1763 | Nodes: 40 (mean 39.6) | 1.5s/gen | op=and
  341  43648 -8.342857142857143e-01 1.9e+00 1.88e-01  2e-01  2e-01 24:38.5
  Gen  340 | Best: 0.83 (raw: 0.8) | Pop mean: 0.79 | Sigma: 0.1878 | Nodes: 38 (mean 36.1) | 1.1s/gen | op=or
  Gen  350 | Best: 0.83 (raw: 0.8) | Pop mean: 0.80 | Sigma: 0.1826 | Nodes: 144 (mean 105.7) | 1.6s/gen | op=or
  361  46208 -8.437838903677413e-01 1.9e+00 1.66e-01  2e-01  2e-01 25:08.7
  Gen  360 | Best: 0.84 (raw: 0.8) | Pop mean: 0.82 | Sigma: 0.1662 | Nodes: 160 (mean 137.9) | 1.5s/gen | op=and
  Gen  370 | Best: 0.84 (raw: 0.8) | Pop mean: 0.83 | Sigma: 0.1779 | Nodes: 64 (mean 45.7) | 0.8s/gen | op=and
  Gen  380 | Best: 0.80 (raw: 0.8) | Pop mean: 0.77 | Sigma: 0.1769 | Nodes: 22 (mean 31.9) | 0.2s/gen | op=or
  Gen  390 | Best: 0.82 (raw: 0.8) | Pop mean: 0.80 | Sigma: 0.1831 | Nodes: 288 (mean 110.8) | 0.3s/gen | op=or
Iterat #Fevals   function value  axis ratio  sigma  min&max std  t[m:s]
  Gen  400 | Best: 0.84 (raw: 0.8) | Pop mean: 0.82 | Sigma: 0.1585 | Nodes: 40 (mean 141.3) | 0.6s/gen | op=and
  Gen  410 | Best: 0.84 (raw: 0.8) | Pop mean: 0.84 | Sigma: 0.1686 | Nodes: 24 (mean 40.5) | 0.3s/gen | op=and
  Gen  420 | Best: 0.82 (raw: 0.8) | Pop mean: 0.77 | Sigma: 0.1521 | Nodes: 72 (mean 35.2) | 0.2s/gen | op=or
  431  55168 -8.428571428571429e-01 2.0e+00 1.51e-01  1e-01  2e-01 25:34.8
  Gen  430 | Best: 0.84 (raw: 0.8) | Pop mean: 0.80 | Sigma: 0.1510 | Nodes: 56 (mean 86.3) | 0.3s/gen | op=or
  Gen  440 | Best: 0.84 (raw: 0.8) | Pop mean: 0.82 | Sigma: 0.1328 | Nodes: 48 (mean 146.5) | 0.6s/gen | op=and
  Gen  450 | Best: 0.84 (raw: 0.8) | Pop mean: 0.83 | Sigma: 0.1442 | Nodes: 80 (mean 39.4) | 0.4s/gen | op=and
  Gen  460 | Best: 0.83 (raw: 0.8) | Pop mean: 0.78 | Sigma: 0.1440 | Nodes: 144 (mean 38.5) | 0.2s/gen | op=or
  Gen  470 | Best: 0.83 (raw: 0.8) | Pop mean: 0.80 | Sigma: 0.1454 | Nodes: 288 (mean 69.2) | 0.2s/gen | op=or
  Gen  480 | Best: 0.84 (raw: 0.8) | Pop mean: 0.83 | Sigma: 0.1295 | Nodes: 48 (mean 144.1) | 0.5s/gen | op=and
  Gen  490 | Best: 0.84 (raw: 0.8) | Pop mean: 0.83 | Sigma: 0.1338 | Nodes: 40 (mean 46.4) | 0.3s/gen | op=and
Iterat #Fevals   function value  axis ratio  sigma  min&max std  t[m:s]
  Gen  500 | Best: 0.84 (raw: 0.8) | Pop mean: 0.79 | Sigma: 0.1326 | Nodes: 54 (mean 43.8) | 0.3s/gen | op=or
  511  65408 -8.342857142857143e-01 2.1e+00 1.24e-01  1e-01  1e-01 26:06.1
  Gen  510 | Best: 0.83 (raw: 0.8) | Pop mean: 0.80 | Sigma: 0.1238 | Nodes: 38 (mean 94.5) | 0.7s/gen | op=or
  Gen  520 | Best: 0.84 (raw: 0.8) | Pop mean: 0.83 | Sigma: 0.1156 | Nodes: 160 (mean 151.0) | 0.9s/gen | op=and
  Gen  530 | Best: 0.84 (raw: 0.8) | Pop mean: 0.83 | Sigma: 0.1180 | Nodes: 80 (mean 54.4) | 0.4s/gen | op=and
  Gen  540 | Best: 0.83 (raw: 0.8) | Pop mean: 0.79 | Sigma: 0.1156 | Nodes: 38 (mean 42.5) | 0.2s/gen | op=or
  Gen  550 | Best: 0.83 (raw: 0.8) | Pop mean: 0.80 | Sigma: 0.1082 | Nodes: 38 (mean 53.4) | 0.2s/gen | op=or
  Gen  560 | Best: 0.84 (raw: 0.8) | Pop mean: 0.83 | Sigma: 0.0997 | Nodes: 80 (mean 98.7) | 0.4s/gen | op=and
  Gen  570 | Best: 0.84 (raw: 0.8) | Pop mean: 0.83 | Sigma: 0.0970 | Nodes: 40 (mean 51.1) | 0.2s/gen | op=and
  Gen  580 | Best: 0.84 (raw: 0.8) | Pop mean: 0.79 | Sigma: 0.0977 | Nodes: 74 (mean 50.9) | 0.2s/gen | op=or
  Gen  590 | Best: 0.83 (raw: 0.8) | Pop mean: 0.80 | Sigma: 0.0945 | Nodes: 288 (mean 60.6) | 0.2s/gen | op=or
Iterat #Fevals   function value  axis ratio  sigma  min&max std  t[m:s]
  601  76928 -8.437838903677413e-01 2.5e+00 8.90e-02  8e-02  9e-02 26:40.0
  Gen  600 | Best: 0.84 (raw: 0.8) | Pop mean: 0.82 | Sigma: 0.0890 | Nodes: 48 (mean 115.1) | 0.7s/gen | op=and
  Gen  610 | Best: 0.84 (raw: 0.8) | Pop mean: 0.83 | Sigma: 0.0977 | Nodes: 48 (mean 52.7) | 0.5s/gen | op=and
  Gen  620 | Best: 0.84 (raw: 0.8) | Pop mean: 0.79 | Sigma: 0.0970 | Nodes: 42 (mean 47.3) | 0.3s/gen | op=or
  Gen  630 | Best: 0.83 (raw: 0.8) | Pop mean: 0.80 | Sigma: 0.0946 | Nodes: 72 (mean 70.0) | 0.2s/gen | op=or
  Gen  640 | Best: 0.84 (raw: 0.8) | Pop mean: 0.83 | Sigma: 0.0845 | Nodes: 40 (mean 63.3) | 0.2s/gen | op=and
  Gen  650 | Best: 0.84 (raw: 0.8) | Pop mean: 0.84 | Sigma: 0.0853 | Nodes: 80 (mean 57.9) | 0.2s/gen | op=and
  Gen  660 | Best: 0.83 (raw: 0.8) | Pop mean: 0.79 | Sigma: 0.0829 | Nodes: 78 (mean 59.0) | 0.5s/gen | op=or
  Gen  670 | Best: 0.83 (raw: 0.8) | Pop mean: 0.80 | Sigma: 0.0841 | Nodes: 72 (mean 66.0) | 0.4s/gen | op=or
  Gen  680 | Best: 0.84 (raw: 0.8) | Pop mean: 0.83 | Sigma: 0.0735 | Nodes: 80 (mean 64.1) | 0.2s/gen | op=and
  Gen  690 | Best: 0.84 (raw: 0.8) | Pop mean: 0.84 | Sigma: 0.0751 | Nodes: 80 (mean 62.3) | 0.2s/gen | op=and
Iterat #Fevals   function value  axis ratio  sigma  min&max std  t[m:s]
  701  89728 -8.314285714285714e-01 2.8e+00 7.52e-02  6e-02  8e-02 27:08.4
  Gen  700 | Best: 0.83 (raw: 0.8) | Pop mean: 0.78 | Sigma: 0.0752 | Nodes: 36 (mean 65.4) | 0.2s/gen | op=or
  Gen  710 | Best: 0.83 (raw: 0.8) | Pop mean: 0.79 | Sigma: 0.0750 | Nodes: 36 (mean 58.4) | 0.2s/gen | op=or
  Gen  720 | Best: 0.84 (raw: 0.8) | Pop mean: 0.83 | Sigma: 0.0656 | Nodes: 40 (mean 79.1) | 0.2s/gen | op=and
  Gen  730 | Best: 0.84 (raw: 0.8) | Pop mean: 0.84 | Sigma: 0.0677 | Nodes: 80 (mean 66.2) | 0.2s/gen | op=and
  Gen  740 | Best: 0.83 (raw: 0.8) | Pop mean: 0.79 | Sigma: 0.0650 | Nodes: 38 (mean 70.5) | 0.3s/gen | op=or
  Gen  750 | Best: 0.83 (raw: 0.8) | Pop mean: 0.80 | Sigma: 0.0619 | Nodes: 36 (mean 55.4) | 0.3s/gen | op=or
  Gen  760 | Best: 0.84 (raw: 0.8) | Pop mean: 0.83 | Sigma: 0.0575 | Nodes: 80 (mean 48.6) | 0.3s/gen | op=and
  Gen  770 | Best: 0.84 (raw: 0.8) | Pop mean: 0.84 | Sigma: 0.0595 | Nodes: 40 (mean 64.4) | 0.3s/gen | op=and
  Gen  780 | Best: 0.84 (raw: 0.8) | Pop mean: 0.79 | Sigma: 0.0581 | Nodes: 38 (mean 62.1) | 0.4s/gen | op=or
  Gen  790 | Best: 0.84 (raw: 0.8) | Pop mean: 0.80 | Sigma: 0.0589 | Nodes: 72 (mean 77.1) | 0.4s/gen | op=or
Iterat #Fevals   function value  axis ratio  sigma  min&max std  t[m:s]
  Gen  800 | Best: 0.84 (raw: 0.8) | Pop mean: 0.83 | Sigma: 0.0539 | Nodes: 80 (mean 83.0) | 0.3s/gen | op=and
  811 103808 -8.437838903677413e-01 3.4e+00 5.76e-02  5e-02  6e-02 27:39.4
  Gen  810 | Best: 0.84 (raw: 0.8) | Pop mean: 0.84 | Sigma: 0.0576 | Nodes: 80 (mean 68.2) | 0.2s/gen | op=and
  Gen  820 | Best: 0.82 (raw: 0.8) | Pop mean: 0.78 | Sigma: 0.0587 | Nodes: 72 (mean 72.8) | 0.4s/gen | op=or
  Gen  830 | Best: 0.82 (raw: 0.8) | Pop mean: 0.81 | Sigma: 0.0580 | Nodes: 144 (mean 94.7) | 0.5s/gen | op=or
  Gen  840 | Best: 0.84 (raw: 0.8) | Pop mean: 0.83 | Sigma: 0.0504 | Nodes: 80 (mean 108.6) | 0.2s/gen | op=and
  Gen  850 | Best: 0.84 (raw: 0.8) | Pop mean: 0.84 | Sigma: 0.0522 | Nodes: 80 (mean 77.2) | 0.2s/gen | op=and
  Gen  860 | Best: 0.83 (raw: 0.8) | Pop mean: 0.78 | Sigma: 0.0533 | Nodes: 72 (mean 80.4) | 0.3s/gen | op=or
  Gen  870 | Best: 0.83 (raw: 0.8) | Pop mean: 0.80 | Sigma: 0.0528 | Nodes: 74 (mean 75.6) | 0.3s/gen | op=or
  Gen  880 | Best: 0.84 (raw: 0.8) | Pop mean: 0.83 | Sigma: 0.0496 | Nodes: 80 (mean 88.6) | 0.4s/gen | op=and
  891 114048 -8.437838903677413e-01 3.8e+00 5.23e-02  4e-02  6e-02 28:05.3
  Gen  890 | Best: 0.84 (raw: 0.8) | Pop mean: 0.84 | Sigma: 0.0523 | Nodes: 80 (mean 77.2) | 0.4s/gen | op=and
Iterat #Fevals   function value  axis ratio  sigma  min&max std  t[m:s]
  Gen  900 | Best: 0.83 (raw: 0.8) | Pop mean: 0.78 | Sigma: 0.0482 | Nodes: 36 (mean 72.9) | 0.4s/gen | op=or
  Gen  910 | Best: 0.83 (raw: 0.8) | Pop mean: 0.79 | Sigma: 0.0472 | Nodes: 36 (mean 54.9) | 0.3s/gen | op=or
  Gen  920 | Best: 0.84 (raw: 0.8) | Pop mean: 0.83 | Sigma: 0.0433 | Nodes: 40 (mean 46.9) | 0.2s/gen | op=and
  Gen  930 | Best: 0.84 (raw: 0.8) | Pop mean: 0.84 | Sigma: 0.0471 | Nodes: 80 (mean 56.5) | 0.2s/gen | op=and
  Gen  940 | Best: 0.83 (raw: 0.8) | Pop mean: 0.78 | Sigma: 0.0466 | Nodes: 40 (mean 70.1) | 0.2s/gen | op=or
  Gen  950 | Best: 0.83 (raw: 0.8) | Pop mean: 0.80 | Sigma: 0.0464 | Nodes: 72 (mean 55.6) | 0.2s/gen | op=or
  Gen  960 | Best: 0.84 (raw: 0.8) | Pop mean: 0.83 | Sigma: 0.0424 | Nodes: 80 (mean 52.9) | 0.2s/gen | op=and
  971 124288 -8.437838903677413e-01 4.3e+00 4.56e-02  4e-02  5e-02 28:24.5
  Gen  970 | Best: 0.84 (raw: 0.8) | Pop mean: 0.84 | Sigma: 0.0456 | Nodes: 80 (mean 70.9) | 0.2s/gen | op=and
  Gen  980 | Best: 0.83 (raw: 0.8) | Pop mean: 0.78 | Sigma: 0.0467 | Nodes: 38 (mean 67.8) | 0.2s/gen | op=or
  Gen  990 | Best: 0.84 (raw: 0.8) | Pop mean: 0.81 | Sigma: 0.0490 | Nodes: 128 (mean 102.1) | 0.2s/gen | op=or
Iterat #Fevals   function value  axis ratio  sigma  min&max std  t[m:s]
  Gen 1000 | Best: 0.84 (raw: 0.8) | Pop mean: 0.83 | Sigma: 0.0438 | Nodes: 64 (mean 92.4) | 0.4s/gen | op=and
 1011 129408 -8.437838903677413e-01 4.6e+00 4.55e-02  4e-02  5e-02 28:37.2
  Gen 1010 | Best: 0.84 (raw: 0.8) | Pop mean: 0.84 | Sigma: 0.0455 | Nodes: 80 (mean 74.6) | 0.5s/gen | op=and
  Gen 1020 | Best: 0.83 (raw: 0.8) | Pop mean: 0.78 | Sigma: 0.0469 | Nodes: 72 (mean 71.0) | 0.4s/gen | op=or
  Gen 1030 | Best: 0.82 (raw: 0.8) | Pop mean: 0.79 | Sigma: 0.0479 | Nodes: 72 (mean 50.2) | 0.3s/gen | op=or
 1041 133248 -8.437838903677413e-01 4.7e+00 4.20e-02  3e-02  5e-02 28:47.8
  Gen 1040 | Best: 0.84 (raw: 0.8) | Pop mean: 0.83 | Sigma: 0.0420 | Nodes: 40 (mean 52.6) | 0.3s/gen | op=and
 1051 134528 -8.437838903677413e-01 4.7e+00 4.70e-02  4e-02  5e-02 28:51.7
  Gen 1050 | Best: 0.84 (raw: 0.8) | Pop mean: 0.84 | Sigma: 0.0470 | Nodes: 40 (mean 69.7) | 0.4s/gen | op=and
  Gen 1060 | Best: 0.82 (raw: 0.8) | Pop mean: 0.78 | Sigma: 0.0470 | Nodes: 72 (mean 73.6) | 0.5s/gen | op=or
  Gen 1070 | Best: 0.82 (raw: 0.8) | Pop mean: 0.79 | Sigma: 0.0445 | Nodes: 72 (mean 50.2) | 0.5s/gen | op=or
 1081 138368 -8.437838903677413e-01 4.9e+00 4.15e-02  3e-02  5e-02 29:06.8
  Gen 1080 | Best: 0.84 (raw: 0.8) | Pop mean: 0.83 | Sigma: 0.0415 | Nodes: 48 (mean 54.7) | 0.5s/gen | op=and
 1091 139648 -8.437838903677413e-01 4.9e+00 4.34e-02  3e-02  5e-02 29:10.9
  Gen 1090 | Best: 0.84 (raw: 0.8) | Pop mean: 0.84 | Sigma: 0.0434 | Nodes: 80 (mean 71.4) | 0.4s/gen | op=and
Iterat #Fevals   function value  axis ratio  sigma  min&max std  t[m:s]
  Gen 1100 | Best: 0.82 (raw: 0.8) | Pop mean: 0.78 | Sigma: 0.0454 | Nodes: 36 (mean 66.8) | 0.5s/gen | op=or
  Gen 1110 | Best: 0.84 (raw: 0.8) | Pop mean: 0.81 | Sigma: 0.0471 | Nodes: 80 (mean 100.8) | 0.6s/gen | op=or
 1121 143488 -8.437838903677413e-01 5.3e+00 3.99e-02  3e-02  5e-02 29:27.9
  Gen 1120 | Best: 0.84 (raw: 0.8) | Pop mean: 0.83 | Sigma: 0.0399 | Nodes: 40 (mean 99.1) | 0.7s/gen | op=and
 1131 144768 -8.437838903677413e-01 5.3e+00 4.14e-02  3e-02  5e-02 29:31.9
  Gen 1130 | Best: 0.84 (raw: 0.8) | Pop mean: 0.84 | Sigma: 0.0414 | Nodes: 80 (mean 75.0) | 0.4s/gen | op=and
  Gen 1140 | Best: 0.83 (raw: 0.8) | Pop mean: 0.78 | Sigma: 0.0427 | Nodes: 36 (mean 75.3) | 0.2s/gen | op=or
  Gen 1150 | Best: 0.82 (raw: 0.8) | Pop mean: 0.79 | Sigma: 0.0434 | Nodes: 72 (mean 51.1) | 0.2s/gen | op=or
 1161 148608 -8.437838903677413e-01 5.6e+00 3.85e-02  3e-02  5e-02 29:37.5
  Gen 1160 | Best: 0.84 (raw: 0.8) | Pop mean: 0.83 | Sigma: 0.0385 | Nodes: 40 (mean 54.4) | 0.2s/gen | op=and
 1171 149888 -8.437838903677413e-01 5.6e+00 3.80e-02  3e-02  5e-02 29:39.5
  Gen 1170 | Best: 0.84 (raw: 0.8) | Pop mean: 0.84 | Sigma: 0.0380 | Nodes: 80 (mean 76.4) | 0.2s/gen | op=and
  Gen 1180 | Best: 0.82 (raw: 0.8) | Pop mean: 0.78 | Sigma: 0.0396 | Nodes: 144 (mean 79.8) | 0.2s/gen | op=or
  Gen 1190 | Best: 0.83 (raw: 0.8) | Pop mean: 0.79 | Sigma: 0.0396 | Nodes: 144 (mean 69.9) | 0.2s/gen | op=or
Iterat #Fevals   function value  axis ratio  sigma  min&max std  t[m:s]
 1201 153728 -8.437838903677413e-01 5.8e+00 3.66e-02  3e-02  5e-02 29:46.2
  Gen 1200 | Best: 0.84 (raw: 0.8) | Pop mean: 0.83 | Sigma: 0.0366 | Nodes: 80 (mean 101.8) | 0.3s/gen | op=and
 1211 155008 -8.437838903677413e-01 5.8e+00 4.03e-02  3e-02  5e-02 29:48.5
  Gen 1210 | Best: 0.84 (raw: 0.8) | Pop mean: 0.84 | Sigma: 0.0403 | Nodes: 80 (mean 76.9) | 0.2s/gen | op=and
  Gen 1220 | Best: 0.83 (raw: 0.8) | Pop mean: 0.78 | Sigma: 0.0438 | Nodes: 72 (mean 74.3) | 0.2s/gen | op=or
  Gen 1230 | Best: 0.83 (raw: 0.8) | Pop mean: 0.80 | Sigma: 0.0427 | Nodes: 38 (mean 100.5) | 0.3s/gen | op=or
 1241 158848 -8.437838903677413e-01 6.0e+00 3.92e-02  3e-02  5e-02 29:56.9
  Gen 1240 | Best: 0.84 (raw: 0.8) | Pop mean: 0.83 | Sigma: 0.0392 | Nodes: 80 (mean 100.2) | 0.3s/gen | op=and
 1251 160128 -8.437838903677413e-01 6.0e+00 4.34e-02  3e-02  5e-02 29:59.4
  Gen 1250 | Best: 0.84 (raw: 0.8) | Pop mean: 0.84 | Sigma: 0.0434 | Nodes: 80 (mean 74.2) | 0.3s/gen | op=and
  Gen 1260 | Best: 0.82 (raw: 0.8) | Pop mean: 0.78 | Sigma: 0.0440 | Nodes: 72 (mean 70.6) | 0.3s/gen | op=or
  Gen 1270 | Best: 0.82 (raw: 0.8) | Pop mean: 0.80 | Sigma: 0.0421 | Nodes: 72 (mean 53.6) | 0.2s/gen | op=or
 1281 163968 -8.437838903677413e-01 6.1e+00 3.79e-02  3e-02  5e-02 30:06.5
  Gen 1280 | Best: 0.84 (raw: 0.8) | Pop mean: 0.83 | Sigma: 0.0379 | Nodes: 80 (mean 52.8) | 0.2s/gen | op=and
 1291 165248 -8.437838903677413e-01 6.1e+00 3.78e-02  3e-02  5e-02 30:09.1
  Gen 1290 | Best: 0.84 (raw: 0.8) | Pop mean: 0.84 | Sigma: 0.0378 | Nodes: 80 (mean 76.6) | 0.3s/gen | op=and
Iterat #Fevals   function value  axis ratio  sigma  min&max std  t[m:s]
  Gen 1300 | Best: 0.82 (raw: 0.8) | Pop mean: 0.78 | Sigma: 0.0404 | Nodes: 144 (mean 78.9) | 0.3s/gen | op=or
  Gen 1310 | Best: 0.83 (raw: 0.8) | Pop mean: 0.81 | Sigma: 0.0398 | Nodes: 38 (mean 100.1) | 0.3s/gen | op=or
 1321 169088 -8.437838903677413e-01 6.4e+00 3.53e-02  3e-02  5e-02 30:18.1
  Gen 1320 | Best: 0.84 (raw: 0.8) | Pop mean: 0.83 | Sigma: 0.0353 | Nodes: 80 (mean 114.1) | 0.3s/gen | op=and
 1331 170368 -8.437838903677413e-01 6.3e+00 3.63e-02  3e-02  5e-02 30:20.7
  Gen 1330 | Best: 0.84 (raw: 0.8) | Pop mean: 0.84 | Sigma: 0.0363 | Nodes: 80 (mean 76.6) | 0.3s/gen | op=and
  Gen 1340 | Best: 0.82 (raw: 0.8) | Pop mean: 0.78 | Sigma: 0.0353 | Nodes: 144 (mean 78.0) | 0.3s/gen | op=or
  Gen 1350 | Best: 0.84 (raw: 0.8) | Pop mean: 0.81 | Sigma: 0.0345 | Nodes: 144 (mean 108.7) | 0.3s/gen | op=or
 1361 174208 -8.437838903677413e-01 6.5e+00 3.05e-02  2e-02  4e-02 30:30.0
  Gen 1360 | Best: 0.84 (raw: 0.8) | Pop mean: 0.83 | Sigma: 0.0305 | Nodes: 80 (mean 102.2) | 0.3s/gen | op=and
 1371 175488 -8.437838903677413e-01 6.4e+00 3.21e-02  2e-02  4e-02 30:33.3
  Gen 1370 | Best: 0.84 (raw: 0.8) | Pop mean: 0.84 | Sigma: 0.0321 | Nodes: 80 (mean 78.5) | 0.3s/gen | op=and
  Gen 1380 | Best: 0.82 (raw: 0.8) | Pop mean: 0.78 | Sigma: 0.0331 | Nodes: 144 (mean 77.8) | 0.3s/gen | op=or
  Gen 1390 | Best: 0.83 (raw: 0.8) | Pop mean: 0.81 | Sigma: 0.0336 | Nodes: 36 (mean 100.5) | 0.3s/gen | op=or
Iterat #Fevals   function value  axis ratio  sigma  min&max std  t[m:s]
 1401 179328 -8.437838903677413e-01 6.7e+00 2.85e-02  2e-02  4e-02 30:42.4
  Gen 1400 | Best: 0.84 (raw: 0.8) | Pop mean: 0.83 | Sigma: 0.0285 | Nodes: 40 (mean 92.6) | 0.3s/gen | op=and
 1411 180608 -8.437838903677413e-01 6.6e+00 3.17e-02  2e-02  4e-02 30:45.1
  Gen 1410 | Best: 0.84 (raw: 0.8) | Pop mean: 0.84 | Sigma: 0.0317 | Nodes: 80 (mean 74.1) | 0.3s/gen | op=and
  Gen 1420 | Best: 0.82 (raw: 0.8) | Pop mean: 0.78 | Sigma: 0.0292 | Nodes: 144 (mean 79.2) | 0.3s/gen | op=or
  Gen 1430 | Best: 0.83 (raw: 0.8) | Pop mean: 0.79 | Sigma: 0.0288 | Nodes: 36 (mean 42.5) | 0.2s/gen | op=or
 1441 184448 -8.437838903677413e-01 6.8e+00 2.46e-02  2e-02  3e-02 30:52.4
  Gen 1440 | Best: 0.84 (raw: 0.8) | Pop mean: 0.83 | Sigma: 0.0246 | Nodes: 40 (mean 47.8) | 0.2s/gen | op=and
 1451 185728 -8.437838903677413e-01 6.7e+00 2.67e-02  2e-02  4e-02 30:54.8
  Gen 1450 | Best: 0.84 (raw: 0.8) | Pop mean: 0.84 | Sigma: 0.0267 | Nodes: 80 (mean 72.4) | 0.2s/gen | op=and
  Gen 1460 | Best: 0.82 (raw: 0.8) | Pop mean: 0.78 | Sigma: 0.0276 | Nodes: 144 (mean 79.1) | 0.3s/gen | op=or
  Gen 1470 | Best: 0.83 (raw: 0.8) | Pop mean: 0.79 | Sigma: 0.0285 | Nodes: 72 (mean 46.9) | 0.2s/gen | op=or
 1481 189568 -8.437838903677413e-01 7.0e+00 2.40e-02  2e-02  3e-02 31:01.9
  Gen 1480 | Best: 0.84 (raw: 0.8) | Pop mean: 0.83 | Sigma: 0.0240 | Nodes: 80 (mean 56.5) | 0.2s/gen | op=and
 1491 190848 -8.437838903677413e-01 7.1e+00 2.53e-02  2e-02  3e-02 31:04.5
  Gen 1490 | Best: 0.84 (raw: 0.8) | Pop mean: 0.84 | Sigma: 0.0253 | Nodes: 80 (mean 78.6) | 0.3s/gen | op=and
[1786053806] archived 1500 generations | best-ever matches log: True | pop mean matches log: True | final genome matches saved: True | VERIFIED=True

[1788817038] replaying ...
Model ID: 1789339575

Config:
{'CMA_elitist': True, 'NN_transform_node_embedding_during_growth': True, 'additive_update': False, 'arrows': True, 'balanced_weights': False, 'binary_connectivity': False, 'checkpoint_id': None, 'coevolve_initial_embeddings': True, 'dev_mode': 0, 'device': 0, 'early_stopping': False, 'early_stopping_conditions': {'generation': 500, 'objective_value': -3}, 'edge_based_growth': False, 'env_seed': None, 'environment': 'KA_retina', 'evolution_feval_check_N': 10, 'evolution_feval_check_every': 2000, 'extra_nodes': -1, 'fewer_edges': False, 'fewer_nodes': False, 'flattening_stopping': False, 'flattening_stopping_conditions': {'last_generations': 500, 'min_generation': 1500, 'min_std': 5}, 'generations': 1500, 'group': 'default', 'growth_model_bias': True, 'growth_model_last_layer_activated': False, 'histogram_degree': 0, 'initial_embeddings_random': False, 'initial_sparsity': 1, 'layout': 'random_fixed', 'maximise': True, 'minstd': 0.005, 'mlp_embedding_transform_hidden_layers_dims': [5], 'mlp_growth_hidden_layers_dims': [5], 'mlp_weight_values_bias': True, 'mlp_weight_values_hidden_layers_dims': [5], 'mlp_weight_values_last_layer_activated': True, 'nb_episode_evals': 1, 'nb_growth_evals': 1, 'network_thinking_time_extra_growth': 2, 'network_thinking_time_extra_rollout': 3, 'node_based_growth': True, 'node_embedding_size': 3, 'node_pairs_based_growth': False, 'notes experiment': None, 'number_of_growth_cycles': 6, 'optimizer': 'CMAES', 'persistent_observation_rollout': True, 'popsize': 128, 'print_every': 10, 'probabilistic_growth': False, 'project_name': 'Developmental networks', 'prunning_phase': False, 'prunning_threshold': 0.3, 'recurrent_activation_function': 'tanh', 'render': 1, 'return_loss': 0, 'reward_if_graph_too_small': 200, 'save_model': 1, 'seed': 6550047, 'self_link_allowed_during_querying': False, 'shared_intial_embedding': True, 'shared_intial_graph_bool': True, 'sigma_init': 0.5, 'threads': -1, 'transform_model_bias': True, 'transform_model_last_layer_activated': True, 'undirected': True, 'use_torch': False, 'visualise_network': 0, 'x0_dist': 'U[-1,1]', 'log_gen_time': True, 'snapshot': True, 'show': False, 'nb_eval_seeds': 10, 'balanced_fitness': True, 'operation': 'and', 'mvg': True, 'mvg_ops': ['and', 'or'], 'mvg_switch_interval': 20, 'target': 1.0, 'id': '1789339575', '_path': 'saved_models/1789339575'}

Seed:  6550047
Env_seed:  None
The growth model has 111 trainable parameters
(64_w,128)-aCMA-ES (mu_w=34.2,w_1=6%) in dimension 111 (seed=6550047, Sun Sep 13 23:46:15 2026)

.......................................................

Initilisating CMA-ES with 111 trainable parameters 


--- Starting Evolution ---


Using 16 cores

Baseline (untrained x0 DNA): fitness=0.2161 (raw=0.2) | Nodes: 576

Iterat #Fevals   function value  axis ratio  sigma  min&max std  t[m:s]
    1    128 -8.432416444838805e-01 1.0e+00 4.87e-01  5e-01  5e-01 0:38.7
  Gen    0 | Best: 0.84 (raw: 0.8) | Pop mean: 0.50 | Sigma: 0.4871 | Nodes: 18 (mean 456.7) | 4.1s/gen | op=and
   11   1408 -8.432416444838805e-01 1.1e+00 5.79e-01  6e-01  6e-01 3:47.4
  Gen   10 | Best: 0.84 (raw: 0.8) | Pop mean: 0.82 | Sigma: 0.5789 | Nodes: 9 (mean 67.8) | 18.9s/gen | op=and
   21   2688 -8.028571428571429e-01 1.2e+00 5.97e-01  6e-01  6e-01 4:12.6
  Gen   20 | Best: 0.80 (raw: 0.8) | Pop mean: 0.78 | Sigma: 0.5965 | Nodes: 40 (mean 29.4) | 2.5s/gen | op=or
   31   3968 -8.058201058201058e-01 1.3e+00 6.26e-01  6e-01  6e-01 8:16.7
  Gen   30 | Best: 0.81 (raw: 0.8) | Pop mean: 0.79 | Sigma: 0.6261 | Nodes: 576 (mean 500.6) | 24.4s/gen | op=or
   41   5248 -8.432416444838805e-01 1.3e+00 5.40e-01  5e-01  6e-01 14:49.6
  Gen   40 | Best: 0.84 (raw: 0.8) | Pop mean: 0.78 | Sigma: 0.5396 | Nodes: 9 (mean 509.6) | 39.3s/gen | op=and
   51   6528 -8.432416444838805e-01 1.3e+00 6.14e-01  6e-01  6e-01 22:07.2
  Gen   50 | Best: 0.84 (raw: 0.8) | Pop mean: 0.82 | Sigma: 0.6139 | Nodes: 9 (mean 50.9) | 43.8s/gen | op=and
   61   7808 -8.028571428571429e-01 1.4e+00 6.71e-01  7e-01  7e-01 22:56.0
  Gen   60 | Best: 0.80 (raw: 0.8) | Pop mean: 0.78 | Sigma: 0.6713 | Nodes: 54 (mean 40.7) | 4.9s/gen | op=or
   71   9088 -8.342857142857143e-01 1.5e+00 6.54e-01  6e-01  7e-01 26:12.2
  Gen   70 | Best: 0.83 (raw: 0.8) | Pop mean: 0.79 | Sigma: 0.6542 | Nodes: 254 (mean 218.3) | 19.6s/gen | op=or
   81  10368 -8.437838903677413e-01 1.5e+00 5.81e-01  6e-01  6e-01 32:36.9
  Gen   80 | Best: 0.84 (raw: 0.8) | Pop mean: 0.82 | Sigma: 0.5813 | Nodes: 40 (mean 227.2) | 38.5s/gen | op=and
   91  11648 -8.437838903677413e-01 1.6e+00 5.90e-01  6e-01  6e-01 33:25.9
  Gen   90 | Best: 0.84 (raw: 0.8) | Pop mean: 0.83 | Sigma: 0.5898 | Nodes: 40 (mean 40.3) | 4.9s/gen | op=and
Iterat #Fevals   function value  axis ratio  sigma  min&max std  t[m:s]
  101  12928 -8.028571428571429e-01 1.6e+00 5.56e-01  5e-01  6e-01 33:38.9
  Gen  100 | Best: 0.80 (raw: 0.8) | Pop mean: 0.77 | Sigma: 0.5560 | Nodes: 144 (mean 30.9) | 1.3s/gen | op=or
  111  14208 -8.171428571428572e-01 1.6e+00 5.45e-01  5e-01  6e-01 34:30.3
  Gen  110 | Best: 0.82 (raw: 0.8) | Pop mean: 0.79 | Sigma: 0.5446 | Nodes: 288 (mean 165.1) | 5.1s/gen | op=or
  121  15488 -8.432416444838805e-01 1.7e+00 4.83e-01  5e-01  5e-01 36:20.1
  Gen  120 | Best: 0.84 (raw: 0.8) | Pop mean: 0.82 | Sigma: 0.4832 | Nodes: 9 (mean 197.5) | 11.0s/gen | op=and
  131  16768 -8.432416444838805e-01 1.7e+00 4.70e-01  5e-01  5e-01 36:35.1
  Gen  130 | Best: 0.84 (raw: 0.8) | Pop mean: 0.82 | Sigma: 0.4703 | Nodes: 9 (mean 32.1) | 1.5s/gen | op=and
  Gen  140 | Best: 0.83 (raw: 0.8) | Pop mean: 0.77 | Sigma: 0.4671 | Nodes: 166 (mean 29.3) | 0.8s/gen | op=or
  151  19328 -8.285714285714285e-01 1.7e+00 4.45e-01  4e-01  5e-01 37:00.9
  Gen  150 | Best: 0.83 (raw: 0.8) | Pop mean: 0.79 | Sigma: 0.4454 | Nodes: 256 (mean 92.0) | 1.8s/gen | op=or
  161  20608 -8.437838903677413e-01 1.7e+00 3.82e-01  4e-01  4e-01 37:19.3
  Gen  160 | Best: 0.84 (raw: 0.8) | Pop mean: 0.82 | Sigma: 0.3822 | Nodes: 40 (mean 100.2) | 1.8s/gen | op=and
  Gen  170 | Best: 0.84 (raw: 0.8) | Pop mean: 0.83 | Sigma: 0.4059 | Nodes: 40 (mean 51.1) | 1.0s/gen | op=and
  181  23168 -8.342857142857143e-01 1.7e+00 4.03e-01  4e-01  4e-01 37:35.7
  Gen  180 | Best: 0.83 (raw: 0.8) | Pop mean: 0.78 | Sigma: 0.4027 | Nodes: 74 (mean 47.0) | 0.7s/gen | op=or
  Gen  190 | Best: 0.83 (raw: 0.8) | Pop mean: 0.80 | Sigma: 0.3866 | Nodes: 122 (mean 101.8) | 1.0s/gen | op=or
Iterat #Fevals   function value  axis ratio  sigma  min&max std  t[m:s]
  201  25728 -8.437838903677413e-01 1.8e+00 3.34e-01  3e-01  3e-01 37:57.4
  Gen  200 | Best: 0.84 (raw: 0.8) | Pop mean: 0.82 | Sigma: 0.3336 | Nodes: 80 (mean 112.5) | 1.2s/gen | op=and
  Gen  210 | Best: 0.84 (raw: 0.8) | Pop mean: 0.83 | Sigma: 0.3654 | Nodes: 40 (mean 44.3) | 0.9s/gen | op=and
  Gen  220 | Best: 0.83 (raw: 0.8) | Pop mean: 0.79 | Sigma: 0.3726 | Nodes: 46 (mean 36.5) | 0.6s/gen | op=or
  231  29568 -8.257142857142857e-01 1.8e+00 3.56e-01  3e-01  4e-01 38:20.3
  Gen  230 | Best: 0.83 (raw: 0.8) | Pop mean: 0.80 | Sigma: 0.3557 | Nodes: 42 (mean 92.0) | 0.8s/gen | op=or
  Gen  240 | Best: 0.84 (raw: 0.8) | Pop mean: 0.83 | Sigma: 0.3288 | Nodes: 80 (mean 90.5) | 1.0s/gen | op=and
  Gen  250 | Best: 0.84 (raw: 0.8) | Pop mean: 0.83 | Sigma: 0.3682 | Nodes: 40 (mean 49.2) | 0.7s/gen | op=and
  261  33408 -8.314285714285714e-01 1.9e+00 3.67e-01  3e-01  4e-01 38:43.2
  Gen  260 | Best: 0.83 (raw: 0.8) | Pop mean: 0.79 | Sigma: 0.3667 | Nodes: 72 (mean 45.2) | 0.6s/gen | op=or
  Gen  270 | Best: 0.83 (raw: 0.8) | Pop mean: 0.79 | Sigma: 0.3601 | Nodes: 54 (mean 98.3) | 0.8s/gen | op=or
  Gen  280 | Best: 0.84 (raw: 0.8) | Pop mean: 0.83 | Sigma: 0.3112 | Nodes: 40 (mean 107.1) | 1.1s/gen | op=and
  291  37248 -8.437838903677413e-01 2.0e+00 3.17e-01  3e-01  3e-01 39:10.3
  Gen  290 | Best: 0.84 (raw: 0.8) | Pop mean: 0.83 | Sigma: 0.3172 | Nodes: 40 (mean 57.5) | 0.7s/gen | op=and
Iterat #Fevals   function value  axis ratio  sigma  min&max std  t[m:s]
  Gen  300 | Best: 0.83 (raw: 0.8) | Pop mean: 0.79 | Sigma: 0.3151 | Nodes: 144 (mean 69.6) | 0.8s/gen | op=or
  Gen  310 | Best: 0.82 (raw: 0.8) | Pop mean: 0.81 | Sigma: 0.3035 | Nodes: 144 (mean 114.5) | 1.2s/gen | op=or
  321  41088 -8.437838903677413e-01 2.2e+00 2.73e-01  2e-01  3e-01 39:41.8
  Gen  320 | Best: 0.84 (raw: 0.8) | Pop mean: 0.83 | Sigma: 0.2726 | Nodes: 48 (mean 103.8) | 1.2s/gen | op=and
  Gen  330 | Best: 0.84 (raw: 0.8) | Pop mean: 0.84 | Sigma: 0.2906 | Nodes: 40 (mean 57.6) | 0.9s/gen | op=and
  Gen  340 | Best: 0.82 (raw: 0.8) | Pop mean: 0.79 | Sigma: 0.3189 | Nodes: 144 (mean 57.2) | 0.7s/gen | op=or
  351  44928 -8.342857142857143e-01 2.3e+00 3.11e-01  3e-01  3e-01 40:08.2
  Gen  350 | Best: 0.83 (raw: 0.8) | Pop mean: 0.80 | Sigma: 0.3109 | Nodes: 82 (mean 113.5) | 1.0s/gen | op=or
  Gen  360 | Best: 0.84 (raw: 0.8) | Pop mean: 0.83 | Sigma: 0.2849 | Nodes: 80 (mean 101.9) | 1.1s/gen | op=and
  Gen  370 | Best: 0.84 (raw: 0.8) | Pop mean: 0.83 | Sigma: 0.3040 | Nodes: 80 (mean 56.1) | 0.9s/gen | op=and
  381  48768 -8.171428571428572e-01 2.4e+00 2.97e-01  3e-01  3e-01 40:35.3
  Gen  380 | Best: 0.82 (raw: 0.8) | Pop mean: 0.79 | Sigma: 0.2969 | Nodes: 36 (mean 44.7) | 0.7s/gen | op=or
  Gen  390 | Best: 0.83 (raw: 0.8) | Pop mean: 0.81 | Sigma: 0.3181 | Nodes: 72 (mean 111.7) | 1.1s/gen | op=or
Iterat #Fevals   function value  axis ratio  sigma  min&max std  t[m:s]
  Gen  400 | Best: 0.84 (raw: 0.8) | Pop mean: 0.83 | Sigma: 0.2999 | Nodes: 40 (mean 109.3) | 1.2s/gen | op=and
  411  52608 -8.437838903677413e-01 2.6e+00 3.07e-01  3e-01  3e-01 41:04.8
  Gen  410 | Best: 0.84 (raw: 0.8) | Pop mean: 0.83 | Sigma: 0.3069 | Nodes: 80 (mean 73.0) | 0.7s/gen | op=and
  Gen  420 | Best: 0.82 (raw: 0.8) | Pop mean: 0.79 | Sigma: 0.3145 | Nodes: 144 (mean 69.2) | 0.9s/gen | op=or
  Gen  430 | Best: 0.83 (raw: 0.8) | Pop mean: 0.81 | Sigma: 0.3213 | Nodes: 134 (mean 136.7) | 1.3s/gen | op=or
  441  56448 -8.437838903677413e-01 2.8e+00 2.77e-01  2e-01  3e-01 41:40.1
  Gen  440 | Best: 0.84 (raw: 0.8) | Pop mean: 0.82 | Sigma: 0.2767 | Nodes: 96 (mean 150.2) | 1.3s/gen | op=and
  Gen  450 | Best: 0.84 (raw: 0.8) | Pop mean: 0.84 | Sigma: 0.2960 | Nodes: 96 (mean 63.8) | 1.0s/gen | op=and
  Gen  460 | Best: 0.82 (raw: 0.8) | Pop mean: 0.79 | Sigma: 0.3008 | Nodes: 144 (mean 44.1) | 0.7s/gen | op=or
  471  60288 -8.314285714285714e-01 2.9e+00 2.95e-01  3e-01  3e-01 42:06.7
  Gen  470 | Best: 0.83 (raw: 0.8) | Pop mean: 0.81 | Sigma: 0.2950 | Nodes: 144 (mean 114.7) | 1.0s/gen | op=or
  Gen  480 | Best: 0.84 (raw: 0.8) | Pop mean: 0.83 | Sigma: 0.2667 | Nodes: 160 (mean 106.3) | 1.1s/gen | op=and
  Gen  490 | Best: 0.84 (raw: 0.8) | Pop mean: 0.83 | Sigma: 0.2839 | Nodes: 80 (mean 37.3) | 0.9s/gen | op=and
Iterat #Fevals   function value  axis ratio  sigma  min&max std  t[m:s]
  Gen  500 | Best: 0.82 (raw: 0.8) | Pop mean: 0.79 | Sigma: 0.3108 | Nodes: 144 (mean 44.9) | 0.6s/gen | op=or
  511  65408 -8.342857142857143e-01 3.1e+00 2.96e-01  2e-01  3e-01 42:41.8
  Gen  510 | Best: 0.83 (raw: 0.8) | Pop mean: 0.81 | Sigma: 0.2959 | Nodes: 78 (mean 125.5) | 0.9s/gen | op=or
  Gen  520 | Best: 0.84 (raw: 0.8) | Pop mean: 0.83 | Sigma: 0.2644 | Nodes: 80 (mean 117.0) | 1.2s/gen | op=and
  Gen  530 | Best: 0.84 (raw: 0.8) | Pop mean: 0.84 | Sigma: 0.2800 | Nodes: 40 (mean 46.7) | 0.8s/gen | op=and
  Gen  540 | Best: 0.82 (raw: 0.8) | Pop mean: 0.78 | Sigma: 0.2766 | Nodes: 36 (mean 41.4) | 0.6s/gen | op=or
  551  70528 -8.314285714285714e-01 3.2e+00 2.89e-01  2e-01  3e-01 43:15.5
  Gen  550 | Best: 0.83 (raw: 0.8) | Pop mean: 0.81 | Sigma: 0.2889 | Nodes: 40 (mean 109.5) | 0.8s/gen | op=or
  Gen  560 | Best: 0.84 (raw: 0.8) | Pop mean: 0.83 | Sigma: 0.2516 | Nodes: 40 (mean 152.0) | 1.2s/gen | op=and
  Gen  570 | Best: 0.84 (raw: 0.8) | Pop mean: 0.84 | Sigma: 0.2870 | Nodes: 40 (mean 45.7) | 0.8s/gen | op=and
  Gen  580 | Best: 0.82 (raw: 0.8) | Pop mean: 0.78 | Sigma: 0.2711 | Nodes: 72 (mean 41.9) | 0.6s/gen | op=or
  591  75648 -8.342857142857143e-01 3.4e+00 2.74e-01  2e-01  3e-01 43:50.3
  Gen  590 | Best: 0.83 (raw: 0.8) | Pop mean: 0.81 | Sigma: 0.2744 | Nodes: 74 (mean 90.0) | 0.9s/gen | op=or
Iterat #Fevals   function value  axis ratio  sigma  min&max std  t[m:s]
  Gen  600 | Best: 0.84 (raw: 0.8) | Pop mean: 0.83 | Sigma: 0.2420 | Nodes: 80 (mean 95.5) | 0.9s/gen | op=and
  Gen  610 | Best: 0.84 (raw: 0.8) | Pop mean: 0.84 | Sigma: 0.2580 | Nodes: 40 (mean 49.0) | 0.7s/gen | op=and
  Gen  620 | Best: 0.82 (raw: 0.8) | Pop mean: 0.78 | Sigma: 0.2820 | Nodes: 36 (mean 46.3) | 0.6s/gen | op=or
  631  80768 -8.342857142857143e-01 3.5e+00 2.77e-01  2e-01  3e-01 44:21.9
  Gen  630 | Best: 0.83 (raw: 0.8) | Pop mean: 0.81 | Sigma: 0.2767 | Nodes: 38 (mean 117.7) | 0.9s/gen | op=or
  Gen  640 | Best: 0.84 (raw: 0.8) | Pop mean: 0.82 | Sigma: 0.2518 | Nodes: 80 (mean 142.0) | 1.4s/gen | op=and
  Gen  650 | Best: 0.84 (raw: 0.8) | Pop mean: 0.84 | Sigma: 0.2758 | Nodes: 40 (mean 46.8) | 1.0s/gen | op=and
  661  84608 -8.171428571428572e-01 3.7e+00 2.84e-01  2e-01  3e-01 44:53.2
  Gen  660 | Best: 0.82 (raw: 0.8) | Pop mean: 0.78 | Sigma: 0.2838 | Nodes: 36 (mean 45.5) | 0.6s/gen | op=or
  Gen  670 | Best: 0.83 (raw: 0.8) | Pop mean: 0.81 | Sigma: 0.3000 | Nodes: 74 (mean 102.1) | 1.0s/gen | op=or
  Gen  680 | Best: 0.84 (raw: 0.8) | Pop mean: 0.82 | Sigma: 0.2534 | Nodes: 80 (mean 156.5) | 1.8s/gen | op=and
  691  88448 -8.437838903677413e-01 3.8e+00 2.79e-01  2e-01  3e-01 45:33.1
  Gen  690 | Best: 0.84 (raw: 0.8) | Pop mean: 0.83 | Sigma: 0.2794 | Nodes: 80 (mean 61.9) | 1.1s/gen | op=and
Iterat #Fevals   function value  axis ratio  sigma  min&max std  t[m:s]
  Gen  700 | Best: 0.83 (raw: 0.8) | Pop mean: 0.79 | Sigma: 0.2792 | Nodes: 36 (mean 56.0) | 0.7s/gen | op=or
  Gen  710 | Best: 0.84 (raw: 0.8) | Pop mean: 0.81 | Sigma: 0.2728 | Nodes: 266 (mean 118.6) | 1.1s/gen | op=or
  721  92288 -8.437838903677413e-01 4.2e+00 2.52e-01  2e-01  3e-01 46:11.1
  Gen  720 | Best: 0.84 (raw: 0.8) | Pop mean: 0.82 | Sigma: 0.2523 | Nodes: 40 (mean 141.3) | 2.0s/gen | op=and
  Gen  730 | Best: 0.84 (raw: 0.8) | Pop mean: 0.84 | Sigma: 0.2809 | Nodes: 80 (mean 59.8) | 1.2s/gen | op=and
  Gen  740 | Best: 0.83 (raw: 0.8) | Pop mean: 0.78 | Sigma: 0.2978 | Nodes: 38 (mean 49.5) | 0.7s/gen | op=or
  Gen  750 | Best: 0.84 (raw: 0.8) | Pop mean: 0.81 | Sigma: 0.2855 | Nodes: 144 (mean 112.9) | 1.1s/gen | op=or
  761  97408 -8.437838903677413e-01 4.3e+00 2.70e-01  2e-01  3e-01 47:06.7
  Gen  760 | Best: 0.84 (raw: 0.8) | Pop mean: 0.82 | Sigma: 0.2697 | Nodes: 160 (mean 189.7) | 2.6s/gen | op=and
  Gen  770 | Best: 0.84 (raw: 0.8) | Pop mean: 0.84 | Sigma: 0.3136 | Nodes: 40 (mean 49.5) | 1.2s/gen | op=and
  Gen  780 | Best: 0.82 (raw: 0.8) | Pop mean: 0.79 | Sigma: 0.3282 | Nodes: 72 (mean 42.8) | 0.6s/gen | op=or
  Gen  790 | Best: 0.83 (raw: 0.8) | Pop mean: 0.80 | Sigma: 0.3220 | Nodes: 160 (mean 103.2) | 1.0s/gen | op=or
Iterat #Fevals   function value  axis ratio  sigma  min&max std  t[m:s]
  801 102528 -8.437838903677413e-01 4.4e+00 2.93e-01  2e-01  3e-01 47:51.8
  Gen  800 | Best: 0.84 (raw: 0.8) | Pop mean: 0.82 | Sigma: 0.2935 | Nodes: 80 (mean 147.5) | 1.7s/gen | op=and
  Gen  810 | Best: 0.84 (raw: 0.8) | Pop mean: 0.84 | Sigma: 0.3362 | Nodes: 80 (mean 69.3) | 1.0s/gen | op=and
  Gen  820 | Best: 0.83 (raw: 0.8) | Pop mean: 0.79 | Sigma: 0.3383 | Nodes: 72 (mean 66.4) | 0.8s/gen | op=or
  Gen  830 | Best: 0.83 (raw: 0.8) | Pop mean: 0.81 | Sigma: 0.3432 | Nodes: 288 (mean 122.6) | 1.1s/gen | op=or
  841 107648 -8.437838903677413e-01 4.7e+00 2.93e-01  2e-01  3e-01 48:42.7
  Gen  840 | Best: 0.84 (raw: 0.8) | Pop mean: 0.82 | Sigma: 0.2932 | Nodes: 160 (mean 188.7) | 2.2s/gen | op=and
  Gen  850 | Best: 0.84 (raw: 0.8) | Pop mean: 0.83 | Sigma: 0.3389 | Nodes: 40 (mean 62.8) | 1.5s/gen | op=and
  Gen  860 | Best: 0.82 (raw: 0.8) | Pop mean: 0.79 | Sigma: 0.3517 | Nodes: 144 (mean 72.1) | 0.7s/gen | op=or
  Gen  870 | Best: 0.84 (raw: 0.8) | Pop mean: 0.81 | Sigma: 0.3565 | Nodes: 84 (mean 120.2) | 1.2s/gen | op=or
  881 112768 -8.437838903677413e-01 5.0e+00 3.11e-01  2e-01  3e-01 49:36.9
  Gen  880 | Best: 0.84 (raw: 0.8) | Pop mean: 0.82 | Sigma: 0.3110 | Nodes: 40 (mean 179.8) | 2.1s/gen | op=and
  Gen  890 | Best: 0.84 (raw: 0.8) | Pop mean: 0.83 | Sigma: 0.3413 | Nodes: 80 (mean 46.2) | 1.4s/gen | op=and
Iterat #Fevals   function value  axis ratio  sigma  min&max std  t[m:s]
  Gen  900 | Best: 0.83 (raw: 0.8) | Pop mean: 0.78 | Sigma: 0.3660 | Nodes: 38 (mean 42.4) | 0.7s/gen | op=or
  Gen  910 | Best: 0.83 (raw: 0.8) | Pop mean: 0.81 | Sigma: 0.3696 | Nodes: 288 (mean 130.2) | 1.3s/gen | op=or
  921 117888 -8.437838903677413e-01 5.1e+00 3.25e-01  2e-01  3e-01 50:29.8
  Gen  920 | Best: 0.84 (raw: 0.8) | Pop mean: 0.82 | Sigma: 0.3252 | Nodes: 80 (mean 180.4) | 1.9s/gen | op=and
  Gen  930 | Best: 0.84 (raw: 0.8) | Pop mean: 0.84 | Sigma: 0.3572 | Nodes: 40 (mean 45.9) | 1.1s/gen | op=and
  Gen  940 | Best: 0.84 (raw: 0.8) | Pop mean: 0.78 | Sigma: 0.3725 | Nodes: 36 (mean 40.0) | 0.6s/gen | op=or
  Gen  950 | Best: 0.83 (raw: 0.8) | Pop mean: 0.80 | Sigma: 0.3795 | Nodes: 38 (mean 117.6) | 0.9s/gen | op=or
  Gen  960 | Best: 0.84 (raw: 0.8) | Pop mean: 0.82 | Sigma: 0.3265 | Nodes: 160 (mean 140.2) | 1.2s/gen | op=and
  971 124288 -8.437838903677413e-01 5.3e+00 3.65e-01  2e-01  4e-01 51:15.4
  Gen  970 | Best: 0.84 (raw: 0.8) | Pop mean: 0.84 | Sigma: 0.3648 | Nodes: 40 (mean 49.7) | 0.8s/gen | op=and
  Gen  980 | Best: 0.83 (raw: 0.8) | Pop mean: 0.78 | Sigma: 0.3923 | Nodes: 36 (mean 45.6) | 0.6s/gen | op=or
  Gen  990 | Best: 0.83 (raw: 0.8) | Pop mean: 0.81 | Sigma: 0.3757 | Nodes: 38 (mean 113.9) | 1.0s/gen | op=or
Iterat #Fevals   function value  axis ratio  sigma  min&max std  t[m:s]
  Gen 1000 | Best: 0.84 (raw: 0.8) | Pop mean: 0.82 | Sigma: 0.3373 | Nodes: 80 (mean 151.6) | 1.2s/gen | op=and
  Gen 1010 | Best: 0.84 (raw: 0.8) | Pop mean: 0.84 | Sigma: 0.3536 | Nodes: 80 (mean 56.1) | 0.8s/gen | op=and
 1021 130688 -8.314285714285714e-01 5.6e+00 3.58e-01  2e-01  4e-01 51:58.2
  Gen 1020 | Best: 0.83 (raw: 0.8) | Pop mean: 0.79 | Sigma: 0.3582 | Nodes: 36 (mean 44.1) | 0.6s/gen | op=or
  Gen 1030 | Best: 0.83 (raw: 0.8) | Pop mean: 0.81 | Sigma: 0.3600 | Nodes: 72 (mean 103.9) | 0.9s/gen | op=or
 1041 133248 -8.437838903677413e-01 5.8e+00 3.25e-01  2e-01  3e-01 52:18.5
  Gen 1040 | Best: 0.84 (raw: 0.8) | Pop mean: 0.82 | Sigma: 0.3252 | Nodes: 160 (mean 157.6) | 1.2s/gen | op=and
 1051 134528 -8.437838903677413e-01 5.8e+00 3.55e-01  2e-01  4e-01 52:37.4
  Gen 1050 | Best: 0.84 (raw: 0.8) | Pop mean: 0.84 | Sigma: 0.3546 | Nodes: 40 (mean 45.6) | 1.9s/gen | op=and
  Gen 1060 | Best: 0.82 (raw: 0.8) | Pop mean: 0.78 | Sigma: 0.3444 | Nodes: 72 (mean 42.6) | 1.8s/gen | op=or
  Gen 1070 | Best: 0.83 (raw: 0.8) | Pop mean: 0.81 | Sigma: 0.3572 | Nodes: 288 (mean 115.0) | 2.3s/gen | op=or
 1081 138368 -8.437838903677413e-01 6.0e+00 3.38e-01  2e-01  4e-01 53:58.9
  Gen 1080 | Best: 0.84 (raw: 0.8) | Pop mean: 0.82 | Sigma: 0.3378 | Nodes: 40 (mean 170.1) | 4.0s/gen | op=and
 1091 139648 -8.437838903677413e-01 6.0e+00 3.72e-01  2e-01  4e-01 54:24.0
  Gen 1090 | Best: 0.84 (raw: 0.8) | Pop mean: 0.84 | Sigma: 0.3717 | Nodes: 40 (mean 48.8) | 2.5s/gen | op=and
Iterat #Fevals   function value  axis ratio  sigma  min&max std  t[m:s]
  Gen 1100 | Best: 0.82 (raw: 0.8) | Pop mean: 0.78 | Sigma: 0.3684 | Nodes: 36 (mean 39.8) | 0.7s/gen | op=or
  Gen 1110 | Best: 0.82 (raw: 0.8) | Pop mean: 0.81 | Sigma: 0.3858 | Nodes: 72 (mean 102.7) | 1.0s/gen | op=or
 1121 143488 -8.437838903677413e-01 6.2e+00 3.55e-01  2e-01  4e-01 54:56.8
  Gen 1120 | Best: 0.84 (raw: 0.8) | Pop mean: 0.83 | Sigma: 0.3547 | Nodes: 40 (mean 161.6) | 1.6s/gen | op=and
 1131 144768 -8.437838903677413e-01 6.2e+00 3.73e-01  2e-01  4e-01 55:06.6
  Gen 1130 | Best: 0.84 (raw: 0.8) | Pop mean: 0.84 | Sigma: 0.3725 | Nodes: 40 (mean 54.0) | 1.0s/gen | op=and
  Gen 1140 | Best: 0.84 (raw: 0.8) | Pop mean: 0.79 | Sigma: 0.3549 | Nodes: 36 (mean 46.7) | 0.6s/gen | op=or
  Gen 1150 | Best: 0.83 (raw: 0.8) | Pop mean: 0.81 | Sigma: 0.3702 | Nodes: 288 (mean 125.9) | 1.1s/gen | op=or
 1161 148608 -8.437838903677413e-01 6.4e+00 3.32e-01  2e-01  4e-01 55:53.4
  Gen 1160 | Best: 0.84 (raw: 0.8) | Pop mean: 0.82 | Sigma: 0.3320 | Nodes: 80 (mean 189.9) | 2.9s/gen | op=and
 1171 149888 -8.437838903677413e-01 6.4e+00 3.64e-01  2e-01  4e-01 56:00.5
  Gen 1170 | Best: 0.84 (raw: 0.8) | Pop mean: 0.84 | Sigma: 0.3637 | Nodes: 40 (mean 46.4) | 0.7s/gen | op=and
  Gen 1180 | Best: 0.82 (raw: 0.8) | Pop mean: 0.78 | Sigma: 0.3724 | Nodes: 144 (mean 42.7) | 0.6s/gen | op=or
  Gen 1190 | Best: 0.83 (raw: 0.8) | Pop mean: 0.81 | Sigma: 0.3914 | Nodes: 80 (mean 142.9) | 0.9s/gen | op=or
Iterat #Fevals   function value  axis ratio  sigma  min&max std  t[m:s]
 1201 153728 -8.437838903677413e-01 6.5e+00 3.46e-01  2e-01  4e-01 56:32.1
  Gen 1200 | Best: 0.84 (raw: 0.8) | Pop mean: 0.82 | Sigma: 0.3464 | Nodes: 48 (mean 191.6) | 1.6s/gen | op=and
 1211 155008 -8.437838903677413e-01 6.5e+00 3.87e-01  2e-01  4e-01 56:44.3
  Gen 1210 | Best: 0.84 (raw: 0.8) | Pop mean: 0.84 | Sigma: 0.3869 | Nodes: 40 (mean 41.4) | 1.2s/gen | op=and
  Gen 1220 | Best: 0.82 (raw: 0.8) | Pop mean: 0.78 | Sigma: 0.3992 | Nodes: 144 (mean 42.4) | 0.6s/gen | op=or
  Gen 1230 | Best: 0.82 (raw: 0.8) | Pop mean: 0.81 | Sigma: 0.4110 | Nodes: 160 (mean 123.4) | 1.0s/gen | op=or
 1241 158848 -8.437838903677413e-01 6.7e+00 3.75e-01  2e-01  4e-01 57:16.1
  Gen 1240 | Best: 0.84 (raw: 0.8) | Pop mean: 0.83 | Sigma: 0.3748 | Nodes: 48 (mean 137.1) | 1.6s/gen | op=and
 1251 160128 -8.437838903677413e-01 6.7e+00 4.09e-01  2e-01  4e-01 57:27.2
  Gen 1250 | Best: 0.84 (raw: 0.8) | Pop mean: 0.83 | Sigma: 0.4087 | Nodes: 40 (mean 50.6) | 1.1s/gen | op=and
  Gen 1260 | Best: 0.82 (raw: 0.8) | Pop mean: 0.79 | Sigma: 0.4261 | Nodes: 36 (mean 46.1) | 0.6s/gen | op=or
  Gen 1270 | Best: 0.83 (raw: 0.8) | Pop mean: 0.81 | Sigma: 0.4405 | Nodes: 38 (mean 118.4) | 1.3s/gen | op=or
 1281 163968 -8.437838903677413e-01 6.9e+00 4.04e-01  2e-01  4e-01 58:06.2
  Gen 1280 | Best: 0.84 (raw: 0.8) | Pop mean: 0.82 | Sigma: 0.4039 | Nodes: 40 (mean 179.8) | 2.0s/gen | op=and
 1291 165248 -8.437838903677413e-01 6.9e+00 4.38e-01  3e-01  5e-01 58:20.9
  Gen 1290 | Best: 0.84 (raw: 0.8) | Pop mean: 0.84 | Sigma: 0.4378 | Nodes: 40 (mean 67.2) | 1.5s/gen | op=and
Iterat #Fevals   function value  axis ratio  sigma  min&max std  t[m:s]
  Gen 1300 | Best: 0.83 (raw: 0.8) | Pop mean: 0.79 | Sigma: 0.4564 | Nodes: 74 (mean 84.0) | 0.8s/gen | op=or
  Gen 1310 | Best: 0.84 (raw: 0.8) | Pop mean: 0.81 | Sigma: 0.4783 | Nodes: 180 (mean 155.0) | 1.6s/gen | op=or
 1321 169088 -8.437838903677413e-01 7.0e+00 4.30e-01  3e-01  4e-01 59:11.7
  Gen 1320 | Best: 0.84 (raw: 0.8) | Pop mean: 0.82 | Sigma: 0.4299 | Nodes: 80 (mean 177.5) | 2.6s/gen | op=and
 1331 170368 -8.437838903677413e-01 7.0e+00 4.98e-01  3e-01  5e-01 59:24.0
  Gen 1330 | Best: 0.84 (raw: 0.8) | Pop mean: 0.84 | Sigma: 0.4978 | Nodes: 40 (mean 40.8) | 1.2s/gen | op=and
  Gen 1340 | Best: 0.82 (raw: 0.8) | Pop mean: 0.79 | Sigma: 0.4936 | Nodes: 36 (mean 38.6) | 0.7s/gen | op=or
  Gen 1350 | Best: 0.83 (raw: 0.8) | Pop mean: 0.81 | Sigma: 0.4933 | Nodes: 110 (mean 122.8) | 1.0s/gen | op=or
 1361 174208 -8.437838903677413e-01 7.3e+00 4.48e-01  3e-01  5e-01 59:56.0
  Gen 1360 | Best: 0.84 (raw: 0.8) | Pop mean: 0.83 | Sigma: 0.4481 | Nodes: 40 (mean 126.8) | 1.5s/gen | op=and
 1371 175488 -8.437838903677413e-01 7.4e+00 4.91e-01  3e-01  5e-01 60:05.4
  Gen 1370 | Best: 0.84 (raw: 0.8) | Pop mean: 0.84 | Sigma: 0.4911 | Nodes: 40 (mean 36.4) | 0.9s/gen | op=and
  Gen 1380 | Best: 0.82 (raw: 0.8) | Pop mean: 0.77 | Sigma: 0.4970 | Nodes: 36 (mean 38.2) | 0.7s/gen | op=or
  Gen 1390 | Best: 0.83 (raw: 0.8) | Pop mean: 0.80 | Sigma: 0.5171 | Nodes: 72 (mean 112.1) | 1.1s/gen | op=or
Iterat #Fevals   function value  axis ratio  sigma  min&max std  t[m:s]
 1401 179328 -8.437838903677413e-01 7.4e+00 4.74e-01  3e-01  5e-01 60:38.3
  Gen 1400 | Best: 0.84 (raw: 0.8) | Pop mean: 0.83 | Sigma: 0.4737 | Nodes: 48 (mean 134.7) | 1.5s/gen | op=and
 1411 180608 -8.437838903677413e-01 7.5e+00 4.91e-01  3e-01  5e-01 60:48.0
  Gen 1410 | Best: 0.84 (raw: 0.8) | Pop mean: 0.84 | Sigma: 0.4911 | Nodes: 40 (mean 57.6) | 1.0s/gen | op=and
  Gen 1420 | Best: 0.82 (raw: 0.8) | Pop mean: 0.78 | Sigma: 0.4915 | Nodes: 36 (mean 42.2) | 0.6s/gen | op=or
  Gen 1430 | Best: 0.82 (raw: 0.8) | Pop mean: 0.81 | Sigma: 0.5320 | Nodes: 112 (mean 116.7) | 1.2s/gen | op=or
 1441 184448 -8.437838903677413e-01 7.7e+00 4.59e-01  3e-01  5e-01 61:27.7
  Gen 1440 | Best: 0.84 (raw: 0.8) | Pop mean: 0.82 | Sigma: 0.4586 | Nodes: 80 (mean 142.8) | 2.2s/gen | op=and
 1451 185728 -8.437838903677413e-01 7.7e+00 5.02e-01  3e-01  5e-01 61:47.5
  Gen 1450 | Best: 0.84 (raw: 0.8) | Pop mean: 0.83 | Sigma: 0.5023 | Nodes: 40 (mean 47.7) | 2.0s/gen | op=and
  Gen 1460 | Best: 0.82 (raw: 0.8) | Pop mean: 0.79 | Sigma: 0.5051 | Nodes: 144 (mean 48.3) | 1.2s/gen | op=or
  Gen 1470 | Best: 0.83 (raw: 0.8) | Pop mean: 0.81 | Sigma: 0.4983 | Nodes: 38 (mean 144.2) | 2.7s/gen | op=or
 1481 189568 -8.437838903677413e-01 8.0e+00 4.65e-01  3e-01  5e-01 63:14.0
  Gen 1480 | Best: 0.84 (raw: 0.8) | Pop mean: 0.82 | Sigma: 0.4647 | Nodes: 80 (mean 183.8) | 4.8s/gen | op=and
 1491 190848 -8.437838903677413e-01 8.1e+00 5.20e-01  3e-01  5e-01 63:32.2
  Gen 1490 | Best: 0.84 (raw: 0.8) | Pop mean: 0.84 | Sigma: 0.5200 | Nodes: 48 (mean 53.5) | 1.8s/gen | op=and
[1788817038] archived 1500 generations | best-ever matches log: True | pop mean matches log: True | final genome matches saved: True | VERIFIED=True

[1788821061] replaying ...
Model ID: 1789343408

Config:
{'CMA_elitist': True, 'NN_transform_node_embedding_during_growth': True, 'additive_update': False, 'arrows': True, 'balanced_weights': False, 'binary_connectivity': False, 'checkpoint_id': None, 'coevolve_initial_embeddings': True, 'dev_mode': 0, 'device': 0, 'early_stopping': False, 'early_stopping_conditions': {'generation': 500, 'objective_value': -3}, 'edge_based_growth': False, 'env_seed': None, 'environment': 'KA_retina', 'evolution_feval_check_N': 10, 'evolution_feval_check_every': 2000, 'extra_nodes': -1, 'fewer_edges': False, 'fewer_nodes': False, 'flattening_stopping': False, 'flattening_stopping_conditions': {'last_generations': 500, 'min_generation': 1500, 'min_std': 5}, 'generations': 1500, 'group': 'default', 'growth_model_bias': True, 'growth_model_last_layer_activated': False, 'histogram_degree': 0, 'initial_embeddings_random': False, 'initial_sparsity': 1, 'layout': 'random_fixed', 'maximise': True, 'minstd': 0.005, 'mlp_embedding_transform_hidden_layers_dims': [5], 'mlp_growth_hidden_layers_dims': [5], 'mlp_weight_values_bias': True, 'mlp_weight_values_hidden_layers_dims': [5], 'mlp_weight_values_last_layer_activated': True, 'nb_episode_evals': 1, 'nb_growth_evals': 1, 'network_thinking_time_extra_growth': 2, 'network_thinking_time_extra_rollout': 3, 'node_based_growth': True, 'node_embedding_size': 3, 'node_pairs_based_growth': False, 'notes experiment': None, 'number_of_growth_cycles': 6, 'optimizer': 'CMAES', 'persistent_observation_rollout': True, 'popsize': 128, 'print_every': 10, 'probabilistic_growth': False, 'project_name': 'Developmental networks', 'prunning_phase': False, 'prunning_threshold': 0.3, 'recurrent_activation_function': 'tanh', 'render': 1, 'return_loss': 0, 'reward_if_graph_too_small': 200, 'save_model': 1, 'seed': 7766560, 'self_link_allowed_during_querying': False, 'shared_intial_embedding': True, 'shared_intial_graph_bool': True, 'sigma_init': 0.5, 'threads': -1, 'transform_model_bias': True, 'transform_model_last_layer_activated': True, 'undirected': True, 'use_torch': False, 'visualise_network': 0, 'x0_dist': 'U[-1,1]', 'log_gen_time': True, 'snapshot': True, 'show': False, 'nb_eval_seeds': 10, 'balanced_fitness': True, 'operation': 'and', 'mvg': True, 'mvg_ops': ['and', 'or'], 'mvg_switch_interval': 20, 'target': 1.0, 'id': '1789343408', '_path': 'saved_models/1789343408'}

Seed:  7766560
Env_seed:  None
The growth model has 111 trainable parameters
(64_w,128)-aCMA-ES (mu_w=34.2,w_1=6%) in dimension 111 (seed=7766560, Mon Sep 14 00:50:08 2026)

.......................................................

Initilisating CMA-ES with 111 trainable parameters 


--- Starting Evolution ---


Using 16 cores

Baseline (untrained x0 DNA): fitness=0.7839 (raw=0.8) | Nodes: 161

Iterat #Fevals   function value  axis ratio  sigma  min&max std  t[m:s]
    1    128 -8.032633343192349e-01 1.0e+00 4.88e-01  5e-01  5e-01 1:37.2
  Gen    0 | Best: 0.80 (raw: 0.8) | Pop mean: 0.44 | Sigma: 0.4879 | Nodes: 11 (mean 292.8) | 9.8s/gen | op=and
   11   1408 -8.467415951888002e-01 1.1e+00 5.68e-01  6e-01  6e-01 11:19.5
  Gen   10 | Best: 0.85 (raw: 0.8) | Pop mean: 0.78 | Sigma: 0.5679 | Nodes: 40 (mean 160.0) | 58.2s/gen | op=and
   21   2688 -8.028571428571429e-01 1.2e+00 6.26e-01  6e-01  6e-01 11:57.9
  Gen   20 | Best: 0.80 (raw: 0.8) | Pop mean: 0.77 | Sigma: 0.6259 | Nodes: 160 (mean 18.9) | 3.8s/gen | op=or
   31   3968 -8.010229276895944e-01 1.3e+00 6.03e-01  6e-01  6e-01 13:25.4
  Gen   30 | Best: 0.80 (raw: 0.8) | Pop mean: 0.75 | Sigma: 0.6026 | Nodes: 11 (mean 265.4) | 8.7s/gen | op=or
   41   5248 -8.287488908606921e-01 1.4e+00 5.66e-01  6e-01  6e-01 17:32.2
  Gen   40 | Best: 0.83 (raw: 0.8) | Pop mean: 0.78 | Sigma: 0.5655 | Nodes: 33 (mean 463.2) | 24.7s/gen | op=and
   51   6528 -8.432416444838805e-01 1.4e+00 5.44e-01  5e-01  6e-01 19:29.6
  Gen   50 | Best: 0.84 (raw: 0.8) | Pop mean: 0.80 | Sigma: 0.5441 | Nodes: 16 (mean 57.5) | 11.7s/gen | op=and
   61   7808 -8.028571428571429e-01 1.4e+00 4.94e-01  5e-01  5e-01 19:55.2
  Gen   60 | Best: 0.80 (raw: 0.8) | Pop mean: 0.78 | Sigma: 0.4942 | Nodes: 44 (mean 48.4) | 2.6s/gen | op=or
   71   9088 -8.067372134038800e-01 1.4e+00 4.44e-01  4e-01  5e-01 20:57.3
  Gen   70 | Best: 0.81 (raw: 0.8) | Pop mean: 0.76 | Sigma: 0.4437 | Nodes: 20 (mean 187.1) | 6.2s/gen | op=or
   81  10368 -8.432416444838805e-01 1.5e+00 3.84e-01  4e-01  4e-01 23:04.8
  Gen   80 | Best: 0.84 (raw: 0.8) | Pop mean: 0.78 | Sigma: 0.3844 | Nodes: 12 (mean 342.0) | 12.7s/gen | op=and
   91  11648 -8.432416444838805e-01 1.5e+00 3.68e-01  4e-01  4e-01 23:48.7
  Gen   90 | Best: 0.84 (raw: 0.8) | Pop mean: 0.81 | Sigma: 0.3676 | Nodes: 9 (mean 34.7) | 4.4s/gen | op=and
Iterat #Fevals   function value  axis ratio  sigma  min&max std  t[m:s]
  101  12928 -8.124514991181657e-01 1.5e+00 3.34e-01  3e-01  3e-01 24:03.5
  Gen  100 | Best: 0.81 (raw: 0.8) | Pop mean: 0.78 | Sigma: 0.3338 | Nodes: 9 (mean 31.1) | 1.5s/gen | op=or
  111  14208 -7.943915343915344e-01 1.5e+00 3.26e-01  3e-01  3e-01 24:20.6
  Gen  110 | Best: 0.79 (raw: 0.8) | Pop mean: 0.76 | Sigma: 0.3265 | Nodes: 9 (mean 73.9) | 1.7s/gen | op=or
  121  15488 -8.432416444838805e-01 1.5e+00 2.98e-01  3e-01  3e-01 25:01.7
  Gen  120 | Best: 0.84 (raw: 0.8) | Pop mean: 0.78 | Sigma: 0.2977 | Nodes: 9 (mean 114.1) | 4.1s/gen | op=and
  131  16768 -8.432416444838805e-01 1.5e+00 2.79e-01  3e-01  3e-01 25:16.1
  Gen  130 | Best: 0.84 (raw: 0.8) | Pop mean: 0.81 | Sigma: 0.2794 | Nodes: 10 (mean 16.2) | 1.4s/gen | op=and
  Gen  140 | Best: 0.79 (raw: 0.8) | Pop mean: 0.78 | Sigma: 0.2523 | Nodes: 9 (mean 18.5) | 0.7s/gen | op=or
  151  19328 -8.085714285714285e-01 1.5e+00 2.40e-01  2e-01  2e-01 25:54.7
  Gen  150 | Best: 0.81 (raw: 0.8) | Pop mean: 0.77 | Sigma: 0.2402 | Nodes: 9 (mean 111.5) | 3.2s/gen | op=or
  161  20608 -8.432416444838805e-01 1.5e+00 2.10e-01  2e-01  2e-01 26:20.7
  Gen  160 | Best: 0.84 (raw: 0.8) | Pop mean: 0.78 | Sigma: 0.2098 | Nodes: 12 (mean 27.3) | 2.6s/gen | op=and
  Gen  170 | Best: 0.84 (raw: 0.8) | Pop mean: 0.82 | Sigma: 0.2005 | Nodes: 24 (mean 17.2) | 0.8s/gen | op=and
  Gen  180 | Best: 0.82 (raw: 0.8) | Pop mean: 0.78 | Sigma: 0.1663 | Nodes: 9 (mean 17.5) | 0.5s/gen | op=or
  191  24448 -8.428571428571429e-01 1.6e+00 1.61e-01  2e-01  2e-01 26:37.7
  Gen  190 | Best: 0.84 (raw: 0.8) | Pop mean: 0.79 | Sigma: 0.1611 | Nodes: 96 (mean 12.7) | 0.4s/gen | op=or
Iterat #Fevals   function value  axis ratio  sigma  min&max std  t[m:s]
  Gen  200 | Best: 0.85 (raw: 0.8) | Pop mean: 0.78 | Sigma: 0.1400 | Nodes: 40 (mean 12.3) | 0.3s/gen | op=and
  Gen  210 | Best: 0.84 (raw: 0.8) | Pop mean: 0.83 | Sigma: 0.1421 | Nodes: 24 (mean 17.8) | 0.2s/gen | op=and
  Gen  220 | Best: 0.81 (raw: 0.8) | Pop mean: 0.78 | Sigma: 0.1470 | Nodes: 58 (mean 25.8) | 0.3s/gen | op=or
  Gen  230 | Best: 0.80 (raw: 0.8) | Pop mean: 0.79 | Sigma: 0.1400 | Nodes: 9 (mean 13.6) | 0.4s/gen | op=or
  241  30848 -8.432416444838805e-01 1.6e+00 1.31e-01  1e-01  1e-01 26:57.6
  Gen  240 | Best: 0.84 (raw: 0.8) | Pop mean: 0.79 | Sigma: 0.1309 | Nodes: 9 (mean 15.3) | 0.9s/gen | op=and
  Gen  250 | Best: 0.84 (raw: 0.8) | Pop mean: 0.82 | Sigma: 0.1263 | Nodes: 24 (mean 15.9) | 0.4s/gen | op=and
  Gen  260 | Best: 0.83 (raw: 0.8) | Pop mean: 0.77 | Sigma: 0.1103 | Nodes: 24 (mean 22.7) | 0.4s/gen | op=or
  Gen  270 | Best: 0.82 (raw: 0.8) | Pop mean: 0.79 | Sigma: 0.1093 | Nodes: 10 (mean 15.8) | 0.2s/gen | op=or
  Gen  280 | Best: 0.84 (raw: 0.8) | Pop mean: 0.79 | Sigma: 0.0935 | Nodes: 24 (mean 13.0) | 0.2s/gen | op=and
  Gen  290 | Best: 0.85 (raw: 0.8) | Pop mean: 0.83 | Sigma: 0.0912 | Nodes: 40 (mean 21.5) | 0.2s/gen | op=and
Iterat #Fevals   function value  axis ratio  sigma  min&max std  t[m:s]
  Gen  300 | Best: 0.83 (raw: 0.8) | Pop mean: 0.77 | Sigma: 0.0825 | Nodes: 24 (mean 21.4) | 0.2s/gen | op=or
  Gen  310 | Best: 0.83 (raw: 0.8) | Pop mean: 0.79 | Sigma: 0.0800 | Nodes: 24 (mean 15.3) | 0.2s/gen | op=or
  321  41088 -8.432416444838805e-01 1.8e+00 7.07e-02  7e-02  7e-02 27:16.3
  Gen  320 | Best: 0.84 (raw: 0.8) | Pop mean: 0.79 | Sigma: 0.0707 | Nodes: 24 (mean 13.0) | 0.2s/gen | op=and
  331  42368 -8.539879720003943e-01 1.8e+00 6.86e-02  6e-02  7e-02 569:22.1
  Gen  330 | Best: 0.85 (raw: 0.9) | Pop mean: 0.83 | Sigma: 0.0686 | Nodes: 24 (mean 19.8) | 3252.6s/gen | op=and
  341  43648 -8.314285714285714e-01 1.8e+00 6.62e-02  6e-02  7e-02 580:56.1
  Gen  340 | Best: 0.83 (raw: 0.8) | Pop mean: 0.77 | Sigma: 0.0662 | Nodes: 24 (mean 23.1) | 69.5s/gen | op=or
  351  44928 -8.314285714285714e-01 1.8e+00 6.19e-02  6e-02  6e-02 628:43.5
  Gen  350 | Best: 0.83 (raw: 0.8) | Pop mean: 0.79 | Sigma: 0.0619 | Nodes: 24 (mean 21.4) | 286.7s/gen | op=or
  Gen  360 | Best: 0.85 (raw: 0.9) | Pop mean: 0.80 | Sigma: 0.0565 | Nodes: 24 (mean 18.8) | 0.3s/gen | op=and
  Gen  370 | Best: 0.85 (raw: 0.9) | Pop mean: 0.84 | Sigma: 0.0572 | Nodes: 24 (mean 21.5) | 0.2s/gen | op=and
  Gen  380 | Best: 0.81 (raw: 0.8) | Pop mean: 0.77 | Sigma: 0.0547 | Nodes: 24 (mean 21.8) | 1.0s/gen | op=or
  Gen  390 | Best: 0.80 (raw: 0.8) | Pop mean: 0.79 | Sigma: 0.0533 | Nodes: 12 (mean 10.9) | 0.2s/gen | op=or
Iterat #Fevals   function value  axis ratio  sigma  min&max std  t[m:s]
  Gen  400 | Best: 0.84 (raw: 0.8) | Pop mean: 0.80 | Sigma: 0.0459 | Nodes: 24 (mean 14.3) | 0.3s/gen | op=and
  Gen  410 | Best: 0.85 (raw: 0.9) | Pop mean: 0.84 | Sigma: 0.0466 | Nodes: 24 (mean 20.8) | 0.2s/gen | op=and
  421  53888 -8.314285714285714e-01 1.9e+00 4.31e-02  4e-02  4e-02 629:06.6
  Gen  420 | Best: 0.83 (raw: 0.8) | Pop mean: 0.77 | Sigma: 0.0431 | Nodes: 24 (mean 22.9) | 0.2s/gen | op=or
  Gen  430 | Best: 0.83 (raw: 0.8) | Pop mean: 0.79 | Sigma: 0.0418 | Nodes: 24 (mean 19.9) | 0.2s/gen | op=or
  Gen  440 | Best: 0.85 (raw: 0.9) | Pop mean: 0.80 | Sigma: 0.0398 | Nodes: 24 (mean 14.5) | 0.2s/gen | op=and
  Gen  450 | Best: 0.85 (raw: 0.9) | Pop mean: 0.83 | Sigma: 0.0403 | Nodes: 24 (mean 22.0) | 0.2s/gen | op=and
  Gen  460 | Best: 0.83 (raw: 0.8) | Pop mean: 0.77 | Sigma: 0.0372 | Nodes: 24 (mean 23.1) | 0.2s/gen | op=or
  Gen  470 | Best: 0.83 (raw: 0.8) | Pop mean: 0.79 | Sigma: 0.0365 | Nodes: 12 (mean 18.8) | 0.2s/gen | op=or
  Gen  480 | Best: 0.85 (raw: 0.9) | Pop mean: 0.80 | Sigma: 0.0329 | Nodes: 16 (mean 18.0) | 0.2s/gen | op=and
  Gen  490 | Best: 0.85 (raw: 0.9) | Pop mean: 0.84 | Sigma: 0.0373 | Nodes: 24 (mean 19.5) | 0.2s/gen | op=and
Iterat #Fevals   function value  axis ratio  sigma  min&max std  t[m:s]
  Gen  500 | Best: 0.83 (raw: 0.8) | Pop mean: 0.77 | Sigma: 0.0372 | Nodes: 16 (mean 22.8) | 0.2s/gen | op=or
  Gen  510 | Best: 0.83 (raw: 0.8) | Pop mean: 0.79 | Sigma: 0.0376 | Nodes: 24 (mean 21.7) | 0.2s/gen | op=or
  Gen  520 | Best: 0.85 (raw: 0.9) | Pop mean: 0.80 | Sigma: 0.0348 | Nodes: 24 (mean 21.1) | 0.2s/gen | op=and
  Gen  530 | Best: 0.85 (raw: 0.9) | Pop mean: 0.84 | Sigma: 0.0360 | Nodes: 24 (mean 23.6) | 0.2s/gen | op=and
  Gen  540 | Best: 0.83 (raw: 0.8) | Pop mean: 0.77 | Sigma: 0.0364 | Nodes: 24 (mean 22.2) | 0.2s/gen | op=or
  Gen  550 | Best: 0.83 (raw: 0.8) | Pop mean: 0.79 | Sigma: 0.0379 | Nodes: 24 (mean 21.4) | 0.2s/gen | op=or
  Gen  560 | Best: 0.85 (raw: 0.9) | Pop mean: 0.80 | Sigma: 0.0329 | Nodes: 24 (mean 22.3) | 0.2s/gen | op=and
  571  73088 -8.539879720003943e-01 2.0e+00 3.59e-02  3e-02  4e-02 629:30.9
  Gen  570 | Best: 0.85 (raw: 0.9) | Pop mean: 0.84 | Sigma: 0.0359 | Nodes: 24 (mean 22.7) | 0.2s/gen | op=and
  Gen  580 | Best: 0.83 (raw: 0.8) | Pop mean: 0.77 | Sigma: 0.0359 | Nodes: 24 (mean 23.1) | 0.2s/gen | op=or
  Gen  590 | Best: 0.83 (raw: 0.8) | Pop mean: 0.79 | Sigma: 0.0352 | Nodes: 16 (mean 22.9) | 0.2s/gen | op=or
Iterat #Fevals   function value  axis ratio  sigma  min&max std  t[m:s]
  Gen  600 | Best: 0.85 (raw: 0.9) | Pop mean: 0.81 | Sigma: 0.0320 | Nodes: 24 (mean 22.4) | 0.2s/gen | op=and
  Gen  610 | Best: 0.85 (raw: 0.9) | Pop mean: 0.83 | Sigma: 0.0358 | Nodes: 24 (mean 21.6) | 0.2s/gen | op=and
  Gen  620 | Best: 0.83 (raw: 0.8) | Pop mean: 0.77 | Sigma: 0.0360 | Nodes: 24 (mean 22.8) | 0.2s/gen | op=or
  Gen  630 | Best: 0.83 (raw: 0.8) | Pop mean: 0.79 | Sigma: 0.0351 | Nodes: 12 (mean 21.9) | 0.2s/gen | op=or
  Gen  640 | Best: 0.85 (raw: 0.9) | Pop mean: 0.80 | Sigma: 0.0322 | Nodes: 24 (mean 23.0) | 0.1s/gen | op=and
  Gen  650 | Best: 0.85 (raw: 0.9) | Pop mean: 0.84 | Sigma: 0.0318 | Nodes: 24 (mean 22.9) | 0.2s/gen | op=and
  Gen  660 | Best: 0.83 (raw: 0.8) | Pop mean: 0.77 | Sigma: 0.0293 | Nodes: 24 (mean 23.2) | 0.2s/gen | op=or
  Gen  670 | Best: 0.83 (raw: 0.8) | Pop mean: 0.79 | Sigma: 0.0287 | Nodes: 24 (mean 21.2) | 0.2s/gen | op=or
  Gen  680 | Best: 0.85 (raw: 0.9) | Pop mean: 0.81 | Sigma: 0.0257 | Nodes: 24 (mean 22.3) | 0.2s/gen | op=and
  Gen  690 | Best: 0.85 (raw: 0.9) | Pop mean: 0.84 | Sigma: 0.0275 | Nodes: 24 (mean 22.2) | 0.2s/gen | op=and
Iterat #Fevals   function value  axis ratio  sigma  min&max std  t[m:s]
  Gen  700 | Best: 0.83 (raw: 0.8) | Pop mean: 0.78 | Sigma: 0.0278 | Nodes: 24 (mean 21.7) | 0.2s/gen | op=or
  Gen  710 | Best: 0.83 (raw: 0.8) | Pop mean: 0.79 | Sigma: 0.0276 | Nodes: 24 (mean 22.4) | 0.2s/gen | op=or
  Gen  720 | Best: 0.85 (raw: 0.9) | Pop mean: 0.81 | Sigma: 0.0230 | Nodes: 24 (mean 22.8) | 0.2s/gen | op=and
  731  93568 -8.539879720003943e-01 2.3e+00 2.45e-02  2e-02  2e-02 629:56.1
  Gen  730 | Best: 0.85 (raw: 0.9) | Pop mean: 0.84 | Sigma: 0.0245 | Nodes: 24 (mean 20.8) | 0.2s/gen | op=and
  Gen  740 | Best: 0.84 (raw: 0.8) | Pop mean: 0.78 | Sigma: 0.0253 | Nodes: 24 (mean 23.2) | 0.2s/gen | op=or
  Gen  750 | Best: 0.84 (raw: 0.8) | Pop mean: 0.79 | Sigma: 0.0250 | Nodes: 24 (mean 22.3) | 0.2s/gen | op=or
  Gen  760 | Best: 0.85 (raw: 0.9) | Pop mean: 0.81 | Sigma: 0.0234 | Nodes: 24 (mean 22.8) | 0.2s/gen | op=and
  Gen  770 | Best: 0.85 (raw: 0.9) | Pop mean: 0.83 | Sigma: 0.0240 | Nodes: 24 (mean 21.4) | 0.2s/gen | op=and
  Gen  780 | Best: 0.83 (raw: 0.8) | Pop mean: 0.77 | Sigma: 0.0231 | Nodes: 24 (mean 22.4) | 0.2s/gen | op=or
  Gen  790 | Best: 0.83 (raw: 0.8) | Pop mean: 0.79 | Sigma: 0.0228 | Nodes: 24 (mean 22.4) | 0.2s/gen | op=or
Iterat #Fevals   function value  axis ratio  sigma  min&max std  t[m:s]
  Gen  800 | Best: 0.85 (raw: 0.9) | Pop mean: 0.81 | Sigma: 0.0205 | Nodes: 24 (mean 22.0) | 0.2s/gen | op=and
  Gen  810 | Best: 0.85 (raw: 0.9) | Pop mean: 0.83 | Sigma: 0.0194 | Nodes: 24 (mean 22.6) | 0.2s/gen | op=and
  Gen  820 | Best: 0.83 (raw: 0.8) | Pop mean: 0.77 | Sigma: 0.0195 | Nodes: 24 (mean 22.9) | 0.2s/gen | op=or
  Gen  830 | Best: 0.84 (raw: 0.8) | Pop mean: 0.79 | Sigma: 0.0192 | Nodes: 24 (mean 21.7) | 0.2s/gen | op=or
  Gen  840 | Best: 0.85 (raw: 0.9) | Pop mean: 0.81 | Sigma: 0.0174 | Nodes: 24 (mean 21.7) | 0.2s/gen | op=and
  Gen  850 | Best: 0.85 (raw: 0.9) | Pop mean: 0.83 | Sigma: 0.0181 | Nodes: 24 (mean 21.7) | 0.2s/gen | op=and
  Gen  860 | Best: 0.83 (raw: 0.8) | Pop mean: 0.78 | Sigma: 0.0182 | Nodes: 24 (mean 23.7) | 0.2s/gen | op=or
  Gen  870 | Best: 0.84 (raw: 0.8) | Pop mean: 0.79 | Sigma: 0.0178 | Nodes: 24 (mean 22.8) | 0.2s/gen | op=or
  Gen  880 | Best: 0.85 (raw: 0.9) | Pop mean: 0.81 | Sigma: 0.0165 | Nodes: 16 (mean 23.6) | 0.2s/gen | op=and
  891 114048 -8.539879720003943e-01 2.6e+00 1.70e-02  1e-02  2e-02 630:21.5
  Gen  890 | Best: 0.85 (raw: 0.9) | Pop mean: 0.84 | Sigma: 0.0170 | Nodes: 24 (mean 23.4) | 0.2s/gen | op=and
Iterat #Fevals   function value  axis ratio  sigma  min&max std  t[m:s]
  Gen  900 | Best: 0.83 (raw: 0.8) | Pop mean: 0.77 | Sigma: 0.0158 | Nodes: 24 (mean 23.8) | 0.2s/gen | op=or
  Gen  910 | Best: 0.83 (raw: 0.8) | Pop mean: 0.79 | Sigma: 0.0154 | Nodes: 24 (mean 23.0) | 0.2s/gen | op=or
  Gen  920 | Best: 0.85 (raw: 0.9) | Pop mean: 0.82 | Sigma: 0.0139 | Nodes: 24 (mean 22.9) | 0.2s/gen | op=and
  Gen  930 | Best: 0.85 (raw: 0.9) | Pop mean: 0.83 | Sigma: 0.0140 | Nodes: 16 (mean 19.9) | 0.2s/gen | op=and
  Gen  940 | Best: 0.83 (raw: 0.8) | Pop mean: 0.78 | Sigma: 0.0147 | Nodes: 24 (mean 22.4) | 0.2s/gen | op=or
  Gen  950 | Best: 0.84 (raw: 0.8) | Pop mean: 0.79 | Sigma: 0.0142 | Nodes: 16 (mean 19.8) | 0.2s/gen | op=or
  Gen  960 | Best: 0.85 (raw: 0.9) | Pop mean: 0.82 | Sigma: 0.0131 | Nodes: 24 (mean 22.0) | 0.2s/gen | op=and
  Gen  970 | Best: 0.85 (raw: 0.9) | Pop mean: 0.83 | Sigma: 0.0131 | Nodes: 24 (mean 22.7) | 0.2s/gen | op=and
  Gen  980 | Best: 0.83 (raw: 0.8) | Pop mean: 0.78 | Sigma: 0.0124 | Nodes: 24 (mean 23.9) | 0.2s/gen | op=or
  Gen  990 | Best: 0.84 (raw: 0.8) | Pop mean: 0.78 | Sigma: 0.0117 | Nodes: 24 (mean 23.3) | 0.2s/gen | op=or
Iterat #Fevals   function value  axis ratio  sigma  min&max std  t[m:s]
  Gen 1000 | Best: 0.85 (raw: 0.9) | Pop mean: 0.82 | Sigma: 0.0103 | Nodes: 24 (mean 23.2) | 0.2s/gen | op=and
  Gen 1010 | Best: 0.85 (raw: 0.9) | Pop mean: 0.83 | Sigma: 0.0105 | Nodes: 24 (mean 22.5) | 0.2s/gen | op=and
  Gen 1020 | Best: 0.83 (raw: 0.8) | Pop mean: 0.78 | Sigma: 0.0108 | Nodes: 24 (mean 21.6) | 0.1s/gen | op=or
  Gen 1030 | Best: 0.83 (raw: 0.8) | Pop mean: 0.78 | Sigma: 0.0104 | Nodes: 24 (mean 20.2) | 0.2s/gen | op=or
 1041 133248 -8.539879720003943e-01 2.8e+00 9.36e-03  8e-03  9e-03 630:44.8
  Gen 1040 | Best: 0.85 (raw: 0.9) | Pop mean: 0.82 | Sigma: 0.0094 | Nodes: 24 (mean 19.9) | 0.2s/gen | op=and
 1051 134528 -8.539879720003943e-01 2.8e+00 9.30e-03  8e-03  9e-03 630:46.4
  Gen 1050 | Best: 0.85 (raw: 0.9) | Pop mean: 0.83 | Sigma: 0.0093 | Nodes: 16 (mean 18.8) | 0.2s/gen | op=and
  Gen 1060 | Best: 0.83 (raw: 0.8) | Pop mean: 0.78 | Sigma: 0.0091 | Nodes: 16 (mean 17.5) | 0.2s/gen | op=or
  Gen 1070 | Best: 0.83 (raw: 0.8) | Pop mean: 0.78 | Sigma: 0.0085 | Nodes: 16 (mean 18.1) | 0.2s/gen | op=or
 1081 138368 -8.539879720003943e-01 2.8e+00 7.77e-03  6e-03  7e-03 630:50.9
  Gen 1080 | Best: 0.85 (raw: 0.9) | Pop mean: 0.82 | Sigma: 0.0078 | Nodes: 16 (mean 18.9) | 0.2s/gen | op=and
 1091 139648 -8.539879720003943e-01 2.8e+00 8.27e-03  7e-03  8e-03 630:52.5
  Gen 1090 | Best: 0.85 (raw: 0.9) | Pop mean: 0.83 | Sigma: 0.0083 | Nodes: 24 (mean 19.1) | 0.2s/gen | op=and
Iterat #Fevals   function value  axis ratio  sigma  min&max std  t[m:s]
  Gen 1100 | Best: 0.83 (raw: 0.8) | Pop mean: 0.77 | Sigma: 0.0080 | Nodes: 16 (mean 18.4) | 0.2s/gen | op=or
  Gen 1110 | Best: 0.84 (raw: 0.8) | Pop mean: 0.78 | Sigma: 0.0079 | Nodes: 16 (mean 18.0) | 0.2s/gen | op=or
 1121 143488 -8.539879720003943e-01 2.8e+00 7.36e-03  6e-03  7e-03 630:57.1
  Gen 1120 | Best: 0.85 (raw: 0.9) | Pop mean: 0.83 | Sigma: 0.0074 | Nodes: 16 (mean 17.3) | 0.2s/gen | op=and
 1131 144768 -8.539879720003943e-01 2.8e+00 6.71e-03  6e-03  6e-03 630:58.6
  Gen 1130 | Best: 0.85 (raw: 0.9) | Pop mean: 0.83 | Sigma: 0.0067 | Nodes: 16 (mean 15.9) | 0.1s/gen | op=and
  Gen 1140 | Best: 0.83 (raw: 0.8) | Pop mean: 0.78 | Sigma: 0.0064 | Nodes: 16 (mean 16.0) | 0.2s/gen | op=or
  Gen 1150 | Best: 0.83 (raw: 0.8) | Pop mean: 0.79 | Sigma: 0.0060 | Nodes: 24 (mean 18.3) | 0.2s/gen | op=or
 1161 148608 -8.539879720003943e-01 2.8e+00 5.44e-03  5e-03  5e-03 631:03.2
  Gen 1160 | Best: 0.85 (raw: 0.9) | Pop mean: 0.82 | Sigma: 0.0054 | Nodes: 16 (mean 17.4) | 0.2s/gen | op=and
 1171 149888 -8.539879720003943e-01 2.8e+00 5.19e-03  5e-03  5e-03 631:04.7
  Gen 1170 | Best: 0.85 (raw: 0.9) | Pop mean: 0.83 | Sigma: 0.0052 | Nodes: 16 (mean 16.4) | 0.2s/gen | op=and
  Gen 1180 | Best: 0.83 (raw: 0.8) | Pop mean: 0.78 | Sigma: 0.0052 | Nodes: 16 (mean 16.8) | 0.2s/gen | op=or
  Gen 1190 | Best: 0.83 (raw: 0.8) | Pop mean: 0.78 | Sigma: 0.0050 | Nodes: 16 (mean 19.1) | 0.2s/gen | op=or
Iterat #Fevals   function value  axis ratio  sigma  min&max std  t[m:s]
 1201 153728 -8.539879720003943e-01 2.9e+00 4.47e-03  5e-03  5e-03 631:09.3
  Gen 1200 | Best: 0.85 (raw: 0.9) | Pop mean: 0.83 | Sigma: 0.0045 | Nodes: 16 (mean 17.3) | 0.2s/gen | op=and
 1211 155008 -8.539879720003943e-01 2.9e+00 4.58e-03  5e-03  5e-03 631:10.9
  Gen 1210 | Best: 0.85 (raw: 0.9) | Pop mean: 0.83 | Sigma: 0.0046 | Nodes: 16 (mean 16.4) | 0.2s/gen | op=and
  Gen 1220 | Best: 0.83 (raw: 0.8) | Pop mean: 0.77 | Sigma: 0.0045 | Nodes: 16 (mean 16.0) | 0.1s/gen | op=or
  Gen 1230 | Best: 0.83 (raw: 0.8) | Pop mean: 0.78 | Sigma: 0.0043 | Nodes: 16 (mean 16.8) | 0.2s/gen | op=or
 1241 158848 -8.539879720003943e-01 2.9e+00 4.11e-03  5e-03  5e-03 631:15.5
  Gen 1240 | Best: 0.85 (raw: 0.9) | Pop mean: 0.83 | Sigma: 0.0041 | Nodes: 24 (mean 17.6) | 0.2s/gen | op=and
 1251 160128 -8.539879720003943e-01 2.9e+00 4.18e-03  5e-03  5e-03 631:17.2
  Gen 1250 | Best: 0.85 (raw: 0.9) | Pop mean: 0.83 | Sigma: 0.0042 | Nodes: 16 (mean 16.5) | 0.2s/gen | op=and
  Gen 1260 | Best: 0.83 (raw: 0.8) | Pop mean: 0.78 | Sigma: 0.0041 | Nodes: 16 (mean 16.2) | 0.2s/gen | op=or
  Gen 1270 | Best: 0.83 (raw: 0.8) | Pop mean: 0.78 | Sigma: 0.0037 | Nodes: 16 (mean 17.8) | 0.2s/gen | op=or
 1281 163968 -8.539879720003943e-01 2.9e+00 3.36e-03  5e-03  5e-03 631:21.8
  Gen 1280 | Best: 0.85 (raw: 0.9) | Pop mean: 0.83 | Sigma: 0.0034 | Nodes: 16 (mean 17.5) | 0.2s/gen | op=and
 1291 165248 -8.539879720003943e-01 2.9e+00 3.50e-03  5e-03  5e-03 631:23.3
  Gen 1290 | Best: 0.85 (raw: 0.9) | Pop mean: 0.83 | Sigma: 0.0035 | Nodes: 16 (mean 16.3) | 0.2s/gen | op=and
Iterat #Fevals   function value  axis ratio  sigma  min&max std  t[m:s]
  Gen 1300 | Best: 0.83 (raw: 0.8) | Pop mean: 0.78 | Sigma: 0.0035 | Nodes: 16 (mean 16.2) | 0.1s/gen | op=or
  Gen 1310 | Best: 0.84 (raw: 0.8) | Pop mean: 0.78 | Sigma: 0.0034 | Nodes: 24 (mean 18.1) | 0.2s/gen | op=or
 1321 169088 -8.539879720003943e-01 3.0e+00 3.23e-03  5e-03  5e-03 631:28.0
  Gen 1320 | Best: 0.85 (raw: 0.9) | Pop mean: 0.83 | Sigma: 0.0032 | Nodes: 16 (mean 17.9) | 0.2s/gen | op=and
 1331 170368 -8.539879720003943e-01 3.0e+00 3.30e-03  5e-03  5e-03 631:29.5
  Gen 1330 | Best: 0.85 (raw: 0.9) | Pop mean: 0.83 | Sigma: 0.0033 | Nodes: 24 (mean 18.2) | 0.2s/gen | op=and
  Gen 1340 | Best: 0.84 (raw: 0.8) | Pop mean: 0.78 | Sigma: 0.0035 | Nodes: 16 (mean 18.4) | 0.2s/gen | op=or
  Gen 1350 | Best: 0.83 (raw: 0.8) | Pop mean: 0.78 | Sigma: 0.0033 | Nodes: 16 (mean 17.9) | 0.2s/gen | op=or
 1361 174208 -8.539879720003943e-01 3.0e+00 3.00e-03  5e-03  5e-03 631:34.2
  Gen 1360 | Best: 0.85 (raw: 0.9) | Pop mean: 0.83 | Sigma: 0.0030 | Nodes: 16 (mean 18.6) | 0.2s/gen | op=and
 1371 175488 -8.539879720003943e-01 3.0e+00 2.86e-03  5e-03  5e-03 631:35.7
  Gen 1370 | Best: 0.85 (raw: 0.9) | Pop mean: 0.83 | Sigma: 0.0029 | Nodes: 16 (mean 18.2) | 0.2s/gen | op=and
  Gen 1380 | Best: 0.83 (raw: 0.8) | Pop mean: 0.78 | Sigma: 0.0030 | Nodes: 16 (mean 17.8) | 0.2s/gen | op=or
  Gen 1390 | Best: 0.84 (raw: 0.8) | Pop mean: 0.78 | Sigma: 0.0028 | Nodes: 16 (mean 17.6) | 0.2s/gen | op=or
Iterat #Fevals   function value  axis ratio  sigma  min&max std  t[m:s]
 1401 179328 -8.539879720003943e-01 3.0e+00 2.52e-03  5e-03  5e-03 631:40.4
  Gen 1400 | Best: 0.85 (raw: 0.9) | Pop mean: 0.83 | Sigma: 0.0025 | Nodes: 16 (mean 18.1) | 0.2s/gen | op=and
 1411 180608 -8.539879720003943e-01 3.0e+00 2.54e-03  5e-03  5e-03 631:42.0
  Gen 1410 | Best: 0.85 (raw: 0.9) | Pop mean: 0.83 | Sigma: 0.0025 | Nodes: 16 (mean 17.1) | 0.2s/gen | op=and
  Gen 1420 | Best: 0.83 (raw: 0.8) | Pop mean: 0.77 | Sigma: 0.0025 | Nodes: 16 (mean 16.2) | 0.2s/gen | op=or
  Gen 1430 | Best: 0.83 (raw: 0.8) | Pop mean: 0.78 | Sigma: 0.0024 | Nodes: 16 (mean 17.5) | 0.2s/gen | op=or
 1441 184448 -8.539879720003943e-01 3.0e+00 2.19e-03  5e-03  5e-03 631:46.6
  Gen 1440 | Best: 0.85 (raw: 0.9) | Pop mean: 0.82 | Sigma: 0.0022 | Nodes: 24 (mean 18.1) | 0.2s/gen | op=and
 1451 185728 -8.539879720003943e-01 3.0e+00 2.21e-03  5e-03  5e-03 631:48.1
  Gen 1450 | Best: 0.85 (raw: 0.9) | Pop mean: 0.83 | Sigma: 0.0022 | Nodes: 16 (mean 17.0) | 0.2s/gen | op=and
  Gen 1460 | Best: 0.83 (raw: 0.8) | Pop mean: 0.78 | Sigma: 0.0020 | Nodes: 16 (mean 16.1) | 0.2s/gen | op=or
  Gen 1470 | Best: 0.83 (raw: 0.8) | Pop mean: 0.78 | Sigma: 0.0019 | Nodes: 16 (mean 17.8) | 0.2s/gen | op=or
 1481 189568 -8.539879720003943e-01 3.0e+00 1.68e-03  5e-03  5e-03 631:52.7
  Gen 1480 | Best: 0.85 (raw: 0.9) | Pop mean: 0.83 | Sigma: 0.0017 | Nodes: 16 (mean 17.6) | 0.2s/gen | op=and
 1491 190848 -8.539879720003943e-01 3.1e+00 1.63e-03  5e-03  5e-03 631:54.2
  Gen 1490 | Best: 0.85 (raw: 0.9) | Pop mean: 0.83 | Sigma: 0.0016 | Nodes: 16 (mean 17.1) | 0.2s/gen | op=and
[1788821061] archived 1500 generations | best-ever matches log: True | pop mean matches log: True | final genome matches saved: True | VERIFIED=True

[1788866451] replaying ...
Model ID: 1789381330

Config:
{'CMA_elitist': True, 'NN_transform_node_embedding_during_growth': True, 'additive_update': False, 'arrows': True, 'balanced_weights': False, 'binary_connectivity': False, 'checkpoint_id': None, 'coevolve_initial_embeddings': True, 'dev_mode': 0, 'device': 0, 'early_stopping': False, 'early_stopping_conditions': {'generation': 500, 'objective_value': -3}, 'edge_based_growth': False, 'env_seed': None, 'environment': 'KA_retina', 'evolution_feval_check_N': 10, 'evolution_feval_check_every': 2000, 'extra_nodes': -1, 'fewer_edges': False, 'fewer_nodes': False, 'flattening_stopping': False, 'flattening_stopping_conditions': {'last_generations': 500, 'min_generation': 1500, 'min_std': 5}, 'generations': 1500, 'group': 'default', 'growth_model_bias': True, 'growth_model_last_layer_activated': False, 'histogram_degree': 0, 'initial_embeddings_random': False, 'initial_sparsity': 1, 'layout': 'random_fixed', 'maximise': True, 'minstd': 0.005, 'mlp_embedding_transform_hidden_layers_dims': [5], 'mlp_growth_hidden_layers_dims': [5], 'mlp_weight_values_bias': True, 'mlp_weight_values_hidden_layers_dims': [5], 'mlp_weight_values_last_layer_activated': True, 'nb_episode_evals': 1, 'nb_growth_evals': 1, 'network_thinking_time_extra_growth': 2, 'network_thinking_time_extra_rollout': 3, 'node_based_growth': True, 'node_embedding_size': 3, 'node_pairs_based_growth': False, 'notes experiment': None, 'number_of_growth_cycles': 6, 'optimizer': 'CMAES', 'persistent_observation_rollout': True, 'popsize': 128, 'print_every': 10, 'probabilistic_growth': False, 'project_name': 'Developmental networks', 'prunning_phase': False, 'prunning_threshold': 0.3, 'recurrent_activation_function': 'tanh', 'render': 1, 'return_loss': 0, 'reward_if_graph_too_small': 200, 'save_model': 1, 'seed': 6779840, 'self_link_allowed_during_querying': False, 'shared_intial_embedding': True, 'shared_intial_graph_bool': True, 'sigma_init': 0.5, 'threads': -1, 'transform_model_bias': True, 'transform_model_last_layer_activated': True, 'undirected': True, 'use_torch': False, 'visualise_network': 0, 'x0_dist': 'U[-1,1]', 'log_gen_time': True, 'snapshot': True, 'show': False, 'nb_eval_seeds': 10, 'balanced_fitness': True, 'operation': 'and', 'mvg': True, 'mvg_ops': ['and', 'or'], 'mvg_switch_interval': 20, 'target': 1.0, 'id': '1789381330', '_path': 'saved_models/1789381330'}

Seed:  6779840
Env_seed:  None
The growth model has 111 trainable parameters
(64_w,128)-aCMA-ES (mu_w=34.2,w_1=6%) in dimension 111 (seed=6779840, Mon Sep 14 11:22:10 2026)

.......................................................

Initilisating CMA-ES with 111 trainable parameters 


--- Starting Evolution ---


Using 16 cores

Baseline (untrained x0 DNA): fitness=0.5820 (raw=0.6) | Nodes: 576

Iterat #Fevals   function value  axis ratio  sigma  min&max std  t[m:s]
    1    128 -8.239179729862960e-01 1.0e+00 4.86e-01  5e-01  5e-01 0:25.8
  Gen    0 | Best: 0.82 (raw: 0.8) | Pop mean: 0.63 | Sigma: 0.4862 | Nodes: 10 (mean 366.9) | 2.8s/gen | op=and
   11   1408 -8.432416444838805e-01 1.1e+00 5.94e-01  6e-01  6e-01 3:19.3
  Gen   10 | Best: 0.84 (raw: 0.8) | Pop mean: 0.79 | Sigma: 0.5944 | Nodes: 9 (mean 84.9) | 17.3s/gen | op=and
   21   2688 -8.028571428571429e-01 1.2e+00 6.80e-01  7e-01  7e-01 3:52.7
  Gen   20 | Best: 0.80 (raw: 0.8) | Pop mean: 0.77 | Sigma: 0.6801 | Nodes: 160 (mean 57.9) | 3.3s/gen | op=or
   31   3968 -8.029629629629630e-01 1.3e+00 6.72e-01  7e-01  7e-01 7:24.3
  Gen   30 | Best: 0.80 (raw: 0.8) | Pop mean: 0.79 | Sigma: 0.6721 | Nodes: 576 (mean 476.1) | 21.2s/gen | op=or
   41   5248 -8.239179729862960e-01 1.4e+00 5.78e-01  6e-01  6e-01 12:57.7
  Gen   40 | Best: 0.82 (raw: 0.8) | Pop mean: 0.78 | Sigma: 0.5781 | Nodes: 10 (mean 547.4) | 33.3s/gen | op=and
   51   6528 -8.432416444838805e-01 1.4e+00 5.39e-01  5e-01  5e-01 16:11.1
  Gen   50 | Best: 0.84 (raw: 0.8) | Pop mean: 0.81 | Sigma: 0.5387 | Nodes: 9 (mean 95.5) | 19.3s/gen | op=and
   61   7808 -8.028571428571429e-01 1.5e+00 4.68e-01  5e-01  5e-01 16:33.9
  Gen   60 | Best: 0.80 (raw: 0.8) | Pop mean: 0.78 | Sigma: 0.4683 | Nodes: 160 (mean 43.1) | 2.3s/gen | op=or
   71   9088 -8.058201058201058e-01 1.5e+00 4.50e-01  4e-01  5e-01 18:32.0
  Gen   70 | Best: 0.81 (raw: 0.8) | Pop mean: 0.79 | Sigma: 0.4499 | Nodes: 576 (mean 440.0) | 11.8s/gen | op=or
   81  10368 -8.287488908606921e-01 1.5e+00 3.99e-01  4e-01  4e-01 24:03.7
  Gen   80 | Best: 0.83 (raw: 0.8) | Pop mean: 0.79 | Sigma: 0.3988 | Nodes: 18 (mean 536.7) | 33.2s/gen | op=and
   91  11648 -8.432416444838805e-01 1.5e+00 3.97e-01  4e-01  4e-01 26:42.4
  Gen   90 | Best: 0.84 (raw: 0.8) | Pop mean: 0.82 | Sigma: 0.3972 | Nodes: 9 (mean 56.0) | 15.9s/gen | op=and
Iterat #Fevals   function value  axis ratio  sigma  min&max std  t[m:s]
  101  12928 -8.058201058201058e-01 1.5e+00 3.56e-01  3e-01  4e-01 27:09.9
  Gen  100 | Best: 0.81 (raw: 0.8) | Pop mean: 0.78 | Sigma: 0.3557 | Nodes: 9 (mean 31.0) | 2.7s/gen | op=or
  111  14208 -8.058201058201058e-01 1.6e+00 3.60e-01  3e-01  4e-01 30:44.8
  Gen  110 | Best: 0.81 (raw: 0.8) | Pop mean: 0.79 | Sigma: 0.3598 | Nodes: 576 (mean 502.8) | 21.5s/gen | op=or
  121  15488 -8.432416444838805e-01 1.6e+00 3.19e-01  3e-01  3e-01 36:04.7
  Gen  120 | Best: 0.84 (raw: 0.8) | Pop mean: 0.79 | Sigma: 0.3186 | Nodes: 9 (mean 520.8) | 32.0s/gen | op=and
  131  16768 -8.432416444838805e-01 1.6e+00 3.20e-01  3e-01  3e-01 38:18.7
  Gen  130 | Best: 0.84 (raw: 0.8) | Pop mean: 0.82 | Sigma: 0.3205 | Nodes: 9 (mean 56.4) | 13.4s/gen | op=and
  141  18048 -8.171428571428572e-01 1.6e+00 2.84e-01  3e-01  3e-01 38:36.8
  Gen  140 | Best: 0.82 (raw: 0.8) | Pop mean: 0.78 | Sigma: 0.2843 | Nodes: 144 (mean 60.8) | 1.8s/gen | op=or
  151  19328 -8.142857142857143e-01 1.6e+00 2.70e-01  3e-01  3e-01 39:21.6
  Gen  150 | Best: 0.81 (raw: 0.8) | Pop mean: 0.77 | Sigma: 0.2699 | Nodes: 50 (mean 242.7) | 4.5s/gen | op=or
  161  20608 -8.432416444838805e-01 1.6e+00 2.29e-01  2e-01  2e-01 39:55.3
  Gen  160 | Best: 0.84 (raw: 0.8) | Pop mean: 0.81 | Sigma: 0.2287 | Nodes: 12 (mean 241.0) | 3.4s/gen | op=and
  Gen  170 | Best: 0.84 (raw: 0.8) | Pop mean: 0.81 | Sigma: 0.2159 | Nodes: 16 (mean 42.3) | 1.2s/gen | op=and
  181  23168 -8.171428571428572e-01 1.7e+00 1.81e-01  2e-01  2e-01 40:17.9
  Gen  180 | Best: 0.82 (raw: 0.8) | Pop mean: 0.78 | Sigma: 0.1811 | Nodes: 252 (mean 45.9) | 1.1s/gen | op=or
  191  24448 -8.171428571428572e-01 1.7e+00 1.76e-01  2e-01  2e-01 40:41.0
  Gen  190 | Best: 0.82 (raw: 0.8) | Pop mean: 0.78 | Sigma: 0.1763 | Nodes: 60 (mean 211.9) | 2.3s/gen | op=or
Iterat #Fevals   function value  axis ratio  sigma  min&max std  t[m:s]
  201  25728 -8.341220546189491e-01 1.8e+00 1.55e-01  1e-01  2e-01 41:09.8
  Gen  200 | Best: 0.83 (raw: 0.8) | Pop mean: 0.81 | Sigma: 0.1548 | Nodes: 64 (mean 272.1) | 2.9s/gen | op=and
  Gen  210 | Best: 0.84 (raw: 0.8) | Pop mean: 0.83 | Sigma: 0.1535 | Nodes: 12 (mean 37.1) | 1.0s/gen | op=and
  Gen  220 | Best: 0.81 (raw: 0.8) | Pop mean: 0.76 | Sigma: 0.1364 | Nodes: 26 (mean 37.4) | 0.6s/gen | op=or
  231  29568 -8.342857142857143e-01 1.9e+00 1.30e-01  1e-01  1e-01 41:34.9
  Gen  230 | Best: 0.83 (raw: 0.8) | Pop mean: 0.70 | Sigma: 0.1297 | Nodes: 74 (mean 81.3) | 0.9s/gen | op=or
  Gen  240 | Best: 0.84 (raw: 0.8) | Pop mean: 0.72 | Sigma: 0.1131 | Nodes: 40 (mean 78.9) | 0.6s/gen | op=and
  Gen  250 | Best: 0.84 (raw: 0.8) | Pop mean: 0.81 | Sigma: 0.1157 | Nodes: 40 (mean 66.9) | 0.3s/gen | op=and
  Gen  260 | Best: 0.84 (raw: 0.8) | Pop mean: 0.78 | Sigma: 0.1184 | Nodes: 96 (mean 77.7) | 0.5s/gen | op=or
  Gen  270 | Best: 0.83 (raw: 0.8) | Pop mean: 0.79 | Sigma: 0.1138 | Nodes: 36 (mean 50.2) | 0.5s/gen | op=or
  281  35968 -8.437838903677413e-01 2.0e+00 1.03e-01  9e-02  1e-01 41:56.3
  Gen  280 | Best: 0.84 (raw: 0.8) | Pop mean: 0.77 | Sigma: 0.1029 | Nodes: 40 (mean 60.4) | 0.2s/gen | op=and
  Gen  290 | Best: 0.84 (raw: 0.8) | Pop mean: 0.79 | Sigma: 0.0993 | Nodes: 80 (mean 67.4) | 0.2s/gen | op=and
Iterat #Fevals   function value  axis ratio  sigma  min&max std  t[m:s]
  Gen  300 | Best: 0.83 (raw: 0.8) | Pop mean: 0.78 | Sigma: 0.0970 | Nodes: 50 (mean 62.3) | 0.2s/gen | op=or
  Gen  310 | Best: 0.83 (raw: 0.8) | Pop mean: 0.78 | Sigma: 0.0975 | Nodes: 36 (mean 51.6) | 0.2s/gen | op=or
  Gen  320 | Best: 0.84 (raw: 0.8) | Pop mean: 0.78 | Sigma: 0.0869 | Nodes: 44 (mean 57.6) | 0.3s/gen | op=and
  Gen  330 | Best: 0.84 (raw: 0.8) | Pop mean: 0.81 | Sigma: 0.0939 | Nodes: 80 (mean 63.9) | 0.3s/gen | op=and
  Gen  340 | Best: 0.83 (raw: 0.8) | Pop mean: 0.79 | Sigma: 0.0880 | Nodes: 36 (mean 65.9) | 0.2s/gen | op=or
  Gen  350 | Best: 0.83 (raw: 0.8) | Pop mean: 0.79 | Sigma: 0.0858 | Nodes: 36 (mean 44.4) | 0.2s/gen | op=or
  Gen  360 | Best: 0.84 (raw: 0.8) | Pop mean: 0.81 | Sigma: 0.0788 | Nodes: 48 (mean 45.1) | 0.3s/gen | op=and
  Gen  370 | Best: 0.84 (raw: 0.8) | Pop mean: 0.82 | Sigma: 0.0859 | Nodes: 40 (mean 59.3) | 0.2s/gen | op=and
  381  48768 -8.314285714285714e-01 2.5e+00 9.85e-02  9e-02  1e-01 42:18.8
  Gen  380 | Best: 0.83 (raw: 0.8) | Pop mean: 0.79 | Sigma: 0.0985 | Nodes: 36 (mean 67.1) | 0.2s/gen | op=or
  Gen  390 | Best: 0.83 (raw: 0.8) | Pop mean: 0.78 | Sigma: 0.0941 | Nodes: 36 (mean 48.9) | 0.2s/gen | op=or
Iterat #Fevals   function value  axis ratio  sigma  min&max std  t[m:s]
  Gen  400 | Best: 0.84 (raw: 0.8) | Pop mean: 0.78 | Sigma: 0.0869 | Nodes: 40 (mean 56.6) | 0.4s/gen | op=and
  Gen  410 | Best: 0.84 (raw: 0.8) | Pop mean: 0.83 | Sigma: 0.0928 | Nodes: 40 (mean 62.9) | 0.5s/gen | op=and
  Gen  420 | Best: 0.82 (raw: 0.8) | Pop mean: 0.79 | Sigma: 0.0952 | Nodes: 72 (mean 72.2) | 0.3s/gen | op=or
  Gen  430 | Best: 0.83 (raw: 0.8) | Pop mean: 0.75 | Sigma: 0.0911 | Nodes: 46 (mean 79.2) | 0.3s/gen | op=or
  Gen  440 | Best: 0.84 (raw: 0.8) | Pop mean: 0.77 | Sigma: 0.0798 | Nodes: 40 (mean 79.0) | 0.3s/gen | op=and
  Gen  450 | Best: 0.84 (raw: 0.8) | Pop mean: 0.82 | Sigma: 0.0810 | Nodes: 40 (mean 62.0) | 0.2s/gen | op=and
  461  59008 -8.171428571428572e-01 3.2e+00 7.88e-02  7e-02  8e-02 42:42.2
  Gen  460 | Best: 0.82 (raw: 0.8) | Pop mean: 0.78 | Sigma: 0.0788 | Nodes: 72 (mean 64.9) | 0.2s/gen | op=or
  Gen  470 | Best: 0.82 (raw: 0.8) | Pop mean: 0.72 | Sigma: 0.0793 | Nodes: 72 (mean 82.8) | 0.2s/gen | op=or
  Gen  480 | Best: 0.84 (raw: 0.8) | Pop mean: 0.79 | Sigma: 0.0671 | Nodes: 40 (mean 71.2) | 0.3s/gen | op=and
  Gen  490 | Best: 0.84 (raw: 0.8) | Pop mean: 0.83 | Sigma: 0.0713 | Nodes: 80 (mean 52.9) | 0.2s/gen | op=and
Iterat #Fevals   function value  axis ratio  sigma  min&max std  t[m:s]
  Gen  500 | Best: 0.83 (raw: 0.8) | Pop mean: 0.78 | Sigma: 0.0702 | Nodes: 36 (mean 53.0) | 0.2s/gen | op=or
  Gen  510 | Best: 0.83 (raw: 0.8) | Pop mean: 0.80 | Sigma: 0.0713 | Nodes: 36 (mean 40.8) | 0.2s/gen | op=or
  Gen  520 | Best: 0.84 (raw: 0.8) | Pop mean: 0.82 | Sigma: 0.0637 | Nodes: 40 (mean 42.5) | 0.2s/gen | op=and
  Gen  530 | Best: 0.84 (raw: 0.8) | Pop mean: 0.82 | Sigma: 0.0658 | Nodes: 80 (mean 58.6) | 0.2s/gen | op=and
  Gen  540 | Best: 0.82 (raw: 0.8) | Pop mean: 0.79 | Sigma: 0.0643 | Nodes: 72 (mean 60.6) | 0.2s/gen | op=or
  Gen  550 | Best: 0.82 (raw: 0.8) | Pop mean: 0.74 | Sigma: 0.0656 | Nodes: 72 (mean 87.7) | 0.3s/gen | op=or
  Gen  560 | Best: 0.84 (raw: 0.8) | Pop mean: 0.81 | Sigma: 0.0592 | Nodes: 80 (mean 75.9) | 0.3s/gen | op=and
  Gen  570 | Best: 0.84 (raw: 0.8) | Pop mean: 0.82 | Sigma: 0.0604 | Nodes: 40 (mean 50.0) | 0.2s/gen | op=and
  581  74368 -8.314285714285714e-01 4.3e+00 6.13e-02  5e-02  7e-02 43:07.3
  Gen  580 | Best: 0.83 (raw: 0.8) | Pop mean: 0.78 | Sigma: 0.0613 | Nodes: 36 (mean 55.3) | 0.2s/gen | op=or
  Gen  590 | Best: 0.82 (raw: 0.8) | Pop mean: 0.76 | Sigma: 0.0619 | Nodes: 72 (mean 77.2) | 0.3s/gen | op=or
Iterat #Fevals   function value  axis ratio  sigma  min&max std  t[m:s]
  Gen  600 | Best: 0.84 (raw: 0.8) | Pop mean: 0.77 | Sigma: 0.0537 | Nodes: 40 (mean 75.1) | 0.3s/gen | op=and
  611  78208 -8.437838903677413e-01 4.7e+00 5.47e-02  5e-02  6e-02 43:14.5
  Gen  610 | Best: 0.84 (raw: 0.8) | Pop mean: 0.84 | Sigma: 0.0547 | Nodes: 40 (mean 47.7) | 0.2s/gen | op=and
  Gen  620 | Best: 0.82 (raw: 0.8) | Pop mean: 0.78 | Sigma: 0.0498 | Nodes: 72 (mean 46.2) | 0.2s/gen | op=or
  Gen  630 | Best: 0.83 (raw: 0.8) | Pop mean: 0.74 | Sigma: 0.0510 | Nodes: 72 (mean 79.7) | 0.2s/gen | op=or
  Gen  640 | Best: 0.84 (raw: 0.8) | Pop mean: 0.82 | Sigma: 0.0448 | Nodes: 40 (mean 69.8) | 0.3s/gen | op=and
  651  83328 -8.437838903677413e-01 5.0e+00 4.76e-02  4e-02  5e-02 43:23.5
  Gen  650 | Best: 0.84 (raw: 0.8) | Pop mean: 0.83 | Sigma: 0.0476 | Nodes: 40 (mean 43.6) | 0.2s/gen | op=and
  Gen  660 | Best: 0.82 (raw: 0.8) | Pop mean: 0.78 | Sigma: 0.0432 | Nodes: 72 (mean 42.7) | 0.2s/gen | op=or
  Gen  670 | Best: 0.83 (raw: 0.8) | Pop mean: 0.77 | Sigma: 0.0401 | Nodes: 72 (mean 72.8) | 0.2s/gen | op=or
  Gen  680 | Best: 0.84 (raw: 0.8) | Pop mean: 0.80 | Sigma: 0.0374 | Nodes: 40 (mean 71.0) | 0.2s/gen | op=and
  691  88448 -8.437838903677413e-01 5.5e+00 4.00e-02  3e-02  4e-02 43:31.5
  Gen  690 | Best: 0.84 (raw: 0.8) | Pop mean: 0.84 | Sigma: 0.0400 | Nodes: 40 (mean 46.0) | 0.2s/gen | op=and
Iterat #Fevals   function value  axis ratio  sigma  min&max std  t[m:s]
  Gen  700 | Best: 0.82 (raw: 0.8) | Pop mean: 0.78 | Sigma: 0.0387 | Nodes: 36 (mean 44.4) | 0.2s/gen | op=or
  Gen  710 | Best: 0.83 (raw: 0.8) | Pop mean: 0.76 | Sigma: 0.0387 | Nodes: 72 (mean 75.5) | 0.3s/gen | op=or
  Gen  720 | Best: 0.84 (raw: 0.8) | Pop mean: 0.81 | Sigma: 0.0361 | Nodes: 40 (mean 69.8) | 0.2s/gen | op=and
  731  93568 -8.437838903677413e-01 5.7e+00 3.76e-02  3e-02  4e-02 43:40.1
  Gen  730 | Best: 0.84 (raw: 0.8) | Pop mean: 0.84 | Sigma: 0.0376 | Nodes: 40 (mean 43.5) | 0.2s/gen | op=and
  Gen  740 | Best: 0.82 (raw: 0.8) | Pop mean: 0.78 | Sigma: 0.0379 | Nodes: 36 (mean 41.1) | 0.3s/gen | op=or
  Gen  750 | Best: 0.83 (raw: 0.8) | Pop mean: 0.81 | Sigma: 0.0385 | Nodes: 36 (mean 39.8) | 0.2s/gen | op=or
  Gen  760 | Best: 0.84 (raw: 0.8) | Pop mean: 0.82 | Sigma: 0.0348 | Nodes: 40 (mean 38.4) | 0.2s/gen | op=and
  771  98688 -8.437838903677413e-01 5.8e+00 3.85e-02  3e-02  4e-02 43:47.9
  Gen  770 | Best: 0.84 (raw: 0.8) | Pop mean: 0.83 | Sigma: 0.0385 | Nodes: 40 (mean 47.3) | 0.2s/gen | op=and
  Gen  780 | Best: 0.83 (raw: 0.8) | Pop mean: 0.77 | Sigma: 0.0399 | Nodes: 36 (mean 43.4) | 0.2s/gen | op=or
  Gen  790 | Best: 0.83 (raw: 0.8) | Pop mean: 0.81 | Sigma: 0.0402 | Nodes: 36 (mean 39.6) | 0.2s/gen | op=or
Iterat #Fevals   function value  axis ratio  sigma  min&max std  t[m:s]
  Gen  800 | Best: 0.84 (raw: 0.8) | Pop mean: 0.83 | Sigma: 0.0366 | Nodes: 48 (mean 36.2) | 0.2s/gen | op=and
  811 103808 -8.437838903677413e-01 6.0e+00 3.81e-02  3e-02  4e-02 43:55.3
  Gen  810 | Best: 0.84 (raw: 0.8) | Pop mean: 0.83 | Sigma: 0.0381 | Nodes: 40 (mean 54.4) | 0.2s/gen | op=and
  Gen  820 | Best: 0.82 (raw: 0.8) | Pop mean: 0.77 | Sigma: 0.0370 | Nodes: 36 (mean 50.1) | 0.2s/gen | op=or
  Gen  830 | Best: 0.82 (raw: 0.8) | Pop mean: 0.67 | Sigma: 0.0376 | Nodes: 52 (mean 105.5) | 0.4s/gen | op=or
  Gen  840 | Best: 0.84 (raw: 0.8) | Pop mean: 0.73 | Sigma: 0.0343 | Nodes: 64 (mean 94.7) | 0.3s/gen | op=and
  851 108928 -8.437838903677413e-01 6.0e+00 3.86e-02  3e-02  4e-02 44:05.9
  Gen  850 | Best: 0.84 (raw: 0.8) | Pop mean: 0.83 | Sigma: 0.0386 | Nodes: 40 (mean 47.7) | 0.2s/gen | op=and
  Gen  860 | Best: 0.82 (raw: 0.8) | Pop mean: 0.77 | Sigma: 0.0370 | Nodes: 36 (mean 46.2) | 0.2s/gen | op=or
  Gen  870 | Best: 0.83 (raw: 0.8) | Pop mean: 0.81 | Sigma: 0.0373 | Nodes: 36 (mean 38.8) | 0.2s/gen | op=or
  Gen  880 | Best: 0.84 (raw: 0.8) | Pop mean: 0.81 | Sigma: 0.0339 | Nodes: 80 (mean 42.5) | 0.2s/gen | op=and
  891 114048 -8.437838903677413e-01 6.1e+00 3.69e-02  3e-02  4e-02 44:14.0
  Gen  890 | Best: 0.84 (raw: 0.8) | Pop mean: 0.83 | Sigma: 0.0369 | Nodes: 80 (mean 62.3) | 0.2s/gen | op=and
Iterat #Fevals   function value  axis ratio  sigma  min&max std  t[m:s]
  Gen  900 | Best: 0.82 (raw: 0.8) | Pop mean: 0.77 | Sigma: 0.0365 | Nodes: 72 (mean 50.3) | 0.2s/gen | op=or
  Gen  910 | Best: 0.83 (raw: 0.8) | Pop mean: 0.74 | Sigma: 0.0372 | Nodes: 72 (mean 72.4) | 0.3s/gen | op=or
  Gen  920 | Best: 0.84 (raw: 0.8) | Pop mean: 0.81 | Sigma: 0.0336 | Nodes: 80 (mean 67.1) | 0.2s/gen | op=and
  931 119168 -8.437838903677413e-01 6.4e+00 3.57e-02  3e-02  4e-02 44:23.0
  Gen  930 | Best: 0.84 (raw: 0.8) | Pop mean: 0.84 | Sigma: 0.0357 | Nodes: 40 (mean 44.9) | 0.2s/gen | op=and
  Gen  940 | Best: 0.82 (raw: 0.8) | Pop mean: 0.78 | Sigma: 0.0354 | Nodes: 36 (mean 45.1) | 0.2s/gen | op=or
  Gen  950 | Best: 0.83 (raw: 0.8) | Pop mean: 0.81 | Sigma: 0.0368 | Nodes: 36 (mean 40.6) | 0.2s/gen | op=or
  Gen  960 | Best: 0.84 (raw: 0.8) | Pop mean: 0.82 | Sigma: 0.0338 | Nodes: 40 (mean 38.2) | 0.2s/gen | op=and
  971 124288 -8.437838903677413e-01 6.4e+00 3.66e-02  3e-02  4e-02 44:30.3
  Gen  970 | Best: 0.84 (raw: 0.8) | Pop mean: 0.84 | Sigma: 0.0366 | Nodes: 40 (mean 44.6) | 0.2s/gen | op=and
  Gen  980 | Best: 0.82 (raw: 0.8) | Pop mean: 0.78 | Sigma: 0.0342 | Nodes: 36 (mean 45.1) | 0.2s/gen | op=or
  Gen  990 | Best: 0.84 (raw: 0.8) | Pop mean: 0.80 | Sigma: 0.0358 | Nodes: 36 (mean 40.6) | 0.2s/gen | op=or
Iterat #Fevals   function value  axis ratio  sigma  min&max std  t[m:s]
  Gen 1000 | Best: 0.84 (raw: 0.8) | Pop mean: 0.83 | Sigma: 0.0317 | Nodes: 40 (mean 37.0) | 0.2s/gen | op=and
 1011 129408 -8.437838903677413e-01 6.6e+00 3.28e-02  3e-02  3e-02 44:37.3
  Gen 1010 | Best: 0.84 (raw: 0.8) | Pop mean: 0.84 | Sigma: 0.0328 | Nodes: 40 (mean 44.5) | 0.2s/gen | op=and
  Gen 1020 | Best: 0.82 (raw: 0.8) | Pop mean: 0.78 | Sigma: 0.0334 | Nodes: 36 (mean 51.7) | 0.2s/gen | op=or
  Gen 1030 | Best: 0.83 (raw: 0.8) | Pop mean: 0.81 | Sigma: 0.0342 | Nodes: 36 (mean 39.1) | 0.2s/gen | op=or
 1041 133248 -8.437838903677413e-01 6.6e+00 3.11e-02  2e-02  3e-02 44:42.8
  Gen 1040 | Best: 0.84 (raw: 0.8) | Pop mean: 0.83 | Sigma: 0.0311 | Nodes: 40 (mean 36.6) | 0.2s/gen | op=and
 1051 134528 -8.437838903677413e-01 6.6e+00 3.27e-02  3e-02  3e-02 44:44.5
  Gen 1050 | Best: 0.84 (raw: 0.8) | Pop mean: 0.84 | Sigma: 0.0327 | Nodes: 40 (mean 50.7) | 0.2s/gen | op=and
  Gen 1060 | Best: 0.82 (raw: 0.8) | Pop mean: 0.78 | Sigma: 0.0323 | Nodes: 72 (mean 46.9) | 0.2s/gen | op=or
  Gen 1070 | Best: 0.83 (raw: 0.8) | Pop mean: 0.77 | Sigma: 0.0323 | Nodes: 72 (mean 70.3) | 0.2s/gen | op=or
 1081 138368 -8.437838903677413e-01 6.9e+00 2.87e-02  2e-02  3e-02 44:50.8
  Gen 1080 | Best: 0.84 (raw: 0.8) | Pop mean: 0.82 | Sigma: 0.0287 | Nodes: 40 (mean 71.8) | 0.2s/gen | op=and
 1091 139648 -8.437838903677413e-01 7.0e+00 2.94e-02  2e-02  3e-02 44:52.7
  Gen 1090 | Best: 0.84 (raw: 0.8) | Pop mean: 0.84 | Sigma: 0.0294 | Nodes: 40 (mean 41.4) | 0.2s/gen | op=and
Iterat #Fevals   function value  axis ratio  sigma  min&max std  t[m:s]
 1101 140928 -7.800000000000000e-01 7.0e+00 2.80e-02  2e-02  3e-02 44:54.5
  Gen 1100 | Best: 0.78 (raw: 0.8) | Pop mean: 0.78 | Sigma: 0.0280 | Nodes: 40 (mean 40.3) | 0.2s/gen | op=or
  Gen 1110 | Best: 0.82 (raw: 0.8) | Pop mean: 0.76 | Sigma: 0.0275 | Nodes: 144 (mean 58.9) | 0.2s/gen | op=or
 1121 143488 -8.437838903677413e-01 7.1e+00 2.75e-02  2e-02  3e-02 44:59.2
  Gen 1120 | Best: 0.84 (raw: 0.8) | Pop mean: 0.73 | Sigma: 0.0275 | Nodes: 40 (mean 70.3) | 0.2s/gen | op=and
 1131 144768 -8.437838903677413e-01 7.2e+00 2.71e-02  2e-02  3e-02 45:01.2
  Gen 1130 | Best: 0.84 (raw: 0.8) | Pop mean: 0.84 | Sigma: 0.0271 | Nodes: 40 (mean 48.8) | 0.2s/gen | op=and
  Gen 1140 | Best: 0.82 (raw: 0.8) | Pop mean: 0.78 | Sigma: 0.0269 | Nodes: 72 (mean 44.4) | 0.2s/gen | op=or
  Gen 1150 | Best: 0.80 (raw: 0.8) | Pop mean: 0.75 | Sigma: 0.0264 | Nodes: 80 (mean 64.5) | 0.2s/gen | op=or
 1161 148608 -8.437838903677413e-01 7.1e+00 2.46e-02  2e-02  3e-02 45:07.0
  Gen 1160 | Best: 0.84 (raw: 0.8) | Pop mean: 0.74 | Sigma: 0.0246 | Nodes: 40 (mean 65.8) | 0.2s/gen | op=and
 1171 149888 -8.437838903677413e-01 7.0e+00 2.41e-02  2e-02  3e-02 45:08.9
  Gen 1170 | Best: 0.84 (raw: 0.8) | Pop mean: 0.83 | Sigma: 0.0241 | Nodes: 40 (mean 48.8) | 0.2s/gen | op=and
  Gen 1180 | Best: 0.82 (raw: 0.8) | Pop mean: 0.78 | Sigma: 0.0236 | Nodes: 72 (mean 41.6) | 0.2s/gen | op=or
  Gen 1190 | Best: 0.82 (raw: 0.8) | Pop mean: 0.77 | Sigma: 0.0208 | Nodes: 72 (mean 48.2) | 0.2s/gen | op=or
Iterat #Fevals   function value  axis ratio  sigma  min&max std  t[m:s]
 1201 153728 -8.437838903677413e-01 7.1e+00 2.03e-02  2e-02  2e-02 45:14.5
  Gen 1200 | Best: 0.84 (raw: 0.8) | Pop mean: 0.83 | Sigma: 0.0203 | Nodes: 40 (mean 62.3) | 0.2s/gen | op=and
 1211 155008 -8.437838903677413e-01 7.1e+00 1.99e-02  2e-02  2e-02 45:16.2
  Gen 1210 | Best: 0.84 (raw: 0.8) | Pop mean: 0.83 | Sigma: 0.0199 | Nodes: 40 (mean 42.5) | 0.2s/gen | op=and
 1221 156288 -7.800000000000000e-01 7.1e+00 1.99e-02  2e-02  2e-02 45:18.2
  Gen 1220 | Best: 0.78 (raw: 0.8) | Pop mean: 0.78 | Sigma: 0.0199 | Nodes: 40 (mean 40.0) | 0.2s/gen | op=or
  Gen 1230 | Best: 0.82 (raw: 0.8) | Pop mean: 0.75 | Sigma: 0.0182 | Nodes: 136 (mean 56.2) | 0.2s/gen | op=or
 1241 158848 -8.437838903677413e-01 7.1e+00 1.73e-02  1e-02  2e-02 45:24.3
  Gen 1240 | Best: 0.84 (raw: 0.8) | Pop mean: 0.65 | Sigma: 0.0173 | Nodes: 40 (mean 100.0) | 0.4s/gen | op=and
 1251 160128 -8.437838903677413e-01 7.2e+00 1.75e-02  1e-02  2e-02 45:26.5
  Gen 1250 | Best: 0.84 (raw: 0.8) | Pop mean: 0.84 | Sigma: 0.0175 | Nodes: 40 (mean 40.9) | 0.2s/gen | op=and
  Gen 1260 | Best: 0.79 (raw: 0.8) | Pop mean: 0.78 | Sigma: 0.0157 | Nodes: 36 (mean 40.0) | 0.2s/gen | op=or
  Gen 1270 | Best: 0.80 (raw: 0.8) | Pop mean: 0.72 | Sigma: 0.0156 | Nodes: 64 (mean 73.5) | 0.2s/gen | op=or
 1281 163968 -8.437838903677413e-01 7.2e+00 1.48e-02  1e-02  2e-02 45:34.5
  Gen 1280 | Best: 0.84 (raw: 0.8) | Pop mean: 0.64 | Sigma: 0.0148 | Nodes: 40 (mean 95.3) | 0.4s/gen | op=and
 1291 165248 -8.437838903677413e-01 7.2e+00 1.60e-02  1e-02  2e-02 45:36.9
  Gen 1290 | Best: 0.84 (raw: 0.8) | Pop mean: 0.84 | Sigma: 0.0160 | Nodes: 40 (mean 42.2) | 0.2s/gen | op=and
Iterat #Fevals   function value  axis ratio  sigma  min&max std  t[m:s]
  Gen 1300 | Best: 0.80 (raw: 0.8) | Pop mean: 0.78 | Sigma: 0.0165 | Nodes: 80 (mean 40.6) | 0.2s/gen | op=or
  Gen 1310 | Best: 0.80 (raw: 0.8) | Pop mean: 0.63 | Sigma: 0.0167 | Nodes: 48 (mean 94.8) | 0.2s/gen | op=or
 1321 169088 -8.437838903677413e-01 7.3e+00 1.59e-02  1e-02  2e-02 45:44.4
  Gen 1320 | Best: 0.84 (raw: 0.8) | Pop mean: 0.70 | Sigma: 0.0159 | Nodes: 40 (mean 87.1) | 0.4s/gen | op=and
 1331 170368 -8.437838903677413e-01 7.3e+00 1.63e-02  1e-02  2e-02 45:46.5
  Gen 1330 | Best: 0.84 (raw: 0.8) | Pop mean: 0.84 | Sigma: 0.0163 | Nodes: 40 (mean 44.7) | 0.2s/gen | op=and
  Gen 1340 | Best: 0.82 (raw: 0.8) | Pop mean: 0.78 | Sigma: 0.0166 | Nodes: 36 (mean 40.4) | 0.2s/gen | op=or
  Gen 1350 | Best: 0.78 (raw: 0.8) | Pop mean: 0.78 | Sigma: 0.0148 | Nodes: 40 (mean 40.9) | 0.2s/gen | op=or
 1361 174208 -8.437838903677413e-01 7.3e+00 1.33e-02  1e-02  1e-02 45:51.7
  Gen 1360 | Best: 0.84 (raw: 0.8) | Pop mean: 0.84 | Sigma: 0.0133 | Nodes: 40 (mean 41.7) | 0.2s/gen | op=and
 1371 175488 -8.437838903677413e-01 7.3e+00 1.23e-02  9e-03  1e-02 45:53.4
  Gen 1370 | Best: 0.84 (raw: 0.8) | Pop mean: 0.84 | Sigma: 0.0123 | Nodes: 40 (mean 40.5) | 0.2s/gen | op=and
  Gen 1380 | Best: 0.79 (raw: 0.8) | Pop mean: 0.78 | Sigma: 0.0116 | Nodes: 40 (mean 40.4) | 0.2s/gen | op=or
  Gen 1390 | Best: 0.81 (raw: 0.8) | Pop mean: 0.78 | Sigma: 0.0114 | Nodes: 40 (mean 49.5) | 0.2s/gen | op=or
Iterat #Fevals   function value  axis ratio  sigma  min&max std  t[m:s]
 1401 179328 -8.437838903677413e-01 7.2e+00 1.05e-02  8e-03  1e-02 45:58.8
  Gen 1400 | Best: 0.84 (raw: 0.8) | Pop mean: 0.83 | Sigma: 0.0105 | Nodes: 40 (mean 51.0) | 0.2s/gen | op=and
 1411 180608 -8.437838903677413e-01 7.2e+00 1.03e-02  8e-03  1e-02 46:00.8
  Gen 1410 | Best: 0.84 (raw: 0.8) | Pop mean: 0.84 | Sigma: 0.0103 | Nodes: 40 (mean 43.1) | 0.2s/gen | op=and
 1421 181888 -7.800000000000000e-01 7.2e+00 1.01e-02  8e-03  1e-02 46:02.5
  Gen 1420 | Best: 0.78 (raw: 0.8) | Pop mean: 0.78 | Sigma: 0.0101 | Nodes: 40 (mean 40.4) | 0.2s/gen | op=or
  Gen 1430 | Best: 0.79 (raw: 0.8) | Pop mean: 0.78 | Sigma: 0.0097 | Nodes: 36 (mean 40.8) | 0.2s/gen | op=or
 1441 184448 -8.437838903677413e-01 7.2e+00 8.64e-03  7e-03  9e-03 46:05.9
  Gen 1440 | Best: 0.84 (raw: 0.8) | Pop mean: 0.84 | Sigma: 0.0086 | Nodes: 40 (mean 41.1) | 0.2s/gen | op=and
 1451 185728 -8.437838903677413e-01 7.1e+00 9.30e-03  7e-03  1e-02 46:07.6
  Gen 1450 | Best: 0.84 (raw: 0.8) | Pop mean: 0.84 | Sigma: 0.0093 | Nodes: 40 (mean 40.8) | 0.2s/gen | op=and
 1461 187008 -7.800000000000000e-01 7.2e+00 9.40e-03  7e-03  1e-02 46:09.3
  Gen 1460 | Best: 0.78 (raw: 0.8) | Pop mean: 0.78 | Sigma: 0.0094 | Nodes: 40 (mean 40.3) | 0.2s/gen | op=or
 1471 188288 -7.800000000000000e-01 7.2e+00 9.44e-03  7e-03  1e-02 46:11.0
  Gen 1470 | Best: 0.78 (raw: 0.8) | Pop mean: 0.78 | Sigma: 0.0094 | Nodes: 40 (mean 40.0) | 0.2s/gen | op=or
 1481 189568 -8.437838903677413e-01 7.2e+00 8.92e-03  7e-03  9e-03 46:12.8
  Gen 1480 | Best: 0.84 (raw: 0.8) | Pop mean: 0.84 | Sigma: 0.0089 | Nodes: 40 (mean 40.0) | 0.2s/gen | op=and
 1491 190848 -8.437838903677413e-01 7.2e+00 8.67e-03  6e-03  9e-03 46:14.4
  Gen 1490 | Best: 0.84 (raw: 0.8) | Pop mean: 0.84 | Sigma: 0.0087 | Nodes: 40 (mean 40.0) | 0.2s/gen | op=and
[1788866451] archived 1500 generations | best-ever matches log: True | pop mean matches log: True | final genome matches saved: True | VERIFIED=True

[1788871442] replaying ...
Model ID: 1789384112

Config:
{'CMA_elitist': True, 'NN_transform_node_embedding_during_growth': True, 'additive_update': False, 'arrows': True, 'balanced_weights': False, 'binary_connectivity': False, 'checkpoint_id': None, 'coevolve_initial_embeddings': True, 'dev_mode': 0, 'device': 0, 'early_stopping': False, 'early_stopping_conditions': {'generation': 500, 'objective_value': -3}, 'edge_based_growth': False, 'env_seed': None, 'environment': 'KA_retina', 'evolution_feval_check_N': 10, 'evolution_feval_check_every': 2000, 'extra_nodes': -1, 'fewer_edges': False, 'fewer_nodes': False, 'flattening_stopping': False, 'flattening_stopping_conditions': {'last_generations': 500, 'min_generation': 1500, 'min_std': 5}, 'generations': 1500, 'group': 'default', 'growth_model_bias': True, 'growth_model_last_layer_activated': False, 'histogram_degree': 0, 'initial_embeddings_random': False, 'initial_sparsity': 1, 'layout': 'random_fixed', 'maximise': True, 'minstd': 0.005, 'mlp_embedding_transform_hidden_layers_dims': [5], 'mlp_growth_hidden_layers_dims': [5], 'mlp_weight_values_bias': True, 'mlp_weight_values_hidden_layers_dims': [5], 'mlp_weight_values_last_layer_activated': True, 'nb_episode_evals': 1, 'nb_growth_evals': 1, 'network_thinking_time_extra_growth': 2, 'network_thinking_time_extra_rollout': 3, 'node_based_growth': True, 'node_embedding_size': 3, 'node_pairs_based_growth': False, 'notes experiment': None, 'number_of_growth_cycles': 6, 'optimizer': 'CMAES', 'persistent_observation_rollout': True, 'popsize': 128, 'print_every': 10, 'probabilistic_growth': False, 'project_name': 'Developmental networks', 'prunning_phase': False, 'prunning_threshold': 0.3, 'recurrent_activation_function': 'tanh', 'render': 1, 'return_loss': 0, 'reward_if_graph_too_small': 200, 'save_model': 1, 'seed': 9985617, 'self_link_allowed_during_querying': False, 'shared_intial_embedding': True, 'shared_intial_graph_bool': True, 'sigma_init': 0.5, 'threads': -1, 'transform_model_bias': True, 'transform_model_last_layer_activated': True, 'undirected': True, 'use_torch': False, 'visualise_network': 0, 'x0_dist': 'U[-1,1]', 'log_gen_time': True, 'snapshot': True, 'show': False, 'nb_eval_seeds': 10, 'balanced_fitness': True, 'operation': 'and', 'mvg': True, 'mvg_ops': ['and', 'or'], 'mvg_switch_interval': 20, 'target': 1.0, 'id': '1789384112', '_path': 'saved_models/1789384112'}

Seed:  9985617
Env_seed:  None
The growth model has 111 trainable parameters
(64_w,128)-aCMA-ES (mu_w=34.2,w_1=6%) in dimension 111 (seed=9985617, Mon Sep 14 12:08:32 2026)

.......................................................

Initilisating CMA-ES with 111 trainable parameters 


--- Starting Evolution ---


Using 16 cores

Baseline (untrained x0 DNA): fitness=0.7839 (raw=0.8) | Nodes: 502

Iterat #Fevals   function value  axis ratio  sigma  min&max std  t[m:s]
    1    128 -8.341220546189491e-01 1.0e+00 4.85e-01  5e-01  5e-01 0:24.9
  Gen    0 | Best: 0.83 (raw: 0.8) | Pop mean: 0.66 | Sigma: 0.4854 | Nodes: 128 (mean 342.7) | 2.6s/gen | op=and
   11   1408 -8.432416444838805e-01 1.1e+00 5.59e-01  6e-01  6e-01 1:51.7
  Gen   10 | Best: 0.84 (raw: 0.8) | Pop mean: 0.79 | Sigma: 0.5591 | Nodes: 9 (mean 22.1) | 8.7s/gen | op=and
   21   2688 -8.038800705467373e-01 1.2e+00 6.00e-01  6e-01  6e-01 2:14.3
  Gen   20 | Best: 0.80 (raw: 0.8) | Pop mean: 0.78 | Sigma: 0.5998 | Nodes: 11 (mean 29.3) | 2.3s/gen | op=or
   31   3968 -8.124514991181657e-01 1.3e+00 6.19e-01  6e-01  6e-01 4:10.8
  Gen   30 | Best: 0.81 (raw: 0.8) | Pop mean: 0.79 | Sigma: 0.6192 | Nodes: 9 (mean 383.2) | 11.6s/gen | op=or
   41   5248 -8.341220546189491e-01 1.3e+00 5.80e-01  6e-01  6e-01 9:01.7
  Gen   40 | Best: 0.83 (raw: 0.8) | Pop mean: 0.79 | Sigma: 0.5804 | Nodes: 96 (mean 507.2) | 29.1s/gen | op=and
   51   6528 -8.432416444838805e-01 1.4e+00 6.26e-01  6e-01  6e-01 10:51.5
  Gen   50 | Best: 0.84 (raw: 0.8) | Pop mean: 0.82 | Sigma: 0.6257 | Nodes: 9 (mean 64.4) | 11.0s/gen | op=and
   61   7808 -8.028571428571429e-01 1.4e+00 6.29e-01  6e-01  6e-01 11:12.8
  Gen   60 | Best: 0.80 (raw: 0.8) | Pop mean: 0.78 | Sigma: 0.6287 | Nodes: 320 (mean 16.5) | 2.1s/gen | op=or
   71   9088 -7.972486772486773e-01 1.4e+00 6.62e-01  6e-01  7e-01 14:14.3
  Gen   70 | Best: 0.80 (raw: 0.8) | Pop mean: 0.78 | Sigma: 0.6620 | Nodes: 576 (mean 509.9) | 18.1s/gen | op=or
   81  10368 -8.311643497978902e-01 1.5e+00 5.97e-01  6e-01  6e-01 19:36.3
  Gen   80 | Best: 0.83 (raw: 0.8) | Pop mean: 0.79 | Sigma: 0.5973 | Nodes: 17 (mean 504.9) | 32.2s/gen | op=and
   91  11648 -8.437838903677413e-01 1.5e+00 6.57e-01  6e-01  7e-01 21:39.6
  Gen   90 | Best: 0.84 (raw: 0.8) | Pop mean: 0.82 | Sigma: 0.6571 | Nodes: 40 (mean 31.8) | 12.3s/gen | op=and
Iterat #Fevals   function value  axis ratio  sigma  min&max std  t[m:s]
  101  12928 -8.257142857142857e-01 1.5e+00 6.87e-01  7e-01  7e-01 22:07.0
  Gen  100 | Best: 0.83 (raw: 0.8) | Pop mean: 0.79 | Sigma: 0.6874 | Nodes: 62 (mean 64.6) | 2.7s/gen | op=or
  111  14208 -8.124514991181657e-01 1.5e+00 6.32e-01  6e-01  7e-01 25:19.6
  Gen  110 | Best: 0.81 (raw: 0.8) | Pop mean: 0.79 | Sigma: 0.6321 | Nodes: 11 (mean 394.2) | 19.3s/gen | op=or
  121  15488 -8.432416444838805e-01 1.5e+00 5.63e-01  5e-01  6e-01 29:27.6
  Gen  120 | Best: 0.84 (raw: 0.8) | Pop mean: 0.80 | Sigma: 0.5631 | Nodes: 12 (mean 395.0) | 24.8s/gen | op=and
  131  16768 -8.432416444838805e-01 1.5e+00 5.57e-01  5e-01  6e-01 30:27.3
  Gen  130 | Best: 0.84 (raw: 0.8) | Pop mean: 0.83 | Sigma: 0.5566 | Nodes: 9 (mean 19.5) | 6.0s/gen | op=and
  141  18048 -8.257142857142857e-01 1.6e+00 4.90e-01  5e-01  5e-01 31:42.9
  Gen  140 | Best: 0.83 (raw: 0.8) | Pop mean: 0.78 | Sigma: 0.4896 | Nodes: 42 (mean 33.3) | 7.6s/gen | op=or
  151  19328 -8.285714285714285e-01 1.6e+00 4.66e-01  4e-01  5e-01 35:06.6
  Gen  150 | Best: 0.83 (raw: 0.8) | Pop mean: 0.79 | Sigma: 0.4662 | Nodes: 288 (mean 174.9) | 20.4s/gen | op=or
  161  20608 -8.437838903677413e-01 1.6e+00 4.32e-01  4e-01  4e-01 35:41.7
  Gen  160 | Best: 0.84 (raw: 0.8) | Pop mean: 0.82 | Sigma: 0.4318 | Nodes: 40 (mean 68.5) | 3.5s/gen | op=and
  Gen  170 | Best: 0.84 (raw: 0.8) | Pop mean: 0.82 | Sigma: 0.4230 | Nodes: 40 (mean 45.0) | 1.2s/gen | op=and
  181  23168 -8.171428571428572e-01 1.6e+00 4.08e-01  4e-01  4e-01 36:03.3
  Gen  180 | Best: 0.82 (raw: 0.8) | Pop mean: 0.79 | Sigma: 0.4079 | Nodes: 72 (mean 43.4) | 1.0s/gen | op=or
  Gen  190 | Best: 0.83 (raw: 0.8) | Pop mean: 0.80 | Sigma: 0.3858 | Nodes: 212 (mean 64.4) | 1.2s/gen | op=or
Iterat #Fevals   function value  axis ratio  sigma  min&max std  t[m:s]
  201  25728 -8.437838903677413e-01 1.7e+00 3.47e-01  3e-01  4e-01 36:28.0
  Gen  200 | Best: 0.84 (raw: 0.8) | Pop mean: 0.82 | Sigma: 0.3473 | Nodes: 40 (mean 66.9) | 1.3s/gen | op=and
  Gen  210 | Best: 0.84 (raw: 0.8) | Pop mean: 0.83 | Sigma: 0.3569 | Nodes: 40 (mean 52.1) | 0.9s/gen | op=and
  Gen  220 | Best: 0.83 (raw: 0.8) | Pop mean: 0.79 | Sigma: 0.3697 | Nodes: 78 (mean 54.2) | 0.6s/gen | op=or
  Gen  230 | Best: 0.82 (raw: 0.8) | Pop mean: 0.80 | Sigma: 0.3550 | Nodes: 72 (mean 50.3) | 0.2s/gen | op=or
  241  30848 -8.437838903677413e-01 1.8e+00 3.17e-01  3e-01  3e-01 36:55.6
  Gen  240 | Best: 0.84 (raw: 0.8) | Pop mean: 0.82 | Sigma: 0.3165 | Nodes: 40 (mean 60.5) | 1.0s/gen | op=and
  Gen  250 | Best: 0.84 (raw: 0.8) | Pop mean: 0.83 | Sigma: 0.3167 | Nodes: 40 (mean 49.3) | 0.2s/gen | op=and
  Gen  260 | Best: 0.83 (raw: 0.8) | Pop mean: 0.79 | Sigma: 0.3266 | Nodes: 38 (mean 45.4) | 0.3s/gen | op=or
  Gen  270 | Best: 0.83 (raw: 0.8) | Pop mean: 0.80 | Sigma: 0.3149 | Nodes: 38 (mean 63.6) | 0.3s/gen | op=or
  Gen  280 | Best: 0.84 (raw: 0.8) | Pop mean: 0.83 | Sigma: 0.2879 | Nodes: 40 (mean 63.2) | 0.3s/gen | op=and
  Gen  290 | Best: 0.84 (raw: 0.8) | Pop mean: 0.83 | Sigma: 0.2921 | Nodes: 40 (mean 45.0) | 0.4s/gen | op=and
Iterat #Fevals   function value  axis ratio  sigma  min&max std  t[m:s]
  Gen  300 | Best: 0.84 (raw: 0.8) | Pop mean: 0.79 | Sigma: 0.2949 | Nodes: 78 (mean 50.2) | 0.4s/gen | op=or
  311  39808 -8.314285714285714e-01 2.1e+00 2.87e-01  3e-01  3e-01 37:19.9
  Gen  310 | Best: 0.83 (raw: 0.8) | Pop mean: 0.80 | Sigma: 0.2872 | Nodes: 52 (mean 63.3) | 0.5s/gen | op=or
  Gen  320 | Best: 0.84 (raw: 0.8) | Pop mean: 0.83 | Sigma: 0.2697 | Nodes: 40 (mean 63.2) | 0.6s/gen | op=and
  Gen  330 | Best: 0.84 (raw: 0.8) | Pop mean: 0.83 | Sigma: 0.2772 | Nodes: 40 (mean 46.5) | 0.2s/gen | op=and
  Gen  340 | Best: 0.83 (raw: 0.8) | Pop mean: 0.79 | Sigma: 0.2648 | Nodes: 36 (mean 41.1) | 0.2s/gen | op=or
  Gen  350 | Best: 0.83 (raw: 0.8) | Pop mean: 0.81 | Sigma: 0.2687 | Nodes: 72 (mean 60.7) | 0.2s/gen | op=or
  Gen  360 | Best: 0.84 (raw: 0.8) | Pop mean: 0.82 | Sigma: 0.2476 | Nodes: 40 (mean 59.8) | 0.4s/gen | op=and
  Gen  370 | Best: 0.84 (raw: 0.8) | Pop mean: 0.83 | Sigma: 0.2615 | Nodes: 40 (mean 44.8) | 0.5s/gen | op=and
  381  48768 -8.171428571428572e-01 2.4e+00 2.56e-01  2e-01  3e-01 37:43.8
  Gen  380 | Best: 0.82 (raw: 0.8) | Pop mean: 0.79 | Sigma: 0.2562 | Nodes: 36 (mean 43.4) | 0.4s/gen | op=or
  Gen  390 | Best: 0.82 (raw: 0.8) | Pop mean: 0.80 | Sigma: 0.2725 | Nodes: 112 (mean 52.9) | 0.2s/gen | op=or
Iterat #Fevals   function value  axis ratio  sigma  min&max std  t[m:s]
  Gen  400 | Best: 0.84 (raw: 0.8) | Pop mean: 0.83 | Sigma: 0.2487 | Nodes: 40 (mean 67.1) | 0.2s/gen | op=and
  Gen  410 | Best: 0.84 (raw: 0.8) | Pop mean: 0.83 | Sigma: 0.2515 | Nodes: 40 (mean 47.2) | 0.2s/gen | op=and
  Gen  420 | Best: 0.83 (raw: 0.8) | Pop mean: 0.79 | Sigma: 0.2488 | Nodes: 36 (mean 45.1) | 0.2s/gen | op=or
  Gen  430 | Best: 0.83 (raw: 0.8) | Pop mean: 0.81 | Sigma: 0.2319 | Nodes: 72 (mean 64.7) | 0.2s/gen | op=or
  Gen  440 | Best: 0.84 (raw: 0.8) | Pop mean: 0.83 | Sigma: 0.2097 | Nodes: 40 (mean 61.0) | 0.2s/gen | op=and
  Gen  450 | Best: 0.84 (raw: 0.8) | Pop mean: 0.83 | Sigma: 0.2159 | Nodes: 40 (mean 42.9) | 0.2s/gen | op=and
  Gen  460 | Best: 0.83 (raw: 0.8) | Pop mean: 0.79 | Sigma: 0.2102 | Nodes: 36 (mean 41.5) | 0.2s/gen | op=or
  Gen  470 | Best: 0.83 (raw: 0.8) | Pop mean: 0.81 | Sigma: 0.2137 | Nodes: 72 (mean 60.1) | 0.2s/gen | op=or
  Gen  480 | Best: 0.84 (raw: 0.8) | Pop mean: 0.83 | Sigma: 0.1940 | Nodes: 40 (mean 61.1) | 0.3s/gen | op=and
  491  62848 -8.437838903677413e-01 3.0e+00 2.07e-01  2e-01  2e-01 38:06.6
  Gen  490 | Best: 0.84 (raw: 0.8) | Pop mean: 0.84 | Sigma: 0.2069 | Nodes: 40 (mean 40.5) | 0.3s/gen | op=and
Iterat #Fevals   function value  axis ratio  sigma  min&max std  t[m:s]
  Gen  500 | Best: 0.83 (raw: 0.8) | Pop mean: 0.79 | Sigma: 0.2083 | Nodes: 54 (mean 41.7) | 0.3s/gen | op=or
  Gen  510 | Best: 0.83 (raw: 0.8) | Pop mean: 0.81 | Sigma: 0.2090 | Nodes: 72 (mean 56.3) | 0.3s/gen | op=or
  Gen  520 | Best: 0.84 (raw: 0.8) | Pop mean: 0.83 | Sigma: 0.1830 | Nodes: 40 (mean 61.7) | 0.3s/gen | op=and
  Gen  530 | Best: 0.84 (raw: 0.8) | Pop mean: 0.84 | Sigma: 0.1944 | Nodes: 40 (mean 43.2) | 0.2s/gen | op=and
  Gen  540 | Best: 0.83 (raw: 0.8) | Pop mean: 0.79 | Sigma: 0.2042 | Nodes: 36 (mean 42.8) | 0.2s/gen | op=or
  Gen  550 | Best: 0.82 (raw: 0.8) | Pop mean: 0.81 | Sigma: 0.2007 | Nodes: 72 (mean 60.9) | 0.2s/gen | op=or
  Gen  560 | Best: 0.84 (raw: 0.8) | Pop mean: 0.83 | Sigma: 0.1812 | Nodes: 40 (mean 64.5) | 0.2s/gen | op=and
  571  73088 -8.437838903677413e-01 3.4e+00 2.02e-01  2e-01  2e-01 38:24.8
  Gen  570 | Best: 0.84 (raw: 0.8) | Pop mean: 0.84 | Sigma: 0.2023 | Nodes: 40 (mean 41.0) | 0.2s/gen | op=and
  Gen  580 | Best: 0.82 (raw: 0.8) | Pop mean: 0.79 | Sigma: 0.2194 | Nodes: 72 (mean 41.4) | 0.2s/gen | op=or
  Gen  590 | Best: 0.83 (raw: 0.8) | Pop mean: 0.81 | Sigma: 0.2135 | Nodes: 72 (mean 62.9) | 0.2s/gen | op=or
Iterat #Fevals   function value  axis ratio  sigma  min&max std  t[m:s]
  Gen  600 | Best: 0.84 (raw: 0.8) | Pop mean: 0.83 | Sigma: 0.1924 | Nodes: 40 (mean 64.8) | 0.2s/gen | op=and
  Gen  610 | Best: 0.84 (raw: 0.8) | Pop mean: 0.83 | Sigma: 0.2209 | Nodes: 40 (mean 42.5) | 0.2s/gen | op=and
  Gen  620 | Best: 0.82 (raw: 0.8) | Pop mean: 0.79 | Sigma: 0.2218 | Nodes: 36 (mean 41.5) | 0.2s/gen | op=or
  Gen  630 | Best: 0.82 (raw: 0.8) | Pop mean: 0.81 | Sigma: 0.2215 | Nodes: 72 (mean 59.1) | 0.2s/gen | op=or
  Gen  640 | Best: 0.84 (raw: 0.8) | Pop mean: 0.82 | Sigma: 0.1935 | Nodes: 40 (mean 63.0) | 0.3s/gen | op=and
  Gen  650 | Best: 0.84 (raw: 0.8) | Pop mean: 0.84 | Sigma: 0.2028 | Nodes: 40 (mean 41.6) | 0.3s/gen | op=and
  Gen  660 | Best: 0.83 (raw: 0.8) | Pop mean: 0.78 | Sigma: 0.2039 | Nodes: 40 (mean 41.1) | 0.3s/gen | op=or
  671  85888 -8.314285714285714e-01 3.8e+00 2.03e-01  2e-01  2e-01 38:48.8
  Gen  670 | Best: 0.83 (raw: 0.8) | Pop mean: 0.81 | Sigma: 0.2027 | Nodes: 72 (mean 61.9) | 0.3s/gen | op=or
  Gen  680 | Best: 0.84 (raw: 0.8) | Pop mean: 0.83 | Sigma: 0.1785 | Nodes: 40 (mean 64.0) | 0.2s/gen | op=and
  Gen  690 | Best: 0.84 (raw: 0.8) | Pop mean: 0.84 | Sigma: 0.1868 | Nodes: 40 (mean 41.1) | 0.2s/gen | op=and
Iterat #Fevals   function value  axis ratio  sigma  min&max std  t[m:s]
  Gen  700 | Best: 0.83 (raw: 0.8) | Pop mean: 0.79 | Sigma: 0.1909 | Nodes: 38 (mean 41.1) | 0.2s/gen | op=or
  Gen  710 | Best: 0.83 (raw: 0.8) | Pop mean: 0.80 | Sigma: 0.1866 | Nodes: 36 (mean 59.0) | 0.3s/gen | op=or
  Gen  720 | Best: 0.84 (raw: 0.8) | Pop mean: 0.83 | Sigma: 0.1739 | Nodes: 40 (mean 46.2) | 0.3s/gen | op=and
  Gen  730 | Best: 0.84 (raw: 0.8) | Pop mean: 0.84 | Sigma: 0.1907 | Nodes: 40 (mean 41.3) | 0.2s/gen | op=and
  Gen  740 | Best: 0.83 (raw: 0.8) | Pop mean: 0.78 | Sigma: 0.1848 | Nodes: 36 (mean 39.8) | 0.2s/gen | op=or
  Gen  750 | Best: 0.83 (raw: 0.8) | Pop mean: 0.80 | Sigma: 0.1942 | Nodes: 36 (mean 35.6) | 0.2s/gen | op=or
  Gen  760 | Best: 0.84 (raw: 0.8) | Pop mean: 0.83 | Sigma: 0.1734 | Nodes: 40 (mean 36.7) | 0.2s/gen | op=and
  Gen  770 | Best: 0.84 (raw: 0.8) | Pop mean: 0.84 | Sigma: 0.1864 | Nodes: 40 (mean 39.4) | 0.2s/gen | op=and
  Gen  780 | Best: 0.82 (raw: 0.8) | Pop mean: 0.78 | Sigma: 0.1861 | Nodes: 72 (mean 40.0) | 0.2s/gen | op=or
  791 101248 -8.171428571428572e-01 4.0e+00 1.97e-01  2e-01  2e-01 39:13.9
  Gen  790 | Best: 0.82 (raw: 0.8) | Pop mean: 0.81 | Sigma: 0.1970 | Nodes: 72 (mean 54.6) | 0.2s/gen | op=or
Iterat #Fevals   function value  axis ratio  sigma  min&max std  t[m:s]
  Gen  800 | Best: 0.84 (raw: 0.8) | Pop mean: 0.83 | Sigma: 0.1706 | Nodes: 40 (mean 62.3) | 0.2s/gen | op=and
  Gen  810 | Best: 0.84 (raw: 0.8) | Pop mean: 0.84 | Sigma: 0.1755 | Nodes: 40 (mean 41.6) | 0.2s/gen | op=and
  Gen  820 | Best: 0.83 (raw: 0.8) | Pop mean: 0.78 | Sigma: 0.1654 | Nodes: 42 (mean 41.4) | 0.2s/gen | op=or
  Gen  830 | Best: 0.82 (raw: 0.8) | Pop mean: 0.80 | Sigma: 0.1676 | Nodes: 72 (mean 49.7) | 0.2s/gen | op=or
  Gen  840 | Best: 0.84 (raw: 0.8) | Pop mean: 0.83 | Sigma: 0.1572 | Nodes: 40 (mean 56.6) | 0.2s/gen | op=and
  851 108928 -8.437838903677413e-01 4.2e+00 1.64e-01  1e-01  2e-01 39:24.8
  Gen  850 | Best: 0.84 (raw: 0.8) | Pop mean: 0.84 | Sigma: 0.1643 | Nodes: 40 (mean 44.6) | 0.2s/gen | op=and
  Gen  860 | Best: 0.83 (raw: 0.8) | Pop mean: 0.78 | Sigma: 0.1652 | Nodes: 36 (mean 42.2) | 0.2s/gen | op=or
  Gen  870 | Best: 0.83 (raw: 0.8) | Pop mean: 0.81 | Sigma: 0.1679 | Nodes: 72 (mean 57.7) | 0.2s/gen | op=or
  Gen  880 | Best: 0.84 (raw: 0.8) | Pop mean: 0.83 | Sigma: 0.1538 | Nodes: 40 (mean 59.2) | 0.2s/gen | op=and
  891 114048 -8.437838903677413e-01 4.3e+00 1.67e-01  1e-01  2e-01 39:32.4
  Gen  890 | Best: 0.84 (raw: 0.8) | Pop mean: 0.84 | Sigma: 0.1670 | Nodes: 40 (mean 40.7) | 0.2s/gen | op=and
Iterat #Fevals   function value  axis ratio  sigma  min&max std  t[m:s]
  Gen  900 | Best: 0.83 (raw: 0.8) | Pop mean: 0.78 | Sigma: 0.1628 | Nodes: 36 (mean 41.2) | 0.2s/gen | op=or
  Gen  910 | Best: 0.83 (raw: 0.8) | Pop mean: 0.81 | Sigma: 0.1672 | Nodes: 72 (mean 60.4) | 0.2s/gen | op=or
  Gen  920 | Best: 0.84 (raw: 0.8) | Pop mean: 0.83 | Sigma: 0.1580 | Nodes: 40 (mean 64.5) | 0.2s/gen | op=and
  931 119168 -8.437838903677413e-01 4.5e+00 1.73e-01  1e-01  2e-01 39:39.6
  Gen  930 | Best: 0.84 (raw: 0.8) | Pop mean: 0.84 | Sigma: 0.1726 | Nodes: 40 (mean 42.3) | 0.2s/gen | op=and
  Gen  940 | Best: 0.82 (raw: 0.8) | Pop mean: 0.78 | Sigma: 0.1862 | Nodes: 36 (mean 41.6) | 0.2s/gen | op=or
  Gen  950 | Best: 0.83 (raw: 0.8) | Pop mean: 0.80 | Sigma: 0.1764 | Nodes: 36 (mean 37.5) | 0.2s/gen | op=or
  Gen  960 | Best: 0.84 (raw: 0.8) | Pop mean: 0.83 | Sigma: 0.1511 | Nodes: 40 (mean 36.3) | 0.2s/gen | op=and
  971 124288 -8.437838903677413e-01 4.6e+00 1.60e-01  1e-01  2e-01 39:46.7
  Gen  970 | Best: 0.84 (raw: 0.8) | Pop mean: 0.84 | Sigma: 0.1604 | Nodes: 40 (mean 41.5) | 0.2s/gen | op=and
  Gen  980 | Best: 0.83 (raw: 0.8) | Pop mean: 0.78 | Sigma: 0.1609 | Nodes: 72 (mean 39.9) | 0.2s/gen | op=or
  Gen  990 | Best: 0.83 (raw: 0.8) | Pop mean: 0.80 | Sigma: 0.1727 | Nodes: 72 (mean 51.3) | 0.2s/gen | op=or
Iterat #Fevals   function value  axis ratio  sigma  min&max std  t[m:s]
  Gen 1000 | Best: 0.84 (raw: 0.8) | Pop mean: 0.83 | Sigma: 0.1660 | Nodes: 40 (mean 53.9) | 0.2s/gen | op=and
  Gen 1010 | Best: 0.84 (raw: 0.8) | Pop mean: 0.84 | Sigma: 0.1799 | Nodes: 40 (mean 41.3) | 0.2s/gen | op=and
  Gen 1020 | Best: 0.83 (raw: 0.8) | Pop mean: 0.79 | Sigma: 0.1720 | Nodes: 36 (mean 43.2) | 0.2s/gen | op=or
  Gen 1030 | Best: 0.83 (raw: 0.8) | Pop mean: 0.81 | Sigma: 0.1684 | Nodes: 72 (mean 64.3) | 0.2s/gen | op=or
 1041 133248 -8.437838903677413e-01 4.9e+00 1.58e-01  1e-01  2e-01 39:59.7
  Gen 1040 | Best: 0.84 (raw: 0.8) | Pop mean: 0.83 | Sigma: 0.1579 | Nodes: 40 (mean 63.0) | 0.2s/gen | op=and
 1051 134528 -8.437838903677413e-01 4.9e+00 1.68e-01  1e-01  2e-01 40:01.5
  Gen 1050 | Best: 0.84 (raw: 0.8) | Pop mean: 0.84 | Sigma: 0.1680 | Nodes: 40 (mean 41.4) | 0.2s/gen | op=and
  Gen 1060 | Best: 0.82 (raw: 0.8) | Pop mean: 0.78 | Sigma: 0.1551 | Nodes: 72 (mean 41.3) | 0.2s/gen | op=or
  Gen 1070 | Best: 0.83 (raw: 0.8) | Pop mean: 0.81 | Sigma: 0.1592 | Nodes: 72 (mean 60.2) | 0.2s/gen | op=or
 1081 138368 -8.437838903677413e-01 5.0e+00 1.40e-01  1e-01  2e-01 40:07.0
  Gen 1080 | Best: 0.84 (raw: 0.8) | Pop mean: 0.83 | Sigma: 0.1404 | Nodes: 40 (mean 61.6) | 0.2s/gen | op=and
 1091 139648 -8.437838903677413e-01 5.0e+00 1.62e-01  1e-01  2e-01 40:08.7
  Gen 1090 | Best: 0.84 (raw: 0.8) | Pop mean: 0.84 | Sigma: 0.1620 | Nodes: 40 (mean 43.4) | 0.2s/gen | op=and
Iterat #Fevals   function value  axis ratio  sigma  min&max std  t[m:s]
  Gen 1100 | Best: 0.82 (raw: 0.8) | Pop mean: 0.78 | Sigma: 0.1737 | Nodes: 36 (mean 40.9) | 0.2s/gen | op=or
  Gen 1110 | Best: 0.83 (raw: 0.8) | Pop mean: 0.81 | Sigma: 0.1833 | Nodes: 72 (mean 58.1) | 0.2s/gen | op=or
 1121 143488 -8.437838903677413e-01 5.2e+00 1.60e-01  1e-01  2e-01 40:14.2
  Gen 1120 | Best: 0.84 (raw: 0.8) | Pop mean: 0.83 | Sigma: 0.1597 | Nodes: 40 (mean 59.3) | 0.2s/gen | op=and
 1131 144768 -8.437838903677413e-01 5.2e+00 1.73e-01  1e-01  2e-01 40:16.0
  Gen 1130 | Best: 0.84 (raw: 0.8) | Pop mean: 0.84 | Sigma: 0.1732 | Nodes: 40 (mean 42.6) | 0.2s/gen | op=and
  Gen 1140 | Best: 0.82 (raw: 0.8) | Pop mean: 0.78 | Sigma: 0.1782 | Nodes: 36 (mean 39.9) | 0.2s/gen | op=or
  Gen 1150 | Best: 0.84 (raw: 0.8) | Pop mean: 0.80 | Sigma: 0.1792 | Nodes: 36 (mean 37.2) | 0.2s/gen | op=or
 1161 148608 -8.437838903677413e-01 5.2e+00 1.54e-01  1e-01  2e-01 40:21.2
  Gen 1160 | Best: 0.84 (raw: 0.8) | Pop mean: 0.83 | Sigma: 0.1544 | Nodes: 40 (mean 36.4) | 0.2s/gen | op=and
 1171 149888 -8.437838903677413e-01 5.2e+00 1.71e-01  1e-01  2e-01 40:23.0
  Gen 1170 | Best: 0.84 (raw: 0.8) | Pop mean: 0.84 | Sigma: 0.1708 | Nodes: 40 (mean 44.1) | 0.2s/gen | op=and
  Gen 1180 | Best: 0.82 (raw: 0.8) | Pop mean: 0.78 | Sigma: 0.1706 | Nodes: 36 (mean 39.8) | 0.2s/gen | op=or
  Gen 1190 | Best: 0.83 (raw: 0.8) | Pop mean: 0.80 | Sigma: 0.1727 | Nodes: 36 (mean 36.0) | 0.2s/gen | op=or
Iterat #Fevals   function value  axis ratio  sigma  min&max std  t[m:s]
 1201 153728 -8.437838903677413e-01 5.4e+00 1.48e-01  1e-01  2e-01 40:28.2
  Gen 1200 | Best: 0.84 (raw: 0.8) | Pop mean: 0.83 | Sigma: 0.1485 | Nodes: 40 (mean 36.8) | 0.2s/gen | op=and
 1211 155008 -8.437838903677413e-01 5.4e+00 1.59e-01  1e-01  2e-01 40:29.9
  Gen 1210 | Best: 0.84 (raw: 0.8) | Pop mean: 0.84 | Sigma: 0.1593 | Nodes: 40 (mean 45.0) | 0.2s/gen | op=and
  Gen 1220 | Best: 0.83 (raw: 0.8) | Pop mean: 0.78 | Sigma: 0.1597 | Nodes: 36 (mean 41.2) | 0.2s/gen | op=or
  Gen 1230 | Best: 0.83 (raw: 0.8) | Pop mean: 0.81 | Sigma: 0.1702 | Nodes: 36 (mean 60.6) | 0.2s/gen | op=or
 1241 158848 -8.437838903677413e-01 5.6e+00 1.55e-01  1e-01  2e-01 40:35.4
  Gen 1240 | Best: 0.84 (raw: 0.8) | Pop mean: 0.83 | Sigma: 0.1547 | Nodes: 40 (mean 61.9) | 0.2s/gen | op=and
 1251 160128 -8.437838903677413e-01 5.6e+00 1.72e-01  1e-01  2e-01 40:37.3
  Gen 1250 | Best: 0.84 (raw: 0.8) | Pop mean: 0.84 | Sigma: 0.1716 | Nodes: 40 (mean 42.9) | 0.2s/gen | op=and
  Gen 1260 | Best: 0.83 (raw: 0.8) | Pop mean: 0.78 | Sigma: 0.1685 | Nodes: 36 (mean 40.1) | 0.2s/gen | op=or
  Gen 1270 | Best: 0.83 (raw: 0.8) | Pop mean: 0.80 | Sigma: 0.1723 | Nodes: 38 (mean 36.9) | 0.2s/gen | op=or
 1281 163968 -8.437838903677413e-01 5.7e+00 1.51e-01  1e-01  2e-01 40:42.4
  Gen 1280 | Best: 0.84 (raw: 0.8) | Pop mean: 0.83 | Sigma: 0.1512 | Nodes: 40 (mean 36.8) | 0.2s/gen | op=and
 1291 165248 -8.437838903677413e-01 5.8e+00 1.64e-01  1e-01  2e-01 40:44.1
  Gen 1290 | Best: 0.84 (raw: 0.8) | Pop mean: 0.84 | Sigma: 0.1636 | Nodes: 40 (mean 40.1) | 0.2s/gen | op=and
Iterat #Fevals   function value  axis ratio  sigma  min&max std  t[m:s]
  Gen 1300 | Best: 0.83 (raw: 0.8) | Pop mean: 0.78 | Sigma: 0.1566 | Nodes: 36 (mean 40.1) | 0.2s/gen | op=or
  Gen 1310 | Best: 0.83 (raw: 0.8) | Pop mean: 0.81 | Sigma: 0.1608 | Nodes: 72 (mean 63.5) | 0.2s/gen | op=or
 1321 169088 -8.437838903677413e-01 5.9e+00 1.42e-01  1e-01  2e-01 40:49.6
  Gen 1320 | Best: 0.84 (raw: 0.8) | Pop mean: 0.83 | Sigma: 0.1424 | Nodes: 40 (mean 61.6) | 0.2s/gen | op=and
 1331 170368 -8.437838903677413e-01 5.9e+00 1.53e-01  1e-01  2e-01 40:51.3
  Gen 1330 | Best: 0.84 (raw: 0.8) | Pop mean: 0.84 | Sigma: 0.1525 | Nodes: 40 (mean 39.8) | 0.2s/gen | op=and
  Gen 1340 | Best: 0.83 (raw: 0.8) | Pop mean: 0.78 | Sigma: 0.1542 | Nodes: 36 (mean 39.9) | 0.2s/gen | op=or
  Gen 1350 | Best: 0.83 (raw: 0.8) | Pop mean: 0.81 | Sigma: 0.1589 | Nodes: 72 (mean 62.1) | 0.2s/gen | op=or
 1361 174208 -8.437838903677413e-01 6.0e+00 1.47e-01  1e-01  2e-01 40:56.8
  Gen 1360 | Best: 0.84 (raw: 0.8) | Pop mean: 0.83 | Sigma: 0.1475 | Nodes: 40 (mean 65.1) | 0.2s/gen | op=and
 1371 175488 -8.437838903677413e-01 6.0e+00 1.61e-01  1e-01  2e-01 40:58.6
  Gen 1370 | Best: 0.84 (raw: 0.8) | Pop mean: 0.84 | Sigma: 0.1609 | Nodes: 40 (mean 42.5) | 0.2s/gen | op=and
  Gen 1380 | Best: 0.82 (raw: 0.8) | Pop mean: 0.78 | Sigma: 0.1659 | Nodes: 72 (mean 43.4) | 0.2s/gen | op=or
  Gen 1390 | Best: 0.83 (raw: 0.8) | Pop mean: 0.81 | Sigma: 0.1636 | Nodes: 72 (mean 62.4) | 0.2s/gen | op=or
Iterat #Fevals   function value  axis ratio  sigma  min&max std  t[m:s]
 1401 179328 -8.437838903677413e-01 6.2e+00 1.48e-01  1e-01  2e-01 41:04.1
  Gen 1400 | Best: 0.84 (raw: 0.8) | Pop mean: 0.83 | Sigma: 0.1481 | Nodes: 40 (mean 62.3) | 0.2s/gen | op=and
 1411 180608 -8.437838903677413e-01 6.1e+00 1.75e-01  1e-01  2e-01 41:05.9
  Gen 1410 | Best: 0.84 (raw: 0.8) | Pop mean: 0.84 | Sigma: 0.1751 | Nodes: 40 (mean 40.3) | 0.2s/gen | op=and
  Gen 1420 | Best: 0.82 (raw: 0.8) | Pop mean: 0.78 | Sigma: 0.1756 | Nodes: 72 (mean 42.6) | 0.2s/gen | op=or
  Gen 1430 | Best: 0.83 (raw: 0.8) | Pop mean: 0.81 | Sigma: 0.1659 | Nodes: 72 (mean 67.0) | 0.2s/gen | op=or
 1441 184448 -8.437838903677413e-01 6.4e+00 1.46e-01  1e-01  2e-01 41:11.6
  Gen 1440 | Best: 0.84 (raw: 0.8) | Pop mean: 0.83 | Sigma: 0.1457 | Nodes: 40 (mean 68.1) | 0.2s/gen | op=and
 1451 185728 -8.437838903677413e-01 6.4e+00 1.53e-01  1e-01  2e-01 41:13.3
  Gen 1450 | Best: 0.84 (raw: 0.8) | Pop mean: 0.84 | Sigma: 0.1534 | Nodes: 40 (mean 42.2) | 0.2s/gen | op=and
  Gen 1460 | Best: 0.82 (raw: 0.8) | Pop mean: 0.78 | Sigma: 0.1555 | Nodes: 72 (mean 40.5) | 0.2s/gen | op=or
  Gen 1470 | Best: 0.83 (raw: 0.8) | Pop mean: 0.80 | Sigma: 0.1533 | Nodes: 36 (mean 38.7) | 0.2s/gen | op=or
 1481 189568 -8.437838903677413e-01 6.4e+00 1.36e-01  1e-01  1e-01 41:18.5
  Gen 1480 | Best: 0.84 (raw: 0.8) | Pop mean: 0.83 | Sigma: 0.1360 | Nodes: 40 (mean 42.1) | 0.2s/gen | op=and
 1491 190848 -8.437838903677413e-01 6.4e+00 1.52e-01  1e-01  2e-01 41:20.2
  Gen 1490 | Best: 0.84 (raw: 0.8) | Pop mean: 0.84 | Sigma: 0.1524 | Nodes: 40 (mean 40.9) | 0.2s/gen | op=and
[1788871442] archived 1500 generations | best-ever matches log: True | pop mean matches log: True | final genome matches saved: True | VERIFIED=True
