
=== Scan: FG=0/5 [] | MVG=5/5 [('1786053806', 7318332), ('1788817038', 6550047), ('1788821061', 7766560), ('1788866451', 6779840), ('1788871442', 9985617)] ===

[FG] launching: C:\Users\raduc\miniconda3\envs\ndp\python.exe train.py --conf experiments_paper/retina/run_experiment.yaml --generations 1500 --popsize 128 --balanced-fitness --no-early-stopping --operation and --snapshot
Model ID: 1789303257

Config:
{'dev_mode': 0, 'project_name': 'Developmental networks', 'group': 'default', 'notes experiment': None, 'device': 0, 'return_loss': 0, 'environment': 'KA_retina', 'node_based_growth': True, 'node_pairs_based_growth': False, 'edge_based_growth': False, 'probabilistic_growth': False, 'coevolve_initial_embeddings': True, 'undirected': True, 'node_embedding_size': 3, 'binary_connectivity': False, 'additive_update': False, 'persistent_observation_rollout': True, 'number_of_growth_cycles': 6, 'initial_embeddings_random': False, 'shared_intial_graph_bool': True, 'shared_intial_embedding': True, 'initial_sparsity': 1, 'self_link_allowed_during_querying': False, 'extra_nodes': -1, 'network_thinking_time_extra_growth': 2, 'network_thinking_time_extra_rollout': 3, 'NN_transform_node_embedding_during_growth': True, 'prunning_phase': False, 'prunning_threshold': 0.3, 'fewer_edges': False, 'fewer_nodes': False, 'balanced_weights': False, 'growth_model_last_layer_activated': False, 'transform_model_last_layer_activated': True, 'mlp_weight_values_last_layer_activated': True, 'mlp_growth_hidden_layers_dims': [5], 'mlp_embedding_transform_hidden_layers_dims': [5], 'mlp_weight_values_hidden_layers_dims': [5], 'growth_model_bias': True, 'mlp_weight_values_bias': True, 'transform_model_bias': True, 'recurrent_activation_function': 'tanh', 'use_torch': False, 'optimizer': 'CMAES', 'maximise': True, 'sigma_init': 0.5, 'generations': 1500, 'popsize': 128, 'CMA_elitist': True, 'minstd': 0.005, 'x0_dist': 'U[-1,1]', 'checkpoint_id': None, 'nb_episode_evals': 1, 'nb_growth_evals': 1, 'early_stopping': False, 'early_stopping_conditions': {'generation': 500, 'objective_value': -3}, 'flattening_stopping': False, 'flattening_stopping_conditions': {'min_generation': 1500, 'last_generations': 500, 'min_std': 5}, 'evolution_feval_check_every': 2000, 'evolution_feval_check_N': 10, 'reward_if_graph_too_small': 200, 'threads': -1, 'seed': None, 'env_seed': None, 'save_model': 1, 'render': 1, 'print_every': 10, 'visualise_network': 0, 'histogram_degree': 0, 'layout': 'random_fixed', 'arrows': True, 'log_gen_time': True, 'snapshot': True, 'show': False, 'nb_eval_seeds': 10, 'balanced_fitness': True, 'operation': 'and', 'mvg': False, 'mvg_ops': ['and', 'or'], 'mvg_switch_interval': 20, 'target': 1.0, 'id': '1789303257', '_path': 'saved_models/1789303257'}

Seed:  3410590
Env_seed:  None
The growth model has 111 trainable parameters
(64_w,128)-aCMA-ES (mu_w=34.2,w_1=6%) in dimension 111 (seed=3410590, Sun Sep 13 13:40:57 2026)

.......................................................

Initilisating CMA-ES with 111 trainable parameters 


--- Starting Evolution ---


Using 16 cores

Baseline (untrained x0 DNA): fitness=0.2161 (raw=0.2) | Nodes: 576

Iterat #Fevals   function value  axis ratio  sigma  min&max std  t[m:s]
    1    128 -8.432416444838805e-01 1.0e+00 4.84e-01  5e-01  5e-01 0:32.1
  Gen    0 | Best: 0.84 (raw: 0.8) | Pop mean: 0.43 | Sigma: 0.4840 | Nodes: 9 (mean 429.9) | 3.4s/gen
   11   1408 -8.432416444838805e-01 1.1e+00 5.70e-01  6e-01  6e-01 2:54.0
  Gen   10 | Best: 0.84 (raw: 0.8) | Pop mean: 0.79 | Sigma: 0.5697 | Nodes: 9 (mean 106.4) | 14.2s/gen
   21   2688 -8.432416444838805e-01 1.2e+00 6.07e-01  6e-01  6e-01 3:21.2
  Gen   20 | Best: 0.84 (raw: 0.8) | Pop mean: 0.81 | Sigma: 0.6070 | Nodes: 9 (mean 27.0) | 2.7s/gen
   31   3968 -8.432416444838805e-01 1.3e+00 6.14e-01  6e-01  6e-01 3:43.1
  Gen   30 | Best: 0.84 (raw: 0.8) | Pop mean: 0.82 | Sigma: 0.6141 | Nodes: 9 (mean 18.1) | 2.2s/gen
   41   5248 -8.432416444838805e-01 1.4e+00 6.21e-01  6e-01  6e-01 4:01.4
  Gen   40 | Best: 0.84 (raw: 0.8) | Pop mean: 0.83 | Sigma: 0.6211 | Nodes: 9 (mean 16.4) | 1.8s/gen
   51   6528 -8.432416444838805e-01 1.4e+00 5.83e-01  6e-01  6e-01 4:13.2
  Gen   50 | Best: 0.84 (raw: 0.8) | Pop mean: 0.82 | Sigma: 0.5833 | Nodes: 9 (mean 9.0) | 1.2s/gen
   61   7808 -8.432416444838805e-01 1.5e+00 5.72e-01  6e-01  6e-01 4:17.5
  Gen   60 | Best: 0.84 (raw: 0.8) | Pop mean: 0.83 | Sigma: 0.5724 | Nodes: 9 (mean 9.0) | 0.4s/gen
   71   9088 -8.432416444838805e-01 1.5e+00 5.56e-01  5e-01  6e-01 4:20.3
  Gen   70 | Best: 0.84 (raw: 0.8) | Pop mean: 0.83 | Sigma: 0.5555 | Nodes: 9 (mean 9.0) | 0.3s/gen
   81  10368 -8.432416444838805e-01 1.6e+00 5.80e-01  6e-01  6e-01 4:22.3
  Gen   80 | Best: 0.84 (raw: 0.8) | Pop mean: 0.83 | Sigma: 0.5798 | Nodes: 9 (mean 9.4) | 0.2s/gen
   91  11648 -8.432416444838805e-01 1.6e+00 5.77e-01  6e-01  6e-01 4:27.1
  Gen   90 | Best: 0.84 (raw: 0.8) | Pop mean: 0.83 | Sigma: 0.5771 | Nodes: 9 (mean 20.0) | 0.5s/gen
Iterat #Fevals   function value  axis ratio  sigma  min&max std  t[m:s]
  101  12928 -8.432416444838805e-01 1.6e+00 5.83e-01  6e-01  6e-01 4:31.1
  Gen  100 | Best: 0.84 (raw: 0.8) | Pop mean: 0.83 | Sigma: 0.5829 | Nodes: 16 (mean 12.8) | 0.4s/gen
  111  14208 -8.432416444838805e-01 1.6e+00 5.69e-01  6e-01  6e-01 4:35.6
  Gen  110 | Best: 0.84 (raw: 0.8) | Pop mean: 0.83 | Sigma: 0.5694 | Nodes: 12 (mean 15.4) | 0.5s/gen
  121  15488 -8.432416444838805e-01 1.7e+00 5.60e-01  5e-01  6e-01 4:40.6
  Gen  120 | Best: 0.84 (raw: 0.8) | Pop mean: 0.83 | Sigma: 0.5601 | Nodes: 12 (mean 20.2) | 0.5s/gen
  131  16768 -8.432416444838805e-01 1.7e+00 5.72e-01  6e-01  6e-01 4:43.7
  Gen  130 | Best: 0.84 (raw: 0.8) | Pop mean: 0.83 | Sigma: 0.5720 | Nodes: 9 (mean 28.5) | 0.3s/gen
  141  18048 -8.432416444838805e-01 1.7e+00 5.86e-01  6e-01  6e-01 4:47.3
  Gen  140 | Best: 0.84 (raw: 0.8) | Pop mean: 0.83 | Sigma: 0.5862 | Nodes: 12 (mean 29.5) | 0.4s/gen
  151  19328 -8.432416444838805e-01 1.7e+00 5.71e-01  6e-01  6e-01 4:54.6
  Gen  150 | Best: 0.84 (raw: 0.8) | Pop mean: 0.83 | Sigma: 0.5708 | Nodes: 24 (mean 27.0) | 0.7s/gen
  161  20608 -8.432416444838805e-01 1.8e+00 5.82e-01  6e-01  6e-01 5:01.8
  Gen  160 | Best: 0.84 (raw: 0.8) | Pop mean: 0.83 | Sigma: 0.5816 | Nodes: 24 (mean 22.5) | 0.7s/gen
  171  21888 -8.432416444838805e-01 1.8e+00 6.05e-01  6e-01  6e-01 5:03.4
  Gen  170 | Best: 0.84 (raw: 0.8) | Pop mean: 0.83 | Sigma: 0.6045 | Nodes: 12 (mean 21.9) | 0.2s/gen
  Gen  180 | Best: 0.84 (raw: 0.8) | Pop mean: 0.83 | Sigma: 0.6391 | Nodes: 16 (mean 28.9) | 0.2s/gen
  Gen  190 | Best: 0.84 (raw: 0.8) | Pop mean: 0.84 | Sigma: 0.6079 | Nodes: 9 (mean 27.5) | 0.2s/gen
Iterat #Fevals   function value  axis ratio  sigma  min&max std  t[m:s]
  Gen  200 | Best: 0.84 (raw: 0.8) | Pop mean: 0.84 | Sigma: 0.5324 | Nodes: 24 (mean 24.9) | 0.2s/gen
  Gen  210 | Best: 0.84 (raw: 0.8) | Pop mean: 0.84 | Sigma: 0.4696 | Nodes: 10 (mean 22.6) | 0.2s/gen
  Gen  220 | Best: 0.84 (raw: 0.8) | Pop mean: 0.84 | Sigma: 0.4215 | Nodes: 9 (mean 19.6) | 0.2s/gen
  231  29568 -8.432416444838805e-01 1.9e+00 3.59e-01  3e-01  4e-01 5:13.8
  Gen  230 | Best: 0.84 (raw: 0.8) | Pop mean: 0.84 | Sigma: 0.3593 | Nodes: 12 (mean 18.5) | 0.2s/gen
  241  30848 -8.432416444838805e-01 2.0e+00 3.20e-01  3e-01  3e-01 5:15.3
  Gen  240 | Best: 0.84 (raw: 0.8) | Pop mean: 0.84 | Sigma: 0.3201 | Nodes: 16 (mean 18.8) | 0.2s/gen
  251  32128 -8.432416444838805e-01 2.0e+00 2.90e-01  3e-01  3e-01 5:16.8
  Gen  250 | Best: 0.84 (raw: 0.8) | Pop mean: 0.84 | Sigma: 0.2896 | Nodes: 12 (mean 17.9) | 0.1s/gen
  261  33408 -8.432416444838805e-01 2.0e+00 2.49e-01  2e-01  3e-01 5:18.3
  Gen  260 | Best: 0.84 (raw: 0.8) | Pop mean: 0.84 | Sigma: 0.2488 | Nodes: 12 (mean 14.8) | 0.1s/gen
  271  34688 -8.432416444838805e-01 2.0e+00 2.19e-01  2e-01  2e-01 5:19.8
  Gen  270 | Best: 0.84 (raw: 0.8) | Pop mean: 0.84 | Sigma: 0.2186 | Nodes: 12 (mean 15.4) | 0.1s/gen
  281  35968 -8.432416444838805e-01 2.1e+00 1.88e-01  2e-01  2e-01 5:21.3
  Gen  280 | Best: 0.84 (raw: 0.8) | Pop mean: 0.84 | Sigma: 0.1881 | Nodes: 12 (mean 12.7) | 0.2s/gen
  291  37248 -8.432416444838805e-01 2.0e+00 1.57e-01  1e-01  2e-01 5:22.8
  Gen  290 | Best: 0.84 (raw: 0.8) | Pop mean: 0.84 | Sigma: 0.1565 | Nodes: 12 (mean 12.6) | 0.2s/gen
Iterat #Fevals   function value  axis ratio  sigma  min&max std  t[m:s]
  301  38528 -8.432416444838805e-01 2.1e+00 1.40e-01  1e-01  1e-01 5:24.4
  Gen  300 | Best: 0.84 (raw: 0.8) | Pop mean: 0.84 | Sigma: 0.1402 | Nodes: 12 (mean 12.2) | 0.2s/gen
  311  39808 -8.432416444838805e-01 2.1e+00 1.21e-01  1e-01  1e-01 5:25.9
  Gen  310 | Best: 0.84 (raw: 0.8) | Pop mean: 0.84 | Sigma: 0.1214 | Nodes: 12 (mean 12.4) | 0.2s/gen
  Gen  320 | Best: 0.84 (raw: 0.8) | Pop mean: 0.84 | Sigma: 0.1077 | Nodes: 30 (mean 12.4) | 0.2s/gen
  331  42368 -8.432416444838805e-01 2.1e+00 9.77e-02  9e-02  1e-01 5:29.0
  Gen  330 | Best: 0.84 (raw: 0.8) | Pop mean: 0.84 | Sigma: 0.0977 | Nodes: 12 (mean 15.8) | 0.2s/gen
  341  43648 -8.432416444838805e-01 2.1e+00 8.61e-02  8e-02  9e-02 5:30.6
  Gen  340 | Best: 0.84 (raw: 0.8) | Pop mean: 0.84 | Sigma: 0.0861 | Nodes: 12 (mean 13.8) | 0.2s/gen
  Gen  350 | Best: 0.84 (raw: 0.8) | Pop mean: 0.84 | Sigma: 0.0767 | Nodes: 12 (mean 12.9) | 0.1s/gen
  Gen  360 | Best: 0.84 (raw: 0.8) | Pop mean: 0.84 | Sigma: 0.0672 | Nodes: 12 (mean 15.4) | 0.1s/gen
  Gen  370 | Best: 0.84 (raw: 0.8) | Pop mean: 0.84 | Sigma: 0.0570 | Nodes: 30 (mean 14.7) | 0.2s/gen
  Gen  380 | Best: 0.84 (raw: 0.8) | Pop mean: 0.84 | Sigma: 0.0569 | Nodes: 30 (mean 16.4) | 0.2s/gen
  Gen  390 | Best: 0.84 (raw: 0.8) | Pop mean: 0.84 | Sigma: 0.0581 | Nodes: 30 (mean 28.1) | 0.2s/gen
Iterat #Fevals   function value  axis ratio  sigma  min&max std  t[m:s]
  Gen  400 | Best: 0.84 (raw: 0.8) | Pop mean: 0.84 | Sigma: 0.0576 | Nodes: 30 (mean 36.8) | 0.2s/gen
  411  52608 -8.437838903677413e-01 2.3e+00 5.93e-02  5e-02  6e-02 5:41.2
  Gen  410 | Best: 0.84 (raw: 0.8) | Pop mean: 0.84 | Sigma: 0.0593 | Nodes: 30 (mean 34.4) | 0.2s/gen
  421  53888 -8.437838903677413e-01 2.3e+00 6.38e-02  6e-02  7e-02 5:42.8
  Gen  420 | Best: 0.84 (raw: 0.8) | Pop mean: 0.84 | Sigma: 0.0638 | Nodes: 30 (mean 35.5) | 0.2s/gen
  431  55168 -8.437838903677413e-01 2.3e+00 6.77e-02  6e-02  7e-02 5:44.5
  Gen  430 | Best: 0.84 (raw: 0.8) | Pop mean: 0.84 | Sigma: 0.0677 | Nodes: 80 (mean 38.0) | 0.2s/gen
  441  56448 -8.437838903677413e-01 2.4e+00 6.93e-02  6e-02  7e-02 5:46.1
  Gen  440 | Best: 0.84 (raw: 0.8) | Pop mean: 0.84 | Sigma: 0.0693 | Nodes: 80 (mean 57.7) | 0.2s/gen
  451  57728 -8.437838903677413e-01 2.4e+00 6.77e-02  6e-02  7e-02 5:47.9
  Gen  450 | Best: 0.84 (raw: 0.8) | Pop mean: 0.84 | Sigma: 0.0677 | Nodes: 80 (mean 67.8) | 0.2s/gen
  461  59008 -8.437838903677413e-01 2.4e+00 6.66e-02  6e-02  7e-02 5:49.7
  Gen  460 | Best: 0.84 (raw: 0.8) | Pop mean: 0.84 | Sigma: 0.0666 | Nodes: 80 (mean 76.4) | 0.2s/gen
  471  60288 -8.437838903677413e-01 2.5e+00 6.33e-02  6e-02  7e-02 5:51.6
  Gen  470 | Best: 0.84 (raw: 0.8) | Pop mean: 0.84 | Sigma: 0.0633 | Nodes: 80 (mean 79.0) | 0.2s/gen
  481  61568 -8.437838903677413e-01 2.5e+00 6.47e-02  6e-02  7e-02 5:53.5
  Gen  480 | Best: 0.84 (raw: 0.8) | Pop mean: 0.84 | Sigma: 0.0647 | Nodes: 80 (mean 79.0) | 0.2s/gen
  491  62848 -8.437838903677413e-01 2.6e+00 6.83e-02  6e-02  7e-02 5:55.3
  Gen  490 | Best: 0.84 (raw: 0.8) | Pop mean: 0.84 | Sigma: 0.0683 | Nodes: 80 (mean 76.7) | 0.2s/gen
Iterat #Fevals   function value  axis ratio  sigma  min&max std  t[m:s]
  501  64128 -8.437838903677413e-01 2.6e+00 6.96e-02  6e-02  7e-02 5:57.2
  Gen  500 | Best: 0.84 (raw: 0.8) | Pop mean: 0.84 | Sigma: 0.0696 | Nodes: 80 (mean 79.4) | 0.2s/gen
  511  65408 -8.437838903677413e-01 2.7e+00 6.81e-02  6e-02  7e-02 5:59.1
  Gen  510 | Best: 0.84 (raw: 0.8) | Pop mean: 0.84 | Sigma: 0.0681 | Nodes: 80 (mean 79.1) | 0.2s/gen
  521  66688 -8.437838903677413e-01 2.7e+00 6.66e-02  6e-02  7e-02 6:01.0
  Gen  520 | Best: 0.84 (raw: 0.8) | Pop mean: 0.84 | Sigma: 0.0666 | Nodes: 80 (mean 78.3) | 0.2s/gen
  531  67968 -8.437838903677413e-01 2.7e+00 6.79e-02  6e-02  7e-02 6:02.9
  Gen  530 | Best: 0.84 (raw: 0.8) | Pop mean: 0.84 | Sigma: 0.0679 | Nodes: 80 (mean 79.4) | 0.2s/gen
  541  69248 -8.437838903677413e-01 2.8e+00 6.67e-02  6e-02  7e-02 6:04.8
  Gen  540 | Best: 0.84 (raw: 0.8) | Pop mean: 0.84 | Sigma: 0.0667 | Nodes: 80 (mean 79.7) | 0.2s/gen
  551  70528 -8.437838903677413e-01 2.8e+00 6.52e-02  6e-02  7e-02 6:06.7
  Gen  550 | Best: 0.84 (raw: 0.8) | Pop mean: 0.84 | Sigma: 0.0652 | Nodes: 80 (mean 80.2) | 0.2s/gen
  561  71808 -8.437838903677413e-01 2.8e+00 6.72e-02  6e-02  7e-02 6:08.6
  Gen  560 | Best: 0.84 (raw: 0.8) | Pop mean: 0.84 | Sigma: 0.0672 | Nodes: 80 (mean 79.6) | 0.2s/gen
  571  73088 -8.437838903677413e-01 2.8e+00 6.66e-02  6e-02  7e-02 6:10.4
  Gen  570 | Best: 0.84 (raw: 0.8) | Pop mean: 0.84 | Sigma: 0.0666 | Nodes: 80 (mean 79.6) | 0.2s/gen
  581  74368 -8.437838903677413e-01 2.8e+00 6.99e-02  6e-02  7e-02 6:12.4
  Gen  580 | Best: 0.84 (raw: 0.8) | Pop mean: 0.84 | Sigma: 0.0699 | Nodes: 80 (mean 77.5) | 0.2s/gen
  591  75648 -8.437838903677413e-01 2.8e+00 6.90e-02  6e-02  7e-02 6:14.4
  Gen  590 | Best: 0.84 (raw: 0.8) | Pop mean: 0.84 | Sigma: 0.0690 | Nodes: 80 (mean 79.0) | 0.2s/gen
Iterat #Fevals   function value  axis ratio  sigma  min&max std  t[m:s]
  601  76928 -8.437838903677413e-01 2.8e+00 6.80e-02  6e-02  7e-02 6:16.5
  Gen  600 | Best: 0.84 (raw: 0.8) | Pop mean: 0.84 | Sigma: 0.0680 | Nodes: 80 (mean 78.2) | 0.2s/gen
  611  78208 -8.437838903677413e-01 2.9e+00 6.81e-02  6e-02  7e-02 6:18.5
  Gen  610 | Best: 0.84 (raw: 0.8) | Pop mean: 0.84 | Sigma: 0.0681 | Nodes: 80 (mean 77.4) | 0.2s/gen
  621  79488 -8.437838903677413e-01 2.9e+00 6.67e-02  6e-02  7e-02 6:20.6
  Gen  620 | Best: 0.84 (raw: 0.8) | Pop mean: 0.84 | Sigma: 0.0667 | Nodes: 80 (mean 79.9) | 0.2s/gen
  631  80768 -8.437838903677413e-01 2.9e+00 6.51e-02  6e-02  7e-02 6:22.6
  Gen  630 | Best: 0.84 (raw: 0.8) | Pop mean: 0.84 | Sigma: 0.0651 | Nodes: 80 (mean 80.5) | 0.2s/gen
  641  82048 -8.437838903677413e-01 2.9e+00 6.45e-02  6e-02  7e-02 6:24.6
  Gen  640 | Best: 0.84 (raw: 0.8) | Pop mean: 0.84 | Sigma: 0.0645 | Nodes: 80 (mean 80.6) | 0.2s/gen
  651  83328 -8.437838903677413e-01 2.9e+00 6.52e-02  6e-02  7e-02 6:26.6
  Gen  650 | Best: 0.84 (raw: 0.8) | Pop mean: 0.84 | Sigma: 0.0652 | Nodes: 80 (mean 81.2) | 0.2s/gen
  661  84608 -8.437838903677413e-01 3.0e+00 6.73e-02  6e-02  7e-02 6:28.7
  Gen  660 | Best: 0.84 (raw: 0.8) | Pop mean: 0.84 | Sigma: 0.0673 | Nodes: 80 (mean 80.2) | 0.2s/gen
  671  85888 -8.437838903677413e-01 3.0e+00 6.70e-02  6e-02  7e-02 6:30.7
  Gen  670 | Best: 0.84 (raw: 0.8) | Pop mean: 0.84 | Sigma: 0.0670 | Nodes: 80 (mean 80.2) | 0.2s/gen
  681  87168 -8.437838903677413e-01 3.0e+00 6.59e-02  6e-02  7e-02 6:32.8
  Gen  680 | Best: 0.84 (raw: 0.8) | Pop mean: 0.84 | Sigma: 0.0659 | Nodes: 80 (mean 80.5) | 0.2s/gen
  691  88448 -8.437838903677413e-01 3.0e+00 6.35e-02  5e-02  7e-02 6:34.9
  Gen  690 | Best: 0.84 (raw: 0.8) | Pop mean: 0.84 | Sigma: 0.0635 | Nodes: 80 (mean 79.4) | 0.2s/gen
Iterat #Fevals   function value  axis ratio  sigma  min&max std  t[m:s]
  701  89728 -8.437838903677413e-01 3.0e+00 6.47e-02  6e-02  7e-02 6:37.0
  Gen  700 | Best: 0.84 (raw: 0.8) | Pop mean: 0.84 | Sigma: 0.0647 | Nodes: 80 (mean 79.3) | 0.2s/gen
  711  91008 -8.437838903677413e-01 3.1e+00 6.30e-02  5e-02  6e-02 6:39.0
  Gen  710 | Best: 0.84 (raw: 0.8) | Pop mean: 0.84 | Sigma: 0.0630 | Nodes: 80 (mean 79.0) | 0.2s/gen
  721  92288 -8.437838903677413e-01 3.1e+00 6.14e-02  5e-02  6e-02 6:41.2
  Gen  720 | Best: 0.84 (raw: 0.8) | Pop mean: 0.84 | Sigma: 0.0614 | Nodes: 80 (mean 79.4) | 0.2s/gen
  731  93568 -8.437838903677413e-01 3.1e+00 6.09e-02  5e-02  6e-02 6:43.2
  Gen  730 | Best: 0.84 (raw: 0.8) | Pop mean: 0.84 | Sigma: 0.0609 | Nodes: 80 (mean 79.3) | 0.2s/gen
  741  94848 -8.437838903677413e-01 3.1e+00 5.93e-02  5e-02  6e-02 6:45.3
  Gen  740 | Best: 0.84 (raw: 0.8) | Pop mean: 0.84 | Sigma: 0.0593 | Nodes: 80 (mean 79.5) | 0.2s/gen
  751  96128 -8.437838903677413e-01 3.2e+00 6.07e-02  5e-02  6e-02 6:47.3
  Gen  750 | Best: 0.84 (raw: 0.8) | Pop mean: 0.84 | Sigma: 0.0607 | Nodes: 80 (mean 79.3) | 0.2s/gen
  761  97408 -8.437838903677413e-01 3.2e+00 5.86e-02  5e-02  6e-02 6:49.4
  Gen  760 | Best: 0.84 (raw: 0.8) | Pop mean: 0.84 | Sigma: 0.0586 | Nodes: 80 (mean 78.7) | 0.2s/gen
  771  98688 -8.437838903677413e-01 3.2e+00 6.01e-02  5e-02  6e-02 6:51.4
  Gen  770 | Best: 0.84 (raw: 0.8) | Pop mean: 0.84 | Sigma: 0.0601 | Nodes: 80 (mean 80.5) | 0.2s/gen
  781  99968 -8.437838903677413e-01 3.3e+00 5.67e-02  5e-02  6e-02 6:53.5
  Gen  780 | Best: 0.84 (raw: 0.8) | Pop mean: 0.84 | Sigma: 0.0567 | Nodes: 80 (mean 79.7) | 0.2s/gen
  791 101248 -8.437838903677413e-01 3.3e+00 5.51e-02  5e-02  6e-02 6:55.5
  Gen  790 | Best: 0.84 (raw: 0.8) | Pop mean: 0.84 | Sigma: 0.0551 | Nodes: 80 (mean 79.9) | 0.2s/gen
Iterat #Fevals   function value  axis ratio  sigma  min&max std  t[m:s]
  801 102528 -8.437838903677413e-01 3.3e+00 5.13e-02  4e-02  5e-02 6:57.6
  Gen  800 | Best: 0.84 (raw: 0.8) | Pop mean: 0.84 | Sigma: 0.0513 | Nodes: 80 (mean 80.0) | 0.2s/gen
  811 103808 -8.437838903677413e-01 3.3e+00 5.24e-02  5e-02  5e-02 6:59.7
  Gen  810 | Best: 0.84 (raw: 0.8) | Pop mean: 0.84 | Sigma: 0.0524 | Nodes: 80 (mean 80.0) | 0.2s/gen
  821 105088 -8.437838903677413e-01 3.3e+00 5.42e-02  5e-02  6e-02 7:02.4
  Gen  820 | Best: 0.84 (raw: 0.8) | Pop mean: 0.84 | Sigma: 0.0542 | Nodes: 80 (mean 80.0) | 0.3s/gen
  831 106368 -8.437838903677413e-01 3.3e+00 5.50e-02  5e-02  6e-02 7:04.4
  Gen  830 | Best: 0.84 (raw: 0.8) | Pop mean: 0.84 | Sigma: 0.0550 | Nodes: 80 (mean 80.0) | 0.2s/gen
  841 107648 -8.437838903677413e-01 3.4e+00 5.35e-02  5e-02  6e-02 7:06.3
  Gen  840 | Best: 0.84 (raw: 0.8) | Pop mean: 0.84 | Sigma: 0.0535 | Nodes: 80 (mean 80.0) | 0.2s/gen
  851 108928 -8.437838903677413e-01 3.4e+00 5.38e-02  5e-02  6e-02 7:08.4
  Gen  850 | Best: 0.84 (raw: 0.8) | Pop mean: 0.84 | Sigma: 0.0538 | Nodes: 80 (mean 79.9) | 0.2s/gen
  861 110208 -8.437838903677413e-01 3.4e+00 5.35e-02  5e-02  6e-02 7:10.5
  Gen  860 | Best: 0.84 (raw: 0.8) | Pop mean: 0.84 | Sigma: 0.0535 | Nodes: 80 (mean 80.0) | 0.2s/gen
  871 111488 -8.437838903677413e-01 3.4e+00 5.37e-02  5e-02  6e-02 7:12.6
  Gen  870 | Best: 0.84 (raw: 0.8) | Pop mean: 0.84 | Sigma: 0.0537 | Nodes: 80 (mean 80.0) | 0.2s/gen
  881 112768 -8.437838903677413e-01 3.4e+00 5.50e-02  5e-02  6e-02 7:14.7
  Gen  880 | Best: 0.84 (raw: 0.8) | Pop mean: 0.84 | Sigma: 0.0550 | Nodes: 80 (mean 80.0) | 0.2s/gen
  891 114048 -8.437838903677413e-01 3.4e+00 5.53e-02  5e-02  6e-02 7:16.9
  Gen  890 | Best: 0.84 (raw: 0.8) | Pop mean: 0.84 | Sigma: 0.0553 | Nodes: 80 (mean 80.0) | 0.2s/gen
Iterat #Fevals   function value  axis ratio  sigma  min&max std  t[m:s]
  901 115328 -8.437838903677413e-01 3.4e+00 5.73e-02  5e-02  6e-02 7:18.9
  Gen  900 | Best: 0.84 (raw: 0.8) | Pop mean: 0.84 | Sigma: 0.0573 | Nodes: 80 (mean 80.0) | 0.2s/gen
  911 116608 -8.437838903677413e-01 3.4e+00 5.54e-02  5e-02  6e-02 7:21.0
  Gen  910 | Best: 0.84 (raw: 0.8) | Pop mean: 0.84 | Sigma: 0.0554 | Nodes: 80 (mean 80.0) | 0.2s/gen
  921 117888 -8.437838903677413e-01 3.4e+00 5.39e-02  5e-02  6e-02 7:23.0
  Gen  920 | Best: 0.84 (raw: 0.8) | Pop mean: 0.84 | Sigma: 0.0539 | Nodes: 80 (mean 79.7) | 0.2s/gen
  931 119168 -8.437838903677413e-01 3.4e+00 5.46e-02  5e-02  6e-02 7:25.1
  Gen  930 | Best: 0.84 (raw: 0.8) | Pop mean: 0.84 | Sigma: 0.0546 | Nodes: 80 (mean 80.0) | 0.2s/gen
  941 120448 -8.437838903677413e-01 3.4e+00 5.35e-02  5e-02  6e-02 7:27.1
  Gen  940 | Best: 0.84 (raw: 0.8) | Pop mean: 0.84 | Sigma: 0.0535 | Nodes: 80 (mean 80.0) | 0.2s/gen
  951 121728 -8.437838903677413e-01 3.4e+00 5.36e-02  5e-02  6e-02 7:29.1
  Gen  950 | Best: 0.84 (raw: 0.8) | Pop mean: 0.84 | Sigma: 0.0536 | Nodes: 80 (mean 80.0) | 0.2s/gen
  961 123008 -8.437838903677413e-01 3.4e+00 5.49e-02  5e-02  6e-02 7:31.1
  Gen  960 | Best: 0.84 (raw: 0.8) | Pop mean: 0.84 | Sigma: 0.0549 | Nodes: 80 (mean 79.7) | 0.2s/gen
  971 124288 -8.437838903677413e-01 3.4e+00 5.69e-02  5e-02  6e-02 7:33.3
  Gen  970 | Best: 0.84 (raw: 0.8) | Pop mean: 0.84 | Sigma: 0.0569 | Nodes: 80 (mean 80.0) | 0.2s/gen
  981 125568 -8.437838903677413e-01 3.4e+00 5.35e-02  5e-02  6e-02 7:35.4
  Gen  980 | Best: 0.84 (raw: 0.8) | Pop mean: 0.84 | Sigma: 0.0535 | Nodes: 80 (mean 79.7) | 0.2s/gen
  991 126848 -8.437838903677413e-01 3.4e+00 5.43e-02  5e-02  6e-02 7:37.5
  Gen  990 | Best: 0.84 (raw: 0.8) | Pop mean: 0.84 | Sigma: 0.0543 | Nodes: 80 (mean 79.9) | 0.2s/gen
Iterat #Fevals   function value  axis ratio  sigma  min&max std  t[m:s]
 1001 128128 -8.437838903677413e-01 3.4e+00 5.44e-02  5e-02  6e-02 7:39.5
  Gen 1000 | Best: 0.84 (raw: 0.8) | Pop mean: 0.84 | Sigma: 0.0544 | Nodes: 80 (mean 80.1) | 0.2s/gen
 1011 129408 -8.437838903677413e-01 3.4e+00 5.39e-02  5e-02  6e-02 7:41.6
  Gen 1010 | Best: 0.84 (raw: 0.8) | Pop mean: 0.84 | Sigma: 0.0539 | Nodes: 80 (mean 79.8) | 0.2s/gen
 1021 130688 -8.437838903677413e-01 3.4e+00 5.38e-02  5e-02  6e-02 7:43.8
  Gen 1020 | Best: 0.84 (raw: 0.8) | Pop mean: 0.84 | Sigma: 0.0538 | Nodes: 80 (mean 79.6) | 0.2s/gen
 1031 131968 -8.437838903677413e-01 3.5e+00 5.49e-02  5e-02  6e-02 7:45.8
  Gen 1030 | Best: 0.84 (raw: 0.8) | Pop mean: 0.84 | Sigma: 0.0549 | Nodes: 80 (mean 79.4) | 0.2s/gen
 1041 133248 -8.437838903677413e-01 3.5e+00 5.37e-02  5e-02  6e-02 7:47.9
  Gen 1040 | Best: 0.84 (raw: 0.8) | Pop mean: 0.84 | Sigma: 0.0537 | Nodes: 80 (mean 79.9) | 0.2s/gen
 1051 134528 -8.437838903677413e-01 3.5e+00 4.97e-02  4e-02  5e-02 7:49.9
  Gen 1050 | Best: 0.84 (raw: 0.8) | Pop mean: 0.84 | Sigma: 0.0497 | Nodes: 80 (mean 79.9) | 0.2s/gen
 1061 135808 -8.437838903677413e-01 3.5e+00 4.97e-02  4e-02  5e-02 7:52.0
  Gen 1060 | Best: 0.84 (raw: 0.8) | Pop mean: 0.84 | Sigma: 0.0497 | Nodes: 80 (mean 80.0) | 0.2s/gen
 1071 137088 -8.437838903677413e-01 3.5e+00 5.20e-02  4e-02  6e-02 7:54.1
  Gen 1070 | Best: 0.84 (raw: 0.8) | Pop mean: 0.84 | Sigma: 0.0520 | Nodes: 80 (mean 80.5) | 0.2s/gen
 1081 138368 -8.437838903677413e-01 3.6e+00 4.86e-02  4e-02  5e-02 7:56.1
  Gen 1080 | Best: 0.84 (raw: 0.8) | Pop mean: 0.84 | Sigma: 0.0486 | Nodes: 80 (mean 79.9) | 0.2s/gen
 1091 139648 -8.437838903677413e-01 3.6e+00 4.76e-02  4e-02  5e-02 7:58.2
  Gen 1090 | Best: 0.84 (raw: 0.8) | Pop mean: 0.84 | Sigma: 0.0476 | Nodes: 80 (mean 80.0) | 0.2s/gen
Iterat #Fevals   function value  axis ratio  sigma  min&max std  t[m:s]
 1101 140928 -8.437838903677413e-01 3.6e+00 4.71e-02  4e-02  5e-02 8:00.4
  Gen 1100 | Best: 0.84 (raw: 0.8) | Pop mean: 0.84 | Sigma: 0.0471 | Nodes: 80 (mean 80.0) | 0.2s/gen
 1111 142208 -8.437838903677413e-01 3.6e+00 5.00e-02  4e-02  5e-02 8:02.4
  Gen 1110 | Best: 0.84 (raw: 0.8) | Pop mean: 0.84 | Sigma: 0.0500 | Nodes: 80 (mean 80.0) | 0.2s/gen
 1121 143488 -8.437838903677413e-01 3.7e+00 5.16e-02  4e-02  6e-02 8:04.6
  Gen 1120 | Best: 0.84 (raw: 0.8) | Pop mean: 0.84 | Sigma: 0.0516 | Nodes: 80 (mean 80.0) | 0.2s/gen
 1131 144768 -8.437838903677413e-01 3.7e+00 5.22e-02  4e-02  6e-02 8:06.6
  Gen 1130 | Best: 0.84 (raw: 0.8) | Pop mean: 0.84 | Sigma: 0.0522 | Nodes: 80 (mean 79.6) | 0.2s/gen
 1141 146048 -8.437838903677413e-01 3.7e+00 5.15e-02  4e-02  6e-02 8:08.7
  Gen 1140 | Best: 0.84 (raw: 0.8) | Pop mean: 0.84 | Sigma: 0.0515 | Nodes: 80 (mean 79.7) | 0.2s/gen
 1151 147328 -8.437838903677413e-01 3.7e+00 5.35e-02  5e-02  6e-02 8:10.8
  Gen 1150 | Best: 0.84 (raw: 0.8) | Pop mean: 0.84 | Sigma: 0.0535 | Nodes: 80 (mean 77.8) | 0.2s/gen
 1161 148608 -8.437838903677413e-01 3.7e+00 5.11e-02  4e-02  6e-02 8:12.8
  Gen 1160 | Best: 0.84 (raw: 0.8) | Pop mean: 0.84 | Sigma: 0.0511 | Nodes: 80 (mean 79.9) | 0.2s/gen
 1171 149888 -8.437838903677413e-01 3.7e+00 4.92e-02  4e-02  5e-02 8:14.9
  Gen 1170 | Best: 0.84 (raw: 0.8) | Pop mean: 0.84 | Sigma: 0.0492 | Nodes: 80 (mean 79.8) | 0.2s/gen
 1181 151168 -8.437838903677413e-01 3.7e+00 5.05e-02  4e-02  5e-02 8:16.9
  Gen 1180 | Best: 0.84 (raw: 0.8) | Pop mean: 0.84 | Sigma: 0.0505 | Nodes: 80 (mean 80.0) | 0.2s/gen
 1191 152448 -8.437838903677413e-01 3.8e+00 4.80e-02  4e-02  5e-02 8:19.0
  Gen 1190 | Best: 0.84 (raw: 0.8) | Pop mean: 0.84 | Sigma: 0.0480 | Nodes: 80 (mean 80.0) | 0.2s/gen
Iterat #Fevals   function value  axis ratio  sigma  min&max std  t[m:s]
 1201 153728 -8.437838903677413e-01 3.8e+00 4.49e-02  4e-02  5e-02 8:21.0
  Gen 1200 | Best: 0.84 (raw: 0.8) | Pop mean: 0.84 | Sigma: 0.0449 | Nodes: 80 (mean 80.0) | 0.2s/gen
 1211 155008 -8.437838903677413e-01 3.8e+00 4.48e-02  4e-02  5e-02 8:23.1
  Gen 1210 | Best: 0.84 (raw: 0.8) | Pop mean: 0.84 | Sigma: 0.0448 | Nodes: 80 (mean 80.0) | 0.2s/gen
 1221 156288 -8.437838903677413e-01 3.8e+00 4.53e-02  4e-02  5e-02 8:25.1
  Gen 1220 | Best: 0.84 (raw: 0.8) | Pop mean: 0.84 | Sigma: 0.0453 | Nodes: 80 (mean 80.0) | 0.2s/gen
 1231 157568 -8.437838903677413e-01 3.9e+00 4.56e-02  4e-02  5e-02 8:27.2
  Gen 1230 | Best: 0.84 (raw: 0.8) | Pop mean: 0.84 | Sigma: 0.0456 | Nodes: 80 (mean 80.0) | 0.2s/gen
 1241 158848 -8.437838903677413e-01 3.9e+00 4.82e-02  4e-02  5e-02 8:29.3
  Gen 1240 | Best: 0.84 (raw: 0.8) | Pop mean: 0.84 | Sigma: 0.0482 | Nodes: 80 (mean 79.7) | 0.2s/gen
 1251 160128 -8.437838903677413e-01 3.9e+00 4.91e-02  4e-02  5e-02 8:31.4
  Gen 1250 | Best: 0.84 (raw: 0.8) | Pop mean: 0.84 | Sigma: 0.0491 | Nodes: 80 (mean 80.2) | 0.2s/gen
 1261 161408 -8.437838903677413e-01 3.9e+00 4.59e-02  4e-02  5e-02 8:33.5
  Gen 1260 | Best: 0.84 (raw: 0.8) | Pop mean: 0.84 | Sigma: 0.0459 | Nodes: 80 (mean 80.0) | 0.2s/gen
 1271 162688 -8.437838903677413e-01 3.9e+00 4.59e-02  4e-02  5e-02 8:35.5
  Gen 1270 | Best: 0.84 (raw: 0.8) | Pop mean: 0.84 | Sigma: 0.0459 | Nodes: 80 (mean 80.0) | 0.2s/gen
 1281 163968 -8.437838903677413e-01 3.9e+00 4.74e-02  4e-02  5e-02 8:37.6
  Gen 1280 | Best: 0.84 (raw: 0.8) | Pop mean: 0.84 | Sigma: 0.0474 | Nodes: 80 (mean 80.0) | 0.2s/gen
 1291 165248 -8.437838903677413e-01 3.9e+00 4.59e-02  4e-02  5e-02 8:39.7
  Gen 1290 | Best: 0.84 (raw: 0.8) | Pop mean: 0.84 | Sigma: 0.0459 | Nodes: 80 (mean 79.9) | 0.2s/gen
Iterat #Fevals   function value  axis ratio  sigma  min&max std  t[m:s]
 1301 166528 -8.437838903677413e-01 3.9e+00 4.14e-02  4e-02  4e-02 8:41.8
  Gen 1300 | Best: 0.84 (raw: 0.8) | Pop mean: 0.84 | Sigma: 0.0414 | Nodes: 80 (mean 79.7) | 0.2s/gen
 1311 167808 -8.437838903677413e-01 3.9e+00 4.08e-02  4e-02  4e-02 8:43.9
  Gen 1310 | Best: 0.84 (raw: 0.8) | Pop mean: 0.84 | Sigma: 0.0408 | Nodes: 80 (mean 80.0) | 0.2s/gen
 1321 169088 -8.437838903677413e-01 3.9e+00 4.02e-02  3e-02  4e-02 8:46.0
  Gen 1320 | Best: 0.84 (raw: 0.8) | Pop mean: 0.84 | Sigma: 0.0402 | Nodes: 80 (mean 80.0) | 0.2s/gen
 1331 170368 -8.437838903677413e-01 3.9e+00 4.31e-02  4e-02  5e-02 8:48.1
  Gen 1330 | Best: 0.84 (raw: 0.8) | Pop mean: 0.84 | Sigma: 0.0431 | Nodes: 80 (mean 80.0) | 0.2s/gen
 1341 171648 -8.437838903677413e-01 4.0e+00 4.17e-02  4e-02  5e-02 8:50.2
  Gen 1340 | Best: 0.84 (raw: 0.8) | Pop mean: 0.84 | Sigma: 0.0417 | Nodes: 80 (mean 79.8) | 0.2s/gen
 1351 172928 -8.437838903677413e-01 4.0e+00 4.07e-02  3e-02  4e-02 8:52.2
  Gen 1350 | Best: 0.84 (raw: 0.8) | Pop mean: 0.84 | Sigma: 0.0407 | Nodes: 80 (mean 80.0) | 0.2s/gen
 1361 174208 -8.437838903677413e-01 4.0e+00 4.17e-02  4e-02  5e-02 8:54.4
  Gen 1360 | Best: 0.84 (raw: 0.8) | Pop mean: 0.84 | Sigma: 0.0417 | Nodes: 80 (mean 80.0) | 0.2s/gen
 1371 175488 -8.437838903677413e-01 4.0e+00 4.06e-02  3e-02  4e-02 8:56.5
  Gen 1370 | Best: 0.84 (raw: 0.8) | Pop mean: 0.84 | Sigma: 0.0406 | Nodes: 80 (mean 80.2) | 0.2s/gen
 1381 176768 -8.437838903677413e-01 4.0e+00 4.26e-02  4e-02  5e-02 8:58.5
  Gen 1380 | Best: 0.84 (raw: 0.8) | Pop mean: 0.84 | Sigma: 0.0426 | Nodes: 80 (mean 80.0) | 0.2s/gen
 1391 178048 -8.437838903677413e-01 4.0e+00 4.18e-02  4e-02  5e-02 9:00.6
  Gen 1390 | Best: 0.84 (raw: 0.8) | Pop mean: 0.84 | Sigma: 0.0418 | Nodes: 80 (mean 80.0) | 0.2s/gen
Iterat #Fevals   function value  axis ratio  sigma  min&max std  t[m:s]
 1401 179328 -8.437838903677413e-01 4.0e+00 4.37e-02  4e-02  5e-02 9:02.7
  Gen 1400 | Best: 0.84 (raw: 0.8) | Pop mean: 0.84 | Sigma: 0.0437 | Nodes: 80 (mean 80.0) | 0.2s/gen
 1411 180608 -8.437838903677413e-01 4.0e+00 4.58e-02  4e-02  5e-02 9:04.8
  Gen 1410 | Best: 0.84 (raw: 0.8) | Pop mean: 0.84 | Sigma: 0.0458 | Nodes: 80 (mean 80.0) | 0.2s/gen
 1421 181888 -8.437838903677413e-01 4.1e+00 4.83e-02  4e-02  5e-02 9:06.9
  Gen 1420 | Best: 0.84 (raw: 0.8) | Pop mean: 0.84 | Sigma: 0.0483 | Nodes: 80 (mean 80.0) | 0.2s/gen
 1431 183168 -8.437838903677413e-01 4.1e+00 5.01e-02  4e-02  5e-02 9:09.5
  Gen 1430 | Best: 0.84 (raw: 0.8) | Pop mean: 0.84 | Sigma: 0.0501 | Nodes: 80 (mean 80.0) | 0.3s/gen
 1441 184448 -8.437838903677413e-01 4.1e+00 5.37e-02  5e-02  6e-02 9:11.6
  Gen 1440 | Best: 0.84 (raw: 0.8) | Pop mean: 0.84 | Sigma: 0.0537 | Nodes: 80 (mean 80.0) | 0.2s/gen
 1451 185728 -8.437838903677413e-01 4.1e+00 5.56e-02  5e-02  6e-02 9:13.5
  Gen 1450 | Best: 0.84 (raw: 0.8) | Pop mean: 0.84 | Sigma: 0.0556 | Nodes: 80 (mean 79.4) | 0.2s/gen
 1461 187008 -8.437838903677413e-01 4.1e+00 5.39e-02  5e-02  6e-02 9:15.7
  Gen 1460 | Best: 0.84 (raw: 0.8) | Pop mean: 0.84 | Sigma: 0.0539 | Nodes: 80 (mean 79.7) | 0.2s/gen
 1471 188288 -8.437838903677413e-01 4.1e+00 5.19e-02  4e-02  6e-02 9:17.8
  Gen 1470 | Best: 0.84 (raw: 0.8) | Pop mean: 0.84 | Sigma: 0.0519 | Nodes: 80 (mean 80.2) | 0.2s/gen
 1481 189568 -8.437838903677413e-01 4.2e+00 5.18e-02  4e-02  6e-02 9:19.9
  Gen 1480 | Best: 0.84 (raw: 0.8) | Pop mean: 0.84 | Sigma: 0.0518 | Nodes: 80 (mean 80.0) | 0.2s/gen
 1491 190848 -8.437838903677413e-01 4.2e+00 5.30e-02  5e-02  6e-02 9:21.9
  Gen 1490 | Best: 0.84 (raw: 0.8) | Pop mean: 0.84 | Sigma: 0.0530 | Nodes: 80 (mean 79.7) | 0.2s/gen

Evolution took:  566  seconds

========Optimizer output:==========================
Best single loss found (peak, any goal) was -0.8437838903677413
Best population centroid loss found was -0.843783890367741
===================================================


Saving models and config file — Run ID 1789303257

Final model has 111 parameters
Graph snapshot saved to saved_models/1789303257/graph_best.png

Running environment for best solution...

Checksum of initial network state before growth: 7.685872728136943
Checksum of graph G before growth: -0.44128150673003175
The seed graph (before growth) has 9 nodes and 16 edges.
Checksum of network state after growth: 15.517448422876207
Checksum of graph G after growth: 308.251856801474
The final grown graph has 30 nodes and 330 edges.
KA_retina retina fitness (op=and, balanced): 0.8438 (raw 201 / 256)

(mean) Episode reward for 1 env rollouts: 0.8437838903677413

Checksum of initial network state before growth: 7.685872728136943
Checksum of graph G before growth: -0.44128150673003175
The seed graph (before growth) has 9 nodes and 16 edges.
Checksum of network state after growth: 15.517448422876207
Checksum of graph G after growth: 308.251856801474
The final grown graph has 30 nodes and 330 edges.
KA_retina retina fitness (op=and, balanced): 0.8438 (raw 201 / 256)

(mean) Episode reward for 1 env rollouts: 0.8437838903677413

Checksum of initial network state before growth: 7.685872728136943
Checksum of graph G before growth: -0.44128150673003175
The seed graph (before growth) has 9 nodes and 16 edges.
Checksum of network state after growth: 15.517448422876207
Checksum of graph G after growth: 308.251856801474
The final grown graph has 30 nodes and 330 edges.
KA_retina retina fitness (op=and, balanced): 0.8438 (raw 201 / 256)

(mean) Episode reward for 1 env rollouts: 0.8437838903677413

-------

(mean) Episodes reward for 3 runs: 0.8437838903677412

---------------------------------------------


Running environment for centroid solution...

Running environment for centroid solution...

BYE! - ID: 1789303257
[FG] completed: run 1789303257

=== Scan: FG=1/5 [('1789303257', 3410590)] | MVG=5/5 [('1786053806', 7318332), ('1788817038', 6550047), ('1788821061', 7766560), ('1788866451', 6779840), ('1788871442', 9985617)] ===

[FG] launching: C:\Users\raduc\miniconda3\envs\ndp\python.exe train.py --conf experiments_paper/retina/run_experiment.yaml --generations 1500 --popsize 128 --balanced-fitness --no-early-stopping --operation and --snapshot
Model ID: 1789303833

Config:
{'dev_mode': 0, 'project_name': 'Developmental networks', 'group': 'default', 'notes experiment': None, 'device': 0, 'return_loss': 0, 'environment': 'KA_retina', 'node_based_growth': True, 'node_pairs_based_growth': False, 'edge_based_growth': False, 'probabilistic_growth': False, 'coevolve_initial_embeddings': True, 'undirected': True, 'node_embedding_size': 3, 'binary_connectivity': False, 'additive_update': False, 'persistent_observation_rollout': True, 'number_of_growth_cycles': 6, 'initial_embeddings_random': False, 'shared_intial_graph_bool': True, 'shared_intial_embedding': True, 'initial_sparsity': 1, 'self_link_allowed_during_querying': False, 'extra_nodes': -1, 'network_thinking_time_extra_growth': 2, 'network_thinking_time_extra_rollout': 3, 'NN_transform_node_embedding_during_growth': True, 'prunning_phase': False, 'prunning_threshold': 0.3, 'fewer_edges': False, 'fewer_nodes': False, 'balanced_weights': False, 'growth_model_last_layer_activated': False, 'transform_model_last_layer_activated': True, 'mlp_weight_values_last_layer_activated': True, 'mlp_growth_hidden_layers_dims': [5], 'mlp_embedding_transform_hidden_layers_dims': [5], 'mlp_weight_values_hidden_layers_dims': [5], 'growth_model_bias': True, 'mlp_weight_values_bias': True, 'transform_model_bias': True, 'recurrent_activation_function': 'tanh', 'use_torch': False, 'optimizer': 'CMAES', 'maximise': True, 'sigma_init': 0.5, 'generations': 1500, 'popsize': 128, 'CMA_elitist': True, 'minstd': 0.005, 'x0_dist': 'U[-1,1]', 'checkpoint_id': None, 'nb_episode_evals': 1, 'nb_growth_evals': 1, 'early_stopping': False, 'early_stopping_conditions': {'generation': 500, 'objective_value': -3}, 'flattening_stopping': False, 'flattening_stopping_conditions': {'min_generation': 1500, 'last_generations': 500, 'min_std': 5}, 'evolution_feval_check_every': 2000, 'evolution_feval_check_N': 10, 'reward_if_graph_too_small': 200, 'threads': -1, 'seed': None, 'env_seed': None, 'save_model': 1, 'render': 1, 'print_every': 10, 'visualise_network': 0, 'histogram_degree': 0, 'layout': 'random_fixed', 'arrows': True, 'log_gen_time': True, 'snapshot': True, 'show': False, 'nb_eval_seeds': 10, 'balanced_fitness': True, 'operation': 'and', 'mvg': False, 'mvg_ops': ['and', 'or'], 'mvg_switch_interval': 20, 'target': 1.0, 'id': '1789303833', '_path': 'saved_models/1789303833'}

Seed:  7345678
Env_seed:  None
The growth model has 111 trainable parameters
(64_w,128)-aCMA-ES (mu_w=34.2,w_1=6%) in dimension 111 (seed=7345678, Sun Sep 13 13:50:33 2026)

.......................................................

Initilisating CMA-ES with 111 trainable parameters 


--- Starting Evolution ---


Using 16 cores

Baseline (untrained x0 DNA): fitness=0.7839 (raw=0.8) | Nodes: 9

Iterat #Fevals   function value  axis ratio  sigma  min&max std  t[m:s]
    1    128 -8.432416444838805e-01 1.0e+00 4.87e-01  5e-01  5e-01 0:08.5
  Gen    0 | Best: 0.84 (raw: 0.8) | Pop mean: 0.50 | Sigma: 0.4872 | Nodes: 9 (mean 50.4) | 0.9s/gen
   11   1408 -8.432416444838805e-01 1.1e+00 5.37e-01  5e-01  5e-01 0:40.6
  Gen   10 | Best: 0.84 (raw: 0.8) | Pop mean: 0.82 | Sigma: 0.5367 | Nodes: 9 (mean 24.2) | 3.2s/gen
   21   2688 -8.432416444838805e-01 1.2e+00 5.61e-01  6e-01  6e-01 1:01.2
  Gen   20 | Best: 0.84 (raw: 0.8) | Pop mean: 0.82 | Sigma: 0.5606 | Nodes: 9 (mean 18.1) | 2.1s/gen
   31   3968 -8.432416444838805e-01 1.3e+00 5.63e-01  6e-01  6e-01 1:24.0
  Gen   30 | Best: 0.84 (raw: 0.8) | Pop mean: 0.82 | Sigma: 0.5631 | Nodes: 9 (mean 47.5) | 2.3s/gen
   41   5248 -8.432416444838805e-01 1.3e+00 5.41e-01  5e-01  6e-01 1:49.9
  Gen   40 | Best: 0.84 (raw: 0.8) | Pop mean: 0.82 | Sigma: 0.5411 | Nodes: 12 (mean 40.0) | 2.6s/gen
   51   6528 -8.432416444838805e-01 1.4e+00 5.41e-01  5e-01  6e-01 2:12.4
  Gen   50 | Best: 0.84 (raw: 0.8) | Pop mean: 0.83 | Sigma: 0.5405 | Nodes: 9 (mean 31.3) | 2.3s/gen
   61   7808 -8.432416444838805e-01 1.4e+00 5.41e-01  5e-01  6e-01 2:27.3
  Gen   60 | Best: 0.84 (raw: 0.8) | Pop mean: 0.83 | Sigma: 0.5408 | Nodes: 20 (mean 18.1) | 1.5s/gen
   71   9088 -8.437838903677413e-01 1.5e+00 5.74e-01  6e-01  6e-01 2:53.9
  Gen   70 | Best: 0.84 (raw: 0.8) | Pop mean: 0.82 | Sigma: 0.5743 | Nodes: 40 (mean 42.5) | 2.7s/gen
   81  10368 -8.432416444838805e-01 1.5e+00 5.82e-01  6e-01  6e-01 3:10.2
  Gen   80 | Best: 0.84 (raw: 0.8) | Pop mean: 0.83 | Sigma: 0.5818 | Nodes: 36 (mean 42.9) | 1.6s/gen
   91  11648 -8.432416444838805e-01 1.6e+00 5.11e-01  5e-01  5e-01 3:27.3
  Gen   90 | Best: 0.84 (raw: 0.8) | Pop mean: 0.83 | Sigma: 0.5112 | Nodes: 9 (mean 32.4) | 1.7s/gen
Iterat #Fevals   function value  axis ratio  sigma  min&max std  t[m:s]
  Gen  100 | Best: 0.84 (raw: 0.8) | Pop mean: 0.83 | Sigma: 0.4345 | Nodes: 16 (mean 26.5) | 0.8s/gen
  111  14208 -8.432416444838805e-01 1.7e+00 3.99e-01  4e-01  4e-01 3:37.6
  Gen  110 | Best: 0.84 (raw: 0.8) | Pop mean: 0.82 | Sigma: 0.3989 | Nodes: 12 (mean 28.4) | 0.3s/gen
  Gen  120 | Best: 0.84 (raw: 0.8) | Pop mean: 0.83 | Sigma: 0.3482 | Nodes: 32 (mean 24.1) | 0.2s/gen
  Gen  130 | Best: 0.84 (raw: 0.8) | Pop mean: 0.83 | Sigma: 0.3041 | Nodes: 12 (mean 26.4) | 0.3s/gen
  Gen  140 | Best: 0.84 (raw: 0.8) | Pop mean: 0.84 | Sigma: 0.2674 | Nodes: 24 (mean 30.8) | 0.2s/gen
  Gen  150 | Best: 0.84 (raw: 0.8) | Pop mean: 0.83 | Sigma: 0.2303 | Nodes: 24 (mean 27.6) | 0.2s/gen
  161  20608 -8.437838903677413e-01 1.7e+00 1.97e-01  2e-01  2e-01 3:49.6
  Gen  160 | Best: 0.84 (raw: 0.8) | Pop mean: 0.83 | Sigma: 0.1971 | Nodes: 64 (mean 37.8) | 0.3s/gen
  Gen  170 | Best: 0.84 (raw: 0.8) | Pop mean: 0.84 | Sigma: 0.1646 | Nodes: 48 (mean 31.6) | 0.3s/gen
  Gen  180 | Best: 0.84 (raw: 0.8) | Pop mean: 0.84 | Sigma: 0.1450 | Nodes: 16 (mean 31.8) | 0.3s/gen
  Gen  190 | Best: 0.84 (raw: 0.8) | Pop mean: 0.84 | Sigma: 0.1275 | Nodes: 40 (mean 28.9) | 0.2s/gen
Iterat #Fevals   function value  axis ratio  sigma  min&max std  t[m:s]
  Gen  200 | Best: 0.84 (raw: 0.8) | Pop mean: 0.83 | Sigma: 0.1211 | Nodes: 96 (mean 39.4) | 0.3s/gen
  211  27008 -8.432416444838805e-01 1.8e+00 1.03e-01  1e-01  1e-01 4:04.1
  Gen  210 | Best: 0.84 (raw: 0.8) | Pop mean: 0.83 | Sigma: 0.1032 | Nodes: 12 (mean 38.1) | 0.3s/gen
  Gen  220 | Best: 0.84 (raw: 0.8) | Pop mean: 0.83 | Sigma: 0.0961 | Nodes: 80 (mean 56.1) | 0.2s/gen
  Gen  230 | Best: 0.84 (raw: 0.8) | Pop mean: 0.83 | Sigma: 0.0896 | Nodes: 9 (mean 28.9) | 0.3s/gen
  Gen  240 | Best: 0.84 (raw: 0.8) | Pop mean: 0.83 | Sigma: 0.0783 | Nodes: 24 (mean 31.5) | 0.3s/gen
  Gen  250 | Best: 0.84 (raw: 0.8) | Pop mean: 0.84 | Sigma: 0.0756 | Nodes: 38 (mean 34.9) | 0.2s/gen
  Gen  260 | Best: 0.84 (raw: 0.8) | Pop mean: 0.84 | Sigma: 0.0677 | Nodes: 12 (mean 38.1) | 0.2s/gen
  271  34688 -8.432416444838805e-01 2.1e+00 6.15e-02  6e-02  7e-02 4:18.2
  Gen  270 | Best: 0.84 (raw: 0.8) | Pop mean: 0.84 | Sigma: 0.0615 | Nodes: 24 (mean 32.5) | 0.2s/gen
  Gen  280 | Best: 0.84 (raw: 0.8) | Pop mean: 0.84 | Sigma: 0.0574 | Nodes: 24 (mean 28.4) | 0.2s/gen
  Gen  290 | Best: 0.84 (raw: 0.8) | Pop mean: 0.83 | Sigma: 0.0536 | Nodes: 48 (mean 36.8) | 0.2s/gen
Iterat #Fevals   function value  axis ratio  sigma  min&max std  t[m:s]
  Gen  300 | Best: 0.84 (raw: 0.8) | Pop mean: 0.84 | Sigma: 0.0533 | Nodes: 80 (mean 37.1) | 0.2s/gen
  Gen  310 | Best: 0.84 (raw: 0.8) | Pop mean: 0.83 | Sigma: 0.0601 | Nodes: 80 (mean 54.9) | 0.2s/gen
  Gen  320 | Best: 0.84 (raw: 0.8) | Pop mean: 0.84 | Sigma: 0.0602 | Nodes: 64 (mean 63.8) | 0.2s/gen
  331  42368 -8.437838903677413e-01 2.2e+00 5.86e-02  5e-02  7e-02 4:29.6
  Gen  330 | Best: 0.84 (raw: 0.8) | Pop mean: 0.84 | Sigma: 0.0586 | Nodes: 80 (mean 66.9) | 0.2s/gen
  341  43648 -8.437838903677413e-01 2.2e+00 6.07e-02  6e-02  7e-02 4:31.8
  Gen  340 | Best: 0.84 (raw: 0.8) | Pop mean: 0.84 | Sigma: 0.0607 | Nodes: 80 (mean 72.2) | 0.2s/gen
  351  44928 -8.437838903677413e-01 2.3e+00 6.35e-02  6e-02  7e-02 4:34.0
  Gen  350 | Best: 0.84 (raw: 0.8) | Pop mean: 0.84 | Sigma: 0.0635 | Nodes: 80 (mean 68.6) | 0.2s/gen
  361  46208 -8.437838903677413e-01 2.3e+00 6.15e-02  6e-02  7e-02 4:36.0
  Gen  360 | Best: 0.84 (raw: 0.8) | Pop mean: 0.84 | Sigma: 0.0615 | Nodes: 64 (mean 68.0) | 0.2s/gen
  371  47488 -8.437838903677413e-01 2.3e+00 6.11e-02  6e-02  7e-02 4:38.0
  Gen  370 | Best: 0.84 (raw: 0.8) | Pop mean: 0.84 | Sigma: 0.0611 | Nodes: 80 (mean 67.7) | 0.2s/gen
  381  48768 -8.437838903677413e-01 2.3e+00 6.52e-02  6e-02  7e-02 4:40.1
  Gen  380 | Best: 0.84 (raw: 0.8) | Pop mean: 0.84 | Sigma: 0.0652 | Nodes: 80 (mean 73.2) | 0.2s/gen
  391  50048 -8.437838903677413e-01 2.3e+00 6.34e-02  6e-02  7e-02 4:42.1
  Gen  390 | Best: 0.84 (raw: 0.8) | Pop mean: 0.84 | Sigma: 0.0634 | Nodes: 40 (mean 69.9) | 0.2s/gen
Iterat #Fevals   function value  axis ratio  sigma  min&max std  t[m:s]
  401  51328 -8.437838903677413e-01 2.3e+00 6.32e-02  6e-02  7e-02 4:44.1
  Gen  400 | Best: 0.84 (raw: 0.8) | Pop mean: 0.84 | Sigma: 0.0632 | Nodes: 88 (mean 69.2) | 0.2s/gen
  411  52608 -8.437838903677413e-01 2.3e+00 6.00e-02  5e-02  7e-02 4:46.2
  Gen  410 | Best: 0.84 (raw: 0.8) | Pop mean: 0.84 | Sigma: 0.0600 | Nodes: 64 (mean 74.7) | 0.2s/gen
  421  53888 -8.437838903677413e-01 2.3e+00 6.56e-02  6e-02  7e-02 4:48.4
  Gen  420 | Best: 0.84 (raw: 0.8) | Pop mean: 0.84 | Sigma: 0.0656 | Nodes: 80 (mean 71.9) | 0.2s/gen
  431  55168 -8.437838903677413e-01 2.3e+00 6.67e-02  6e-02  7e-02 4:50.5
  Gen  430 | Best: 0.84 (raw: 0.8) | Pop mean: 0.84 | Sigma: 0.0667 | Nodes: 96 (mean 68.4) | 0.2s/gen
  441  56448 -8.437838903677413e-01 2.3e+00 6.79e-02  6e-02  7e-02 4:52.5
  Gen  440 | Best: 0.84 (raw: 0.8) | Pop mean: 0.84 | Sigma: 0.0679 | Nodes: 80 (mean 73.8) | 0.2s/gen
  451  57728 -8.437838903677413e-01 2.3e+00 6.58e-02  6e-02  7e-02 4:54.5
  Gen  450 | Best: 0.84 (raw: 0.8) | Pop mean: 0.84 | Sigma: 0.0658 | Nodes: 80 (mean 71.4) | 0.2s/gen
  461  59008 -8.437838903677413e-01 2.3e+00 6.32e-02  6e-02  7e-02 4:56.7
  Gen  460 | Best: 0.84 (raw: 0.8) | Pop mean: 0.84 | Sigma: 0.0632 | Nodes: 64 (mean 76.2) | 0.2s/gen
  471  60288 -8.437838903677413e-01 2.3e+00 6.08e-02  5e-02  7e-02 4:59.1
  Gen  470 | Best: 0.84 (raw: 0.8) | Pop mean: 0.84 | Sigma: 0.0608 | Nodes: 64 (mean 74.9) | 0.2s/gen
  481  61568 -8.437838903677413e-01 2.4e+00 5.83e-02  5e-02  6e-02 5:01.5
  Gen  480 | Best: 0.84 (raw: 0.8) | Pop mean: 0.84 | Sigma: 0.0583 | Nodes: 64 (mean 73.7) | 0.2s/gen
  491  62848 -8.437838903677413e-01 2.4e+00 5.89e-02  5e-02  6e-02 5:03.7
  Gen  490 | Best: 0.84 (raw: 0.8) | Pop mean: 0.84 | Sigma: 0.0589 | Nodes: 80 (mean 76.8) | 0.2s/gen
Iterat #Fevals   function value  axis ratio  sigma  min&max std  t[m:s]
  501  64128 -8.437838903677413e-01 2.4e+00 5.97e-02  5e-02  6e-02 5:06.1
  Gen  500 | Best: 0.84 (raw: 0.8) | Pop mean: 0.84 | Sigma: 0.0597 | Nodes: 80 (mean 74.8) | 0.2s/gen
  511  65408 -8.437838903677413e-01 2.4e+00 5.60e-02  5e-02  6e-02 5:08.5
  Gen  510 | Best: 0.84 (raw: 0.8) | Pop mean: 0.84 | Sigma: 0.0560 | Nodes: 80 (mean 77.8) | 0.2s/gen
  521  66688 -8.437838903677413e-01 2.4e+00 5.60e-02  5e-02  6e-02 5:10.7
  Gen  520 | Best: 0.84 (raw: 0.8) | Pop mean: 0.84 | Sigma: 0.0560 | Nodes: 64 (mean 79.2) | 0.2s/gen
  531  67968 -8.437838903677413e-01 2.4e+00 5.37e-02  5e-02  6e-02 5:13.1
  Gen  530 | Best: 0.84 (raw: 0.8) | Pop mean: 0.84 | Sigma: 0.0537 | Nodes: 80 (mean 77.2) | 0.2s/gen
  541  69248 -8.437838903677413e-01 2.4e+00 5.13e-02  5e-02  5e-02 5:15.5
  Gen  540 | Best: 0.84 (raw: 0.8) | Pop mean: 0.84 | Sigma: 0.0513 | Nodes: 96 (mean 79.3) | 0.2s/gen
  551  70528 -8.437838903677413e-01 2.4e+00 5.03e-02  4e-02  5e-02 5:17.7
  Gen  550 | Best: 0.84 (raw: 0.8) | Pop mean: 0.84 | Sigma: 0.0503 | Nodes: 80 (mean 74.4) | 0.2s/gen
  561  71808 -8.437838903677413e-01 2.4e+00 4.86e-02  4e-02  5e-02 5:20.0
  Gen  560 | Best: 0.84 (raw: 0.8) | Pop mean: 0.84 | Sigma: 0.0486 | Nodes: 80 (mean 76.3) | 0.2s/gen
  571  73088 -8.437838903677413e-01 2.4e+00 4.47e-02  4e-02  5e-02 5:22.4
  Gen  570 | Best: 0.84 (raw: 0.8) | Pop mean: 0.84 | Sigma: 0.0447 | Nodes: 96 (mean 76.8) | 0.2s/gen
  581  74368 -8.437838903677413e-01 2.4e+00 4.32e-02  4e-02  5e-02 5:24.7
  Gen  580 | Best: 0.84 (raw: 0.8) | Pop mean: 0.84 | Sigma: 0.0432 | Nodes: 80 (mean 77.9) | 0.2s/gen
  591  75648 -8.437838903677413e-01 2.4e+00 4.28e-02  4e-02  5e-02 5:26.9
  Gen  590 | Best: 0.84 (raw: 0.8) | Pop mean: 0.84 | Sigma: 0.0428 | Nodes: 64 (mean 77.3) | 0.2s/gen
Iterat #Fevals   function value  axis ratio  sigma  min&max std  t[m:s]
  601  76928 -8.437838903677413e-01 2.5e+00 4.05e-02  4e-02  4e-02 5:29.1
  Gen  600 | Best: 0.84 (raw: 0.8) | Pop mean: 0.84 | Sigma: 0.0405 | Nodes: 80 (mean 76.8) | 0.2s/gen
  611  78208 -8.437838903677413e-01 2.5e+00 4.08e-02  4e-02  4e-02 5:31.4
  Gen  610 | Best: 0.84 (raw: 0.8) | Pop mean: 0.84 | Sigma: 0.0408 | Nodes: 80 (mean 77.0) | 0.2s/gen
  621  79488 -8.437838903677413e-01 2.5e+00 4.06e-02  4e-02  4e-02 5:33.5
  Gen  620 | Best: 0.84 (raw: 0.8) | Pop mean: 0.84 | Sigma: 0.0406 | Nodes: 80 (mean 72.4) | 0.2s/gen
  631  80768 -8.437838903677413e-01 2.5e+00 3.78e-02  3e-02  4e-02 5:35.5
  Gen  630 | Best: 0.84 (raw: 0.8) | Pop mean: 0.84 | Sigma: 0.0378 | Nodes: 80 (mean 73.8) | 0.2s/gen
  641  82048 -8.437838903677413e-01 2.5e+00 3.84e-02  3e-02  4e-02 5:37.7
  Gen  640 | Best: 0.84 (raw: 0.8) | Pop mean: 0.84 | Sigma: 0.0384 | Nodes: 64 (mean 72.6) | 0.2s/gen
  651  83328 -8.437838903677413e-01 2.5e+00 3.89e-02  3e-02  4e-02 5:39.8
  Gen  650 | Best: 0.84 (raw: 0.8) | Pop mean: 0.84 | Sigma: 0.0389 | Nodes: 80 (mean 74.6) | 0.2s/gen
  661  84608 -8.437838903677413e-01 2.5e+00 3.81e-02  3e-02  4e-02 5:42.0
  Gen  660 | Best: 0.84 (raw: 0.8) | Pop mean: 0.84 | Sigma: 0.0381 | Nodes: 80 (mean 76.6) | 0.2s/gen
  671  85888 -8.437838903677413e-01 2.5e+00 3.83e-02  3e-02  4e-02 5:44.1
  Gen  670 | Best: 0.84 (raw: 0.8) | Pop mean: 0.84 | Sigma: 0.0383 | Nodes: 64 (mean 77.7) | 0.2s/gen
  681  87168 -8.437838903677413e-01 2.5e+00 3.95e-02  3e-02  4e-02 5:46.3
  Gen  680 | Best: 0.84 (raw: 0.8) | Pop mean: 0.84 | Sigma: 0.0395 | Nodes: 80 (mean 78.5) | 0.2s/gen
  691  88448 -8.437838903677413e-01 2.5e+00 4.01e-02  4e-02  4e-02 5:48.4
  Gen  690 | Best: 0.84 (raw: 0.8) | Pop mean: 0.84 | Sigma: 0.0401 | Nodes: 80 (mean 77.8) | 0.2s/gen
Iterat #Fevals   function value  axis ratio  sigma  min&max std  t[m:s]
  701  89728 -8.437838903677413e-01 2.5e+00 3.95e-02  3e-02  4e-02 5:50.6
  Gen  700 | Best: 0.84 (raw: 0.8) | Pop mean: 0.84 | Sigma: 0.0395 | Nodes: 80 (mean 77.2) | 0.2s/gen
  711  91008 -8.437838903677413e-01 2.5e+00 4.08e-02  4e-02  4e-02 5:52.8
  Gen  710 | Best: 0.84 (raw: 0.8) | Pop mean: 0.84 | Sigma: 0.0408 | Nodes: 80 (mean 79.7) | 0.2s/gen
  721  92288 -8.437838903677413e-01 2.5e+00 4.08e-02  4e-02  4e-02 5:55.0
  Gen  720 | Best: 0.84 (raw: 0.8) | Pop mean: 0.84 | Sigma: 0.0408 | Nodes: 80 (mean 79.2) | 0.2s/gen
  731  93568 -8.437838903677413e-01 2.5e+00 3.92e-02  3e-02  4e-02 5:57.2
  Gen  730 | Best: 0.84 (raw: 0.8) | Pop mean: 0.84 | Sigma: 0.0392 | Nodes: 64 (mean 78.2) | 0.2s/gen
  741  94848 -8.437838903677413e-01 2.6e+00 3.88e-02  3e-02  4e-02 5:59.6
  Gen  740 | Best: 0.84 (raw: 0.8) | Pop mean: 0.84 | Sigma: 0.0388 | Nodes: 80 (mean 80.1) | 0.2s/gen
  751  96128 -8.437838903677413e-01 2.6e+00 4.07e-02  4e-02  4e-02 6:02.0
  Gen  750 | Best: 0.84 (raw: 0.8) | Pop mean: 0.84 | Sigma: 0.0407 | Nodes: 80 (mean 79.4) | 0.2s/gen
  761  97408 -8.437838903677413e-01 2.6e+00 4.27e-02  4e-02  5e-02 6:04.2
  Gen  760 | Best: 0.84 (raw: 0.8) | Pop mean: 0.84 | Sigma: 0.0427 | Nodes: 80 (mean 80.1) | 0.2s/gen
  771  98688 -8.437838903677413e-01 2.6e+00 4.34e-02  4e-02  5e-02 6:06.4
  Gen  770 | Best: 0.84 (raw: 0.8) | Pop mean: 0.84 | Sigma: 0.0434 | Nodes: 80 (mean 80.3) | 0.2s/gen
  781  99968 -8.437838903677413e-01 2.6e+00 4.45e-02  4e-02  5e-02 6:08.6
  Gen  780 | Best: 0.84 (raw: 0.8) | Pop mean: 0.84 | Sigma: 0.0445 | Nodes: 80 (mean 79.7) | 0.2s/gen
  791 101248 -8.437838903677413e-01 2.6e+00 4.50e-02  4e-02  5e-02 6:10.9
  Gen  790 | Best: 0.84 (raw: 0.8) | Pop mean: 0.84 | Sigma: 0.0450 | Nodes: 80 (mean 78.9) | 0.2s/gen
Iterat #Fevals   function value  axis ratio  sigma  min&max std  t[m:s]
  801 102528 -8.437838903677413e-01 2.6e+00 4.42e-02  4e-02  5e-02 6:13.1
  Gen  800 | Best: 0.84 (raw: 0.8) | Pop mean: 0.84 | Sigma: 0.0442 | Nodes: 80 (mean 79.9) | 0.2s/gen
  811 103808 -8.437838903677413e-01 2.6e+00 4.66e-02  4e-02  5e-02 6:15.4
  Gen  810 | Best: 0.84 (raw: 0.8) | Pop mean: 0.84 | Sigma: 0.0466 | Nodes: 80 (mean 77.4) | 0.2s/gen
  821 105088 -8.437838903677413e-01 2.6e+00 4.85e-02  4e-02  5e-02 6:17.6
  Gen  820 | Best: 0.84 (raw: 0.8) | Pop mean: 0.84 | Sigma: 0.0485 | Nodes: 80 (mean 76.9) | 0.2s/gen
  831 106368 -8.437838903677413e-01 2.6e+00 4.71e-02  4e-02  5e-02 6:19.8
  Gen  830 | Best: 0.84 (raw: 0.8) | Pop mean: 0.84 | Sigma: 0.0471 | Nodes: 80 (mean 76.0) | 0.2s/gen
  841 107648 -8.437838903677413e-01 2.6e+00 4.45e-02  4e-02  5e-02 6:22.0
  Gen  840 | Best: 0.84 (raw: 0.8) | Pop mean: 0.84 | Sigma: 0.0445 | Nodes: 40 (mean 78.7) | 0.2s/gen
  851 108928 -8.437838903677413e-01 2.7e+00 4.41e-02  4e-02  5e-02 6:24.2
  Gen  850 | Best: 0.84 (raw: 0.8) | Pop mean: 0.84 | Sigma: 0.0441 | Nodes: 80 (mean 78.4) | 0.2s/gen
  861 110208 -8.437838903677413e-01 2.7e+00 4.38e-02  4e-02  5e-02 6:26.5
  Gen  860 | Best: 0.84 (raw: 0.8) | Pop mean: 0.84 | Sigma: 0.0438 | Nodes: 80 (mean 77.4) | 0.2s/gen
  871 111488 -8.437838903677413e-01 2.7e+00 4.30e-02  4e-02  5e-02 6:28.9
  Gen  870 | Best: 0.84 (raw: 0.8) | Pop mean: 0.84 | Sigma: 0.0430 | Nodes: 80 (mean 78.7) | 0.2s/gen
  881 112768 -8.437838903677413e-01 2.7e+00 4.46e-02  4e-02  5e-02 6:31.2
  Gen  880 | Best: 0.84 (raw: 0.8) | Pop mean: 0.84 | Sigma: 0.0446 | Nodes: 80 (mean 79.5) | 0.2s/gen
  891 114048 -8.437838903677413e-01 2.7e+00 4.31e-02  4e-02  5e-02 6:33.4
  Gen  890 | Best: 0.84 (raw: 0.8) | Pop mean: 0.84 | Sigma: 0.0431 | Nodes: 80 (mean 79.5) | 0.2s/gen
Iterat #Fevals   function value  axis ratio  sigma  min&max std  t[m:s]
  901 115328 -8.437838903677413e-01 2.7e+00 4.19e-02  4e-02  4e-02 6:35.5
  Gen  900 | Best: 0.84 (raw: 0.8) | Pop mean: 0.84 | Sigma: 0.0419 | Nodes: 80 (mean 78.5) | 0.2s/gen
  911 116608 -8.437838903677413e-01 2.7e+00 4.20e-02  4e-02  4e-02 6:37.7
  Gen  910 | Best: 0.84 (raw: 0.8) | Pop mean: 0.84 | Sigma: 0.0420 | Nodes: 80 (mean 78.8) | 0.2s/gen
  921 117888 -8.437838903677413e-01 2.7e+00 4.09e-02  4e-02  4e-02 6:39.8
  Gen  920 | Best: 0.84 (raw: 0.8) | Pop mean: 0.84 | Sigma: 0.0409 | Nodes: 80 (mean 78.2) | 0.2s/gen
  931 119168 -8.437838903677413e-01 2.7e+00 4.02e-02  3e-02  4e-02 6:42.1
  Gen  930 | Best: 0.84 (raw: 0.8) | Pop mean: 0.84 | Sigma: 0.0402 | Nodes: 80 (mean 78.4) | 0.2s/gen
  941 120448 -8.437838903677413e-01 2.7e+00 3.87e-02  3e-02  4e-02 6:44.2
  Gen  940 | Best: 0.84 (raw: 0.8) | Pop mean: 0.84 | Sigma: 0.0387 | Nodes: 80 (mean 76.3) | 0.2s/gen
  951 121728 -8.437838903677413e-01 2.7e+00 3.75e-02  3e-02  4e-02 6:46.5
  Gen  950 | Best: 0.84 (raw: 0.8) | Pop mean: 0.84 | Sigma: 0.0375 | Nodes: 80 (mean 77.1) | 0.2s/gen
  961 123008 -8.437838903677413e-01 2.7e+00 3.86e-02  3e-02  4e-02 6:48.7
  Gen  960 | Best: 0.84 (raw: 0.8) | Pop mean: 0.84 | Sigma: 0.0386 | Nodes: 80 (mean 79.5) | 0.2s/gen
  971 124288 -8.437838903677413e-01 2.7e+00 3.82e-02  3e-02  4e-02 6:51.0
  Gen  970 | Best: 0.84 (raw: 0.8) | Pop mean: 0.84 | Sigma: 0.0382 | Nodes: 64 (mean 78.6) | 0.2s/gen
  981 125568 -8.437838903677413e-01 2.7e+00 3.94e-02  3e-02  4e-02 6:53.2
  Gen  980 | Best: 0.84 (raw: 0.8) | Pop mean: 0.84 | Sigma: 0.0394 | Nodes: 80 (mean 77.6) | 0.2s/gen
  991 126848 -8.437838903677413e-01 2.7e+00 4.00e-02  3e-02  4e-02 6:55.4
  Gen  990 | Best: 0.84 (raw: 0.8) | Pop mean: 0.84 | Sigma: 0.0400 | Nodes: 80 (mean 78.9) | 0.2s/gen
Iterat #Fevals   function value  axis ratio  sigma  min&max std  t[m:s]
 1001 128128 -8.437838903677413e-01 2.7e+00 3.99e-02  3e-02  4e-02 6:57.6
  Gen 1000 | Best: 0.84 (raw: 0.8) | Pop mean: 0.84 | Sigma: 0.0399 | Nodes: 80 (mean 78.6) | 0.2s/gen
 1011 129408 -8.437838903677413e-01 2.7e+00 4.05e-02  4e-02  4e-02 6:59.9
  Gen 1010 | Best: 0.84 (raw: 0.8) | Pop mean: 0.84 | Sigma: 0.0405 | Nodes: 80 (mean 76.2) | 0.2s/gen
 1021 130688 -8.437838903677413e-01 2.8e+00 4.22e-02  4e-02  4e-02 7:02.1
  Gen 1020 | Best: 0.84 (raw: 0.8) | Pop mean: 0.84 | Sigma: 0.0422 | Nodes: 64 (mean 78.2) | 0.2s/gen
 1031 131968 -8.437838903677413e-01 2.8e+00 4.31e-02  4e-02  5e-02 7:04.3
  Gen 1030 | Best: 0.84 (raw: 0.8) | Pop mean: 0.84 | Sigma: 0.0431 | Nodes: 80 (mean 78.3) | 0.2s/gen
 1041 133248 -8.437838903677413e-01 2.8e+00 4.26e-02  4e-02  5e-02 7:06.4
  Gen 1040 | Best: 0.84 (raw: 0.8) | Pop mean: 0.84 | Sigma: 0.0426 | Nodes: 80 (mean 78.4) | 0.2s/gen
 1051 134528 -8.437838903677413e-01 2.8e+00 4.25e-02  4e-02  5e-02 7:08.5
  Gen 1050 | Best: 0.84 (raw: 0.8) | Pop mean: 0.84 | Sigma: 0.0425 | Nodes: 80 (mean 75.2) | 0.2s/gen
 1061 135808 -8.437838903677413e-01 2.8e+00 4.24e-02  4e-02  5e-02 7:10.9
  Gen 1060 | Best: 0.84 (raw: 0.8) | Pop mean: 0.84 | Sigma: 0.0424 | Nodes: 64 (mean 76.5) | 0.2s/gen
 1071 137088 -8.437838903677413e-01 2.8e+00 4.18e-02  4e-02  4e-02 7:13.0
  Gen 1070 | Best: 0.84 (raw: 0.8) | Pop mean: 0.84 | Sigma: 0.0418 | Nodes: 64 (mean 73.2) | 0.2s/gen
 1081 138368 -8.437838903677413e-01 2.8e+00 3.89e-02  3e-02  4e-02 7:15.1
  Gen 1080 | Best: 0.84 (raw: 0.8) | Pop mean: 0.84 | Sigma: 0.0389 | Nodes: 80 (mean 72.0) | 0.2s/gen
 1091 139648 -8.437838903677413e-01 2.8e+00 4.02e-02  3e-02  4e-02 7:17.2
  Gen 1090 | Best: 0.84 (raw: 0.8) | Pop mean: 0.84 | Sigma: 0.0402 | Nodes: 40 (mean 73.9) | 0.2s/gen
Iterat #Fevals   function value  axis ratio  sigma  min&max std  t[m:s]
 1101 140928 -8.437838903677413e-01 2.8e+00 4.12e-02  4e-02  4e-02 7:19.5
  Gen 1100 | Best: 0.84 (raw: 0.8) | Pop mean: 0.84 | Sigma: 0.0412 | Nodes: 64 (mean 73.1) | 0.2s/gen
 1111 142208 -8.437838903677413e-01 2.8e+00 4.15e-02  4e-02  4e-02 7:21.6
  Gen 1110 | Best: 0.84 (raw: 0.8) | Pop mean: 0.84 | Sigma: 0.0415 | Nodes: 64 (mean 69.9) | 0.2s/gen
 1121 143488 -8.437838903677413e-01 2.9e+00 4.06e-02  4e-02  4e-02 7:23.6
  Gen 1120 | Best: 0.84 (raw: 0.8) | Pop mean: 0.84 | Sigma: 0.0406 | Nodes: 64 (mean 69.4) | 0.2s/gen
 1131 144768 -8.437838903677413e-01 2.9e+00 4.01e-02  3e-02  4e-02 7:25.8
  Gen 1130 | Best: 0.84 (raw: 0.8) | Pop mean: 0.84 | Sigma: 0.0401 | Nodes: 88 (mean 68.8) | 0.2s/gen
 1141 146048 -8.437838903677413e-01 2.9e+00 4.00e-02  3e-02  4e-02 7:28.3
  Gen 1140 | Best: 0.84 (raw: 0.8) | Pop mean: 0.84 | Sigma: 0.0400 | Nodes: 64 (mean 71.1) | 0.3s/gen
 1151 147328 -8.437838903677413e-01 2.9e+00 4.12e-02  4e-02  4e-02 7:31.3
  Gen 1150 | Best: 0.84 (raw: 0.8) | Pop mean: 0.84 | Sigma: 0.0412 | Nodes: 80 (mean 73.1) | 0.3s/gen
 1161 148608 -8.437838903677413e-01 2.9e+00 4.19e-02  4e-02  4e-02 7:33.4
  Gen 1160 | Best: 0.84 (raw: 0.8) | Pop mean: 0.84 | Sigma: 0.0419 | Nodes: 80 (mean 72.1) | 0.2s/gen
 1171 149888 -8.437838903677413e-01 2.9e+00 4.34e-02  4e-02  5e-02 7:35.7
  Gen 1170 | Best: 0.84 (raw: 0.8) | Pop mean: 0.84 | Sigma: 0.0434 | Nodes: 80 (mean 75.5) | 0.2s/gen
 1181 151168 -8.437838903677413e-01 2.9e+00 4.19e-02  4e-02  4e-02 7:37.9
  Gen 1180 | Best: 0.84 (raw: 0.8) | Pop mean: 0.84 | Sigma: 0.0419 | Nodes: 64 (mean 74.4) | 0.2s/gen
 1191 152448 -8.437838903677413e-01 2.9e+00 4.21e-02  4e-02  5e-02 7:40.4
  Gen 1190 | Best: 0.84 (raw: 0.8) | Pop mean: 0.84 | Sigma: 0.0421 | Nodes: 64 (mean 74.4) | 0.2s/gen
Iterat #Fevals   function value  axis ratio  sigma  min&max std  t[m:s]
 1201 153728 -8.437838903677413e-01 2.9e+00 4.16e-02  4e-02  4e-02 7:42.7
  Gen 1200 | Best: 0.84 (raw: 0.8) | Pop mean: 0.84 | Sigma: 0.0416 | Nodes: 80 (mean 77.7) | 0.2s/gen
 1211 155008 -8.437838903677413e-01 2.9e+00 4.19e-02  4e-02  5e-02 7:45.1
  Gen 1210 | Best: 0.84 (raw: 0.8) | Pop mean: 0.84 | Sigma: 0.0419 | Nodes: 80 (mean 77.5) | 0.2s/gen
 1221 156288 -8.437838903677413e-01 2.9e+00 4.14e-02  4e-02  4e-02 7:47.4
  Gen 1220 | Best: 0.84 (raw: 0.8) | Pop mean: 0.84 | Sigma: 0.0414 | Nodes: 80 (mean 75.8) | 0.2s/gen
 1231 157568 -8.437838903677413e-01 2.9e+00 4.31e-02  4e-02  5e-02 7:49.8
  Gen 1230 | Best: 0.84 (raw: 0.8) | Pop mean: 0.84 | Sigma: 0.0431 | Nodes: 64 (mean 79.7) | 0.2s/gen
 1241 158848 -8.437838903677413e-01 2.9e+00 4.68e-02  4e-02  5e-02 7:52.2
  Gen 1240 | Best: 0.84 (raw: 0.8) | Pop mean: 0.84 | Sigma: 0.0468 | Nodes: 80 (mean 77.4) | 0.2s/gen
 1251 160128 -8.437838903677413e-01 2.9e+00 4.47e-02  4e-02  5e-02 7:54.5
  Gen 1250 | Best: 0.84 (raw: 0.8) | Pop mean: 0.84 | Sigma: 0.0447 | Nodes: 80 (mean 76.2) | 0.2s/gen
 1261 161408 -8.437838903677413e-01 2.9e+00 4.40e-02  4e-02  5e-02 7:56.9
  Gen 1260 | Best: 0.84 (raw: 0.8) | Pop mean: 0.84 | Sigma: 0.0440 | Nodes: 80 (mean 75.7) | 0.2s/gen
 1271 162688 -8.437838903677413e-01 3.0e+00 4.32e-02  4e-02  5e-02 7:59.3
  Gen 1270 | Best: 0.84 (raw: 0.8) | Pop mean: 0.84 | Sigma: 0.0432 | Nodes: 64 (mean 77.7) | 0.2s/gen
 1281 163968 -8.437838903677413e-01 3.0e+00 4.49e-02  4e-02  5e-02 8:01.6
  Gen 1280 | Best: 0.84 (raw: 0.8) | Pop mean: 0.84 | Sigma: 0.0449 | Nodes: 80 (mean 73.8) | 0.2s/gen
 1291 165248 -8.437838903677413e-01 3.0e+00 4.62e-02  4e-02  5e-02 8:03.9
  Gen 1290 | Best: 0.84 (raw: 0.8) | Pop mean: 0.84 | Sigma: 0.0462 | Nodes: 80 (mean 73.5) | 0.2s/gen
Iterat #Fevals   function value  axis ratio  sigma  min&max std  t[m:s]
 1301 166528 -8.437838903677413e-01 3.0e+00 4.80e-02  4e-02  5e-02 8:06.1
  Gen 1300 | Best: 0.84 (raw: 0.8) | Pop mean: 0.84 | Sigma: 0.0480 | Nodes: 64 (mean 71.8) | 0.2s/gen
 1311 167808 -8.437838903677413e-01 3.0e+00 4.88e-02  4e-02  5e-02 8:08.3
  Gen 1310 | Best: 0.84 (raw: 0.8) | Pop mean: 0.84 | Sigma: 0.0488 | Nodes: 64 (mean 68.0) | 0.2s/gen
 1321 169088 -8.437838903677413e-01 3.0e+00 4.87e-02  4e-02  5e-02 8:10.5
  Gen 1320 | Best: 0.84 (raw: 0.8) | Pop mean: 0.84 | Sigma: 0.0487 | Nodes: 88 (mean 70.8) | 0.2s/gen
 1331 170368 -8.437838903677413e-01 3.0e+00 4.87e-02  4e-02  5e-02 8:12.7
  Gen 1330 | Best: 0.84 (raw: 0.8) | Pop mean: 0.84 | Sigma: 0.0487 | Nodes: 48 (mean 70.4) | 0.2s/gen
 1341 171648 -8.437838903677413e-01 3.0e+00 4.71e-02  4e-02  5e-02 8:14.9
  Gen 1340 | Best: 0.84 (raw: 0.8) | Pop mean: 0.84 | Sigma: 0.0471 | Nodes: 64 (mean 74.7) | 0.2s/gen
 1351 172928 -8.437838903677413e-01 3.0e+00 4.37e-02  4e-02  5e-02 8:17.2
  Gen 1350 | Best: 0.84 (raw: 0.8) | Pop mean: 0.84 | Sigma: 0.0437 | Nodes: 80 (mean 70.9) | 0.2s/gen
 1361 174208 -8.437838903677413e-01 3.1e+00 4.37e-02  4e-02  5e-02 8:19.4
  Gen 1360 | Best: 0.84 (raw: 0.8) | Pop mean: 0.84 | Sigma: 0.0437 | Nodes: 80 (mean 66.2) | 0.2s/gen
 1371 175488 -8.437838903677413e-01 3.1e+00 4.58e-02  4e-02  5e-02 8:21.6
  Gen 1370 | Best: 0.84 (raw: 0.8) | Pop mean: 0.84 | Sigma: 0.0458 | Nodes: 64 (mean 66.6) | 0.2s/gen
 1381 176768 -8.437838903677413e-01 3.1e+00 4.71e-02  4e-02  5e-02 8:23.7
  Gen 1380 | Best: 0.84 (raw: 0.8) | Pop mean: 0.84 | Sigma: 0.0471 | Nodes: 64 (mean 66.9) | 0.2s/gen
 1391 178048 -8.437838903677413e-01 3.1e+00 4.81e-02  4e-02  5e-02 8:25.9
  Gen 1390 | Best: 0.84 (raw: 0.8) | Pop mean: 0.84 | Sigma: 0.0481 | Nodes: 64 (mean 69.0) | 0.2s/gen
Iterat #Fevals   function value  axis ratio  sigma  min&max std  t[m:s]
 1401 179328 -8.437838903677413e-01 3.2e+00 5.22e-02  4e-02  6e-02 8:28.0
  Gen 1400 | Best: 0.84 (raw: 0.8) | Pop mean: 0.84 | Sigma: 0.0522 | Nodes: 64 (mean 65.4) | 0.2s/gen
 1411 180608 -8.437838903677413e-01 3.2e+00 5.32e-02  4e-02  6e-02 8:30.1
  Gen 1410 | Best: 0.84 (raw: 0.8) | Pop mean: 0.84 | Sigma: 0.0532 | Nodes: 80 (mean 64.9) | 0.2s/gen
 1421 181888 -8.437838903677413e-01 3.2e+00 5.48e-02  5e-02  6e-02 8:32.1
  Gen 1420 | Best: 0.84 (raw: 0.8) | Pop mean: 0.84 | Sigma: 0.0548 | Nodes: 48 (mean 65.6) | 0.2s/gen
 1431 183168 -8.437838903677413e-01 3.2e+00 5.50e-02  5e-02  6e-02 8:34.1
  Gen 1430 | Best: 0.84 (raw: 0.8) | Pop mean: 0.84 | Sigma: 0.0550 | Nodes: 64 (mean 66.3) | 0.2s/gen
 1441 184448 -8.437838903677413e-01 3.2e+00 5.44e-02  5e-02  6e-02 8:36.3
  Gen 1440 | Best: 0.84 (raw: 0.8) | Pop mean: 0.84 | Sigma: 0.0544 | Nodes: 64 (mean 72.2) | 0.2s/gen
 1451 185728 -8.437838903677413e-01 3.2e+00 5.41e-02  4e-02  6e-02 8:38.3
  Gen 1450 | Best: 0.84 (raw: 0.8) | Pop mean: 0.84 | Sigma: 0.0541 | Nodes: 64 (mean 67.0) | 0.2s/gen
 1461 187008 -8.437838903677413e-01 3.2e+00 5.28e-02  4e-02  6e-02 8:40.3
  Gen 1460 | Best: 0.84 (raw: 0.8) | Pop mean: 0.84 | Sigma: 0.0528 | Nodes: 64 (mean 67.3) | 0.2s/gen
 1471 188288 -8.437838903677413e-01 3.3e+00 5.29e-02  4e-02  6e-02 8:42.4
  Gen 1470 | Best: 0.84 (raw: 0.8) | Pop mean: 0.84 | Sigma: 0.0529 | Nodes: 64 (mean 68.8) | 0.2s/gen
 1481 189568 -8.437838903677413e-01 3.3e+00 5.10e-02  4e-02  5e-02 8:44.4
  Gen 1480 | Best: 0.84 (raw: 0.8) | Pop mean: 0.84 | Sigma: 0.0510 | Nodes: 80 (mean 72.8) | 0.2s/gen
 1491 190848 -8.437838903677413e-01 3.3e+00 4.65e-02  4e-02  5e-02 8:46.6
  Gen 1490 | Best: 0.84 (raw: 0.8) | Pop mean: 0.84 | Sigma: 0.0465 | Nodes: 64 (mean 70.1) | 0.2s/gen

Evolution took:  529  seconds

========Optimizer output:==========================
Best single loss found (peak, any goal) was -0.8437838903677413
Best population centroid loss found was -0.843783890367741
===================================================


Saving models and config file — Run ID 1789303833

Final model has 111 parameters
Graph snapshot saved to saved_models/1789303833/graph_best.png

Running environment for best solution...

Checksum of initial network state before growth: -17.4629883199591
Checksum of graph G before growth: 1.8388946721874602
The seed graph (before growth) has 9 nodes and 16 edges.
Checksum of network state after growth: 46.90927424877944
Checksum of graph G after growth: 499.7575901511336
The final grown graph has 40 nodes and 502 edges.
KA_retina retina fitness (op=and, balanced): 0.8438 (raw 201 / 256)

(mean) Episode reward for 1 env rollouts: 0.8437838903677413

Checksum of initial network state before growth: -17.4629883199591
Checksum of graph G before growth: 1.8388946721874602
The seed graph (before growth) has 9 nodes and 16 edges.
Checksum of network state after growth: 46.90927424877944
Checksum of graph G after growth: 499.7575901511336
The final grown graph has 40 nodes and 502 edges.
KA_retina retina fitness (op=and, balanced): 0.8438 (raw 201 / 256)

(mean) Episode reward for 1 env rollouts: 0.8437838903677413

Checksum of initial network state before growth: -17.4629883199591
Checksum of graph G before growth: 1.8388946721874602
The seed graph (before growth) has 9 nodes and 16 edges.
Checksum of network state after growth: 46.90927424877944
Checksum of graph G after growth: 499.7575901511336
The final grown graph has 40 nodes and 502 edges.
KA_retina retina fitness (op=and, balanced): 0.8438 (raw 201 / 256)

(mean) Episode reward for 1 env rollouts: 0.8437838903677413

-------

(mean) Episodes reward for 3 runs: 0.8437838903677412

---------------------------------------------


Running environment for centroid solution...

Running environment for centroid solution...

BYE! - ID: 1789303833
[FG] completed: run 1789303833

=== Scan: FG=2/5 [('1789303257', 3410590), ('1789303833', 7345678)] | MVG=5/5 [('1786053806', 7318332), ('1788817038', 6550047), ('1788821061', 7766560), ('1788866451', 6779840), ('1788871442', 9985617)] ===

[FG] launching: C:\Users\raduc\miniconda3\envs\ndp\python.exe train.py --conf experiments_paper/retina/run_experiment.yaml --generations 1500 --popsize 128 --balanced-fitness --no-early-stopping --operation and --snapshot
Model ID: 1789304372

Config:
{'dev_mode': 0, 'project_name': 'Developmental networks', 'group': 'default', 'notes experiment': None, 'device': 0, 'return_loss': 0, 'environment': 'KA_retina', 'node_based_growth': True, 'node_pairs_based_growth': False, 'edge_based_growth': False, 'probabilistic_growth': False, 'coevolve_initial_embeddings': True, 'undirected': True, 'node_embedding_size': 3, 'binary_connectivity': False, 'additive_update': False, 'persistent_observation_rollout': True, 'number_of_growth_cycles': 6, 'initial_embeddings_random': False, 'shared_intial_graph_bool': True, 'shared_intial_embedding': True, 'initial_sparsity': 1, 'self_link_allowed_during_querying': False, 'extra_nodes': -1, 'network_thinking_time_extra_growth': 2, 'network_thinking_time_extra_rollout': 3, 'NN_transform_node_embedding_during_growth': True, 'prunning_phase': False, 'prunning_threshold': 0.3, 'fewer_edges': False, 'fewer_nodes': False, 'balanced_weights': False, 'growth_model_last_layer_activated': False, 'transform_model_last_layer_activated': True, 'mlp_weight_values_last_layer_activated': True, 'mlp_growth_hidden_layers_dims': [5], 'mlp_embedding_transform_hidden_layers_dims': [5], 'mlp_weight_values_hidden_layers_dims': [5], 'growth_model_bias': True, 'mlp_weight_values_bias': True, 'transform_model_bias': True, 'recurrent_activation_function': 'tanh', 'use_torch': False, 'optimizer': 'CMAES', 'maximise': True, 'sigma_init': 0.5, 'generations': 1500, 'popsize': 128, 'CMA_elitist': True, 'minstd': 0.005, 'x0_dist': 'U[-1,1]', 'checkpoint_id': None, 'nb_episode_evals': 1, 'nb_growth_evals': 1, 'early_stopping': False, 'early_stopping_conditions': {'generation': 500, 'objective_value': -3}, 'flattening_stopping': False, 'flattening_stopping_conditions': {'min_generation': 1500, 'last_generations': 500, 'min_std': 5}, 'evolution_feval_check_every': 2000, 'evolution_feval_check_N': 10, 'reward_if_graph_too_small': 200, 'threads': -1, 'seed': None, 'env_seed': None, 'save_model': 1, 'render': 1, 'print_every': 10, 'visualise_network': 0, 'histogram_degree': 0, 'layout': 'random_fixed', 'arrows': True, 'log_gen_time': True, 'snapshot': True, 'show': False, 'nb_eval_seeds': 10, 'balanced_fitness': True, 'operation': 'and', 'mvg': False, 'mvg_ops': ['and', 'or'], 'mvg_switch_interval': 20, 'target': 1.0, 'id': '1789304372', '_path': 'saved_models/1789304372'}

Seed:  7737269
Env_seed:  None
The growth model has 111 trainable parameters
(64_w,128)-aCMA-ES (mu_w=34.2,w_1=6%) in dimension 111 (seed=7737269, Sun Sep 13 13:59:32 2026)

.......................................................

Initilisating CMA-ES with 111 trainable parameters 


--- Starting Evolution ---


Using 16 cores

Baseline (untrained x0 DNA): fitness=0.7839 (raw=0.8) | Nodes: 18

Iterat #Fevals   function value  axis ratio  sigma  min&max std  t[m:s]
    1    128 -8.432416444838805e-01 1.0e+00 4.87e-01  5e-01  5e-01 0:24.8
  Gen    0 | Best: 0.84 (raw: 0.8) | Pop mean: 0.70 | Sigma: 0.4871 | Nodes: 38 (mean 326.2) | 2.5s/gen
   11   1408 -8.437838903677413e-01 1.1e+00 5.60e-01  6e-01  6e-01 1:36.5
  Gen   10 | Best: 0.84 (raw: 0.8) | Pop mean: 0.82 | Sigma: 0.5601 | Nodes: 40 (mean 70.9) | 7.2s/gen
   21   2688 -8.432416444838805e-01 1.2e+00 5.84e-01  6e-01  6e-01 2:10.5
  Gen   20 | Best: 0.84 (raw: 0.8) | Pop mean: 0.82 | Sigma: 0.5840 | Nodes: 16 (mean 61.2) | 3.4s/gen
   31   3968 -8.432416444838805e-01 1.3e+00 5.21e-01  5e-01  5e-01 2:33.9
  Gen   30 | Best: 0.84 (raw: 0.8) | Pop mean: 0.82 | Sigma: 0.5206 | Nodes: 9 (mean 46.7) | 2.3s/gen
   41   5248 -8.432416444838805e-01 1.3e+00 4.52e-01  4e-01  5e-01 3:04.0
  Gen   40 | Best: 0.84 (raw: 0.8) | Pop mean: 0.83 | Sigma: 0.4519 | Nodes: 38 (mean 48.8) | 3.0s/gen
   51   6528 -8.432416444838805e-01 1.4e+00 3.95e-01  4e-01  4e-01 3:28.9
  Gen   50 | Best: 0.84 (raw: 0.8) | Pop mean: 0.82 | Sigma: 0.3952 | Nodes: 16 (mean 66.6) | 2.5s/gen
   61   7808 -8.432416444838805e-01 1.4e+00 3.45e-01  3e-01  3e-01 3:56.6
  Gen   60 | Best: 0.84 (raw: 0.8) | Pop mean: 0.83 | Sigma: 0.3450 | Nodes: 16 (mean 54.9) | 2.8s/gen
   71   9088 -8.432416444838805e-01 1.5e+00 2.98e-01  3e-01  3e-01 4:21.4
  Gen   70 | Best: 0.84 (raw: 0.8) | Pop mean: 0.83 | Sigma: 0.2984 | Nodes: 9 (mean 37.0) | 2.5s/gen
   81  10368 -8.432416444838805e-01 1.5e+00 2.57e-01  3e-01  3e-01 4:44.6
  Gen   80 | Best: 0.84 (raw: 0.8) | Pop mean: 0.83 | Sigma: 0.2568 | Nodes: 32 (mean 32.5) | 2.3s/gen
   91  11648 -8.432416444838805e-01 1.6e+00 2.20e-01  2e-01  2e-01 5:04.8
  Gen   90 | Best: 0.84 (raw: 0.8) | Pop mean: 0.83 | Sigma: 0.2204 | Nodes: 16 (mean 27.9) | 2.0s/gen
Iterat #Fevals   function value  axis ratio  sigma  min&max std  t[m:s]
  101  12928 -8.432416444838805e-01 1.6e+00 1.95e-01  2e-01  2e-01 5:21.8
  Gen  100 | Best: 0.84 (raw: 0.8) | Pop mean: 0.83 | Sigma: 0.1953 | Nodes: 12 (mean 41.8) | 1.7s/gen
  111  14208 -8.432416444838805e-01 1.7e+00 1.71e-01  2e-01  2e-01 5:36.9
  Gen  110 | Best: 0.84 (raw: 0.8) | Pop mean: 0.83 | Sigma: 0.1710 | Nodes: 16 (mean 27.8) | 1.5s/gen
  Gen  120 | Best: 0.84 (raw: 0.8) | Pop mean: 0.84 | Sigma: 0.1448 | Nodes: 12 (mean 20.9) | 0.6s/gen
  131  16768 -8.432416444838805e-01 1.8e+00 1.21e-01  1e-01  1e-01 5:53.9
  Gen  130 | Best: 0.84 (raw: 0.8) | Pop mean: 0.84 | Sigma: 0.1212 | Nodes: 16 (mean 23.4) | 1.1s/gen
  Gen  140 | Best: 0.84 (raw: 0.8) | Pop mean: 0.84 | Sigma: 0.1040 | Nodes: 12 (mean 17.9) | 0.8s/gen
  Gen  150 | Best: 0.84 (raw: 0.8) | Pop mean: 0.83 | Sigma: 0.0874 | Nodes: 16 (mean 20.7) | 0.4s/gen
  161  20608 -8.432416444838805e-01 2.0e+00 7.97e-02  8e-02  8e-02 6:07.6
  Gen  160 | Best: 0.84 (raw: 0.8) | Pop mean: 0.84 | Sigma: 0.0797 | Nodes: 9 (mean 20.2) | 0.2s/gen
  Gen  170 | Best: 0.84 (raw: 0.8) | Pop mean: 0.83 | Sigma: 0.0718 | Nodes: 16 (mean 16.0) | 0.1s/gen
  Gen  180 | Best: 0.84 (raw: 0.8) | Pop mean: 0.84 | Sigma: 0.0661 | Nodes: 12 (mean 18.2) | 0.2s/gen
  Gen  190 | Best: 0.84 (raw: 0.8) | Pop mean: 0.83 | Sigma: 0.0633 | Nodes: 40 (mean 17.9) | 0.2s/gen
Iterat #Fevals   function value  axis ratio  sigma  min&max std  t[m:s]
  Gen  200 | Best: 0.84 (raw: 0.8) | Pop mean: 0.84 | Sigma: 0.0568 | Nodes: 18 (mean 18.3) | 0.2s/gen
  Gen  210 | Best: 0.84 (raw: 0.8) | Pop mean: 0.84 | Sigma: 0.0502 | Nodes: 9 (mean 19.3) | 0.2s/gen
  Gen  220 | Best: 0.84 (raw: 0.8) | Pop mean: 0.83 | Sigma: 0.0419 | Nodes: 16 (mean 16.2) | 0.2s/gen
  Gen  230 | Best: 0.84 (raw: 0.8) | Pop mean: 0.84 | Sigma: 0.0383 | Nodes: 30 (mean 16.9) | 0.2s/gen
  Gen  240 | Best: 0.84 (raw: 0.8) | Pop mean: 0.83 | Sigma: 0.0324 | Nodes: 16 (mean 12.9) | 0.2s/gen
  251  32128 -8.437838903677413e-01 2.7e+00 2.86e-02  3e-02  3e-02 6:21.9
  Gen  250 | Best: 0.84 (raw: 0.8) | Pop mean: 0.84 | Sigma: 0.0286 | Nodes: 40 (mean 13.6) | 0.2s/gen
  Gen  260 | Best: 0.84 (raw: 0.8) | Pop mean: 0.83 | Sigma: 0.0270 | Nodes: 16 (mean 13.2) | 0.2s/gen
  Gen  270 | Best: 0.84 (raw: 0.8) | Pop mean: 0.83 | Sigma: 0.0234 | Nodes: 16 (mean 11.9) | 0.2s/gen
  Gen  280 | Best: 0.84 (raw: 0.8) | Pop mean: 0.83 | Sigma: 0.0194 | Nodes: 16 (mean 12.6) | 0.2s/gen
  291  37248 -8.432416444838805e-01 3.4e+00 1.67e-02  2e-02  2e-02 6:28.2
  Gen  290 | Best: 0.84 (raw: 0.8) | Pop mean: 0.84 | Sigma: 0.0167 | Nodes: 9 (mean 12.4) | 0.2s/gen
Iterat #Fevals   function value  axis ratio  sigma  min&max std  t[m:s]
  Gen  300 | Best: 0.84 (raw: 0.8) | Pop mean: 0.83 | Sigma: 0.0144 | Nodes: 16 (mean 12.1) | 0.2s/gen
  Gen  310 | Best: 0.84 (raw: 0.8) | Pop mean: 0.83 | Sigma: 0.0130 | Nodes: 9 (mean 10.3) | 0.2s/gen
  Gen  320 | Best: 0.84 (raw: 0.8) | Pop mean: 0.83 | Sigma: 0.0123 | Nodes: 40 (mean 22.2) | 0.2s/gen
  Gen  330 | Best: 0.84 (raw: 0.8) | Pop mean: 0.83 | Sigma: 0.0128 | Nodes: 40 (mean 39.8) | 0.2s/gen
  Gen  340 | Best: 0.84 (raw: 0.8) | Pop mean: 0.84 | Sigma: 0.0136 | Nodes: 40 (mean 39.5) | 0.2s/gen
  351  44928 -8.437838903677413e-01 4.6e+00 1.39e-02  1e-02  2e-02 6:38.0
  Gen  350 | Best: 0.84 (raw: 0.8) | Pop mean: 0.84 | Sigma: 0.0139 | Nodes: 40 (mean 39.4) | 0.2s/gen
  361  46208 -8.437838903677413e-01 4.7e+00 1.38e-02  1e-02  2e-02 6:39.7
  Gen  360 | Best: 0.84 (raw: 0.8) | Pop mean: 0.84 | Sigma: 0.0138 | Nodes: 40 (mean 39.5) | 0.2s/gen
  371  47488 -8.437838903677413e-01 4.7e+00 1.42e-02  1e-02  2e-02 6:41.4
  Gen  370 | Best: 0.84 (raw: 0.8) | Pop mean: 0.84 | Sigma: 0.0142 | Nodes: 40 (mean 39.5) | 0.2s/gen
  381  48768 -8.437838903677413e-01 4.8e+00 1.43e-02  1e-02  2e-02 6:43.1
  Gen  380 | Best: 0.84 (raw: 0.8) | Pop mean: 0.84 | Sigma: 0.0143 | Nodes: 40 (mean 39.8) | 0.2s/gen
  391  50048 -8.437838903677413e-01 4.8e+00 1.39e-02  1e-02  2e-02 6:44.8
  Gen  390 | Best: 0.84 (raw: 0.8) | Pop mean: 0.84 | Sigma: 0.0139 | Nodes: 40 (mean 38.7) | 0.2s/gen
Iterat #Fevals   function value  axis ratio  sigma  min&max std  t[m:s]
  401  51328 -8.437838903677413e-01 4.8e+00 1.33e-02  1e-02  2e-02 6:46.4
  Gen  400 | Best: 0.84 (raw: 0.8) | Pop mean: 0.84 | Sigma: 0.0133 | Nodes: 40 (mean 40.0) | 0.2s/gen
  411  52608 -8.437838903677413e-01 4.9e+00 1.32e-02  1e-02  2e-02 6:48.1
  Gen  410 | Best: 0.84 (raw: 0.8) | Pop mean: 0.84 | Sigma: 0.0132 | Nodes: 40 (mean 39.8) | 0.2s/gen
  421  53888 -8.437838903677413e-01 4.9e+00 1.29e-02  1e-02  2e-02 6:49.8
  Gen  420 | Best: 0.84 (raw: 0.8) | Pop mean: 0.84 | Sigma: 0.0129 | Nodes: 40 (mean 40.0) | 0.2s/gen
  431  55168 -8.437838903677413e-01 4.9e+00 1.27e-02  1e-02  2e-02 6:51.5
  Gen  430 | Best: 0.84 (raw: 0.8) | Pop mean: 0.84 | Sigma: 0.0127 | Nodes: 40 (mean 40.0) | 0.2s/gen
  441  56448 -8.437838903677413e-01 4.9e+00 1.29e-02  1e-02  2e-02 6:53.2
  Gen  440 | Best: 0.84 (raw: 0.8) | Pop mean: 0.84 | Sigma: 0.0129 | Nodes: 40 (mean 39.4) | 0.2s/gen
  451  57728 -8.437838903677413e-01 4.9e+00 1.26e-02  1e-02  2e-02 6:54.9
  Gen  450 | Best: 0.84 (raw: 0.8) | Pop mean: 0.84 | Sigma: 0.0126 | Nodes: 40 (mean 40.0) | 0.2s/gen
  461  59008 -8.437838903677413e-01 4.9e+00 1.22e-02  1e-02  2e-02 6:56.7
  Gen  460 | Best: 0.84 (raw: 0.8) | Pop mean: 0.84 | Sigma: 0.0122 | Nodes: 40 (mean 40.0) | 0.2s/gen
  471  60288 -8.437838903677413e-01 4.9e+00 1.24e-02  1e-02  2e-02 6:58.4
  Gen  470 | Best: 0.84 (raw: 0.8) | Pop mean: 0.84 | Sigma: 0.0124 | Nodes: 40 (mean 40.0) | 0.2s/gen
  481  61568 -8.437838903677413e-01 4.9e+00 1.20e-02  1e-02  2e-02 7:00.1
  Gen  480 | Best: 0.84 (raw: 0.8) | Pop mean: 0.84 | Sigma: 0.0120 | Nodes: 40 (mean 39.6) | 0.2s/gen
  491  62848 -8.437838903677413e-01 4.8e+00 1.19e-02  1e-02  2e-02 7:01.8
  Gen  490 | Best: 0.84 (raw: 0.8) | Pop mean: 0.84 | Sigma: 0.0119 | Nodes: 40 (mean 40.0) | 0.2s/gen
Iterat #Fevals   function value  axis ratio  sigma  min&max std  t[m:s]
  501  64128 -8.437838903677413e-01 4.8e+00 1.19e-02  1e-02  2e-02 7:03.6
  Gen  500 | Best: 0.84 (raw: 0.8) | Pop mean: 0.84 | Sigma: 0.0119 | Nodes: 40 (mean 40.0) | 0.2s/gen
  511  65408 -8.437838903677413e-01 4.9e+00 1.26e-02  1e-02  2e-02 7:05.3
  Gen  510 | Best: 0.84 (raw: 0.8) | Pop mean: 0.84 | Sigma: 0.0126 | Nodes: 40 (mean 40.0) | 0.2s/gen
  521  66688 -8.437838903677413e-01 4.9e+00 1.30e-02  1e-02  2e-02 7:07.0
  Gen  520 | Best: 0.84 (raw: 0.8) | Pop mean: 0.84 | Sigma: 0.0130 | Nodes: 40 (mean 40.0) | 0.2s/gen
  531  67968 -8.437838903677413e-01 4.9e+00 1.32e-02  1e-02  2e-02 7:08.6
  Gen  530 | Best: 0.84 (raw: 0.8) | Pop mean: 0.84 | Sigma: 0.0132 | Nodes: 40 (mean 40.0) | 0.2s/gen
  541  69248 -8.437838903677413e-01 4.9e+00 1.42e-02  1e-02  2e-02 7:10.3
  Gen  540 | Best: 0.84 (raw: 0.8) | Pop mean: 0.84 | Sigma: 0.0142 | Nodes: 40 (mean 40.0) | 0.2s/gen
  551  70528 -8.437838903677413e-01 4.9e+00 1.35e-02  1e-02  2e-02 7:11.9
  Gen  550 | Best: 0.84 (raw: 0.8) | Pop mean: 0.84 | Sigma: 0.0135 | Nodes: 40 (mean 39.9) | 0.2s/gen
  561  71808 -8.437838903677413e-01 4.9e+00 1.31e-02  1e-02  2e-02 7:13.7
  Gen  560 | Best: 0.84 (raw: 0.8) | Pop mean: 0.84 | Sigma: 0.0131 | Nodes: 40 (mean 40.0) | 0.2s/gen
  571  73088 -8.437838903677413e-01 4.9e+00 1.31e-02  1e-02  2e-02 7:15.4
  Gen  570 | Best: 0.84 (raw: 0.8) | Pop mean: 0.84 | Sigma: 0.0131 | Nodes: 40 (mean 39.8) | 0.2s/gen
  581  74368 -8.437838903677413e-01 4.9e+00 1.29e-02  1e-02  2e-02 7:17.0
  Gen  580 | Best: 0.84 (raw: 0.8) | Pop mean: 0.84 | Sigma: 0.0129 | Nodes: 40 (mean 40.0) | 0.2s/gen
  591  75648 -8.437838903677413e-01 4.9e+00 1.27e-02  1e-02  2e-02 7:18.6
  Gen  590 | Best: 0.84 (raw: 0.8) | Pop mean: 0.84 | Sigma: 0.0127 | Nodes: 40 (mean 40.0) | 0.2s/gen
Iterat #Fevals   function value  axis ratio  sigma  min&max std  t[m:s]
  601  76928 -8.437838903677413e-01 4.9e+00 1.20e-02  1e-02  2e-02 7:20.3
  Gen  600 | Best: 0.84 (raw: 0.8) | Pop mean: 0.84 | Sigma: 0.0120 | Nodes: 40 (mean 40.0) | 0.2s/gen
  611  78208 -8.437838903677413e-01 5.0e+00 1.12e-02  1e-02  2e-02 7:21.9
  Gen  610 | Best: 0.84 (raw: 0.8) | Pop mean: 0.84 | Sigma: 0.0112 | Nodes: 40 (mean 40.0) | 0.2s/gen
  621  79488 -8.437838903677413e-01 5.0e+00 1.09e-02  1e-02  2e-02 7:23.5
  Gen  620 | Best: 0.84 (raw: 0.8) | Pop mean: 0.84 | Sigma: 0.0109 | Nodes: 40 (mean 40.0) | 0.2s/gen
  631  80768 -8.437838903677413e-01 5.0e+00 1.04e-02  9e-03  2e-02 7:25.2
  Gen  630 | Best: 0.84 (raw: 0.8) | Pop mean: 0.84 | Sigma: 0.0104 | Nodes: 40 (mean 40.0) | 0.2s/gen
  641  82048 -8.437838903677413e-01 5.0e+00 1.07e-02  1e-02  2e-02 7:27.0
  Gen  640 | Best: 0.84 (raw: 0.8) | Pop mean: 0.84 | Sigma: 0.0107 | Nodes: 40 (mean 40.0) | 0.2s/gen
  651  83328 -8.437838903677413e-01 5.0e+00 1.08e-02  1e-02  2e-02 7:28.7
  Gen  650 | Best: 0.84 (raw: 0.8) | Pop mean: 0.84 | Sigma: 0.0108 | Nodes: 40 (mean 40.0) | 0.2s/gen
  661  84608 -8.437838903677413e-01 5.0e+00 1.04e-02  9e-03  2e-02 7:30.4
  Gen  660 | Best: 0.84 (raw: 0.8) | Pop mean: 0.84 | Sigma: 0.0104 | Nodes: 40 (mean 40.0) | 0.2s/gen
  671  85888 -8.437838903677413e-01 5.0e+00 9.71e-03  9e-03  1e-02 7:32.1
  Gen  670 | Best: 0.84 (raw: 0.8) | Pop mean: 0.84 | Sigma: 0.0097 | Nodes: 40 (mean 40.0) | 0.2s/gen
  681  87168 -8.437838903677413e-01 5.0e+00 9.57e-03  9e-03  1e-02 7:33.7
  Gen  680 | Best: 0.84 (raw: 0.8) | Pop mean: 0.84 | Sigma: 0.0096 | Nodes: 40 (mean 40.0) | 0.2s/gen
  691  88448 -8.437838903677413e-01 5.0e+00 9.21e-03  8e-03  1e-02 7:35.4
  Gen  690 | Best: 0.84 (raw: 0.8) | Pop mean: 0.84 | Sigma: 0.0092 | Nodes: 40 (mean 40.0) | 0.2s/gen
Iterat #Fevals   function value  axis ratio  sigma  min&max std  t[m:s]
  701  89728 -8.437838903677413e-01 5.1e+00 9.24e-03  8e-03  1e-02 7:37.1
  Gen  700 | Best: 0.84 (raw: 0.8) | Pop mean: 0.84 | Sigma: 0.0092 | Nodes: 40 (mean 40.0) | 0.2s/gen
  711  91008 -8.437838903677413e-01 5.1e+00 9.74e-03  9e-03  1e-02 7:38.7
  Gen  710 | Best: 0.84 (raw: 0.8) | Pop mean: 0.84 | Sigma: 0.0097 | Nodes: 40 (mean 40.0) | 0.2s/gen
  721  92288 -8.437838903677413e-01 5.1e+00 9.92e-03  9e-03  1e-02 7:40.4
  Gen  720 | Best: 0.84 (raw: 0.8) | Pop mean: 0.84 | Sigma: 0.0099 | Nodes: 40 (mean 40.0) | 0.2s/gen
  731  93568 -8.437838903677413e-01 5.1e+00 9.16e-03  8e-03  1e-02 7:42.0
  Gen  730 | Best: 0.84 (raw: 0.8) | Pop mean: 0.84 | Sigma: 0.0092 | Nodes: 40 (mean 40.0) | 0.2s/gen
  741  94848 -8.437838903677413e-01 5.1e+00 8.91e-03  8e-03  1e-02 7:43.7
  Gen  740 | Best: 0.84 (raw: 0.8) | Pop mean: 0.84 | Sigma: 0.0089 | Nodes: 40 (mean 40.0) | 0.2s/gen
  751  96128 -8.437838903677413e-01 5.1e+00 8.27e-03  7e-03  1e-02 7:45.4
  Gen  750 | Best: 0.84 (raw: 0.8) | Pop mean: 0.84 | Sigma: 0.0083 | Nodes: 40 (mean 40.0) | 0.2s/gen
  761  97408 -8.437838903677413e-01 5.1e+00 7.78e-03  7e-03  1e-02 7:47.0
  Gen  760 | Best: 0.84 (raw: 0.8) | Pop mean: 0.84 | Sigma: 0.0078 | Nodes: 40 (mean 40.0) | 0.2s/gen
  771  98688 -8.437838903677413e-01 5.2e+00 7.17e-03  6e-03  1e-02 7:48.7
  Gen  770 | Best: 0.84 (raw: 0.8) | Pop mean: 0.84 | Sigma: 0.0072 | Nodes: 40 (mean 40.0) | 0.2s/gen
  781  99968 -8.437838903677413e-01 5.2e+00 7.03e-03  6e-03  1e-02 7:50.4
  Gen  780 | Best: 0.84 (raw: 0.8) | Pop mean: 0.84 | Sigma: 0.0070 | Nodes: 40 (mean 40.0) | 0.2s/gen
  791 101248 -8.437838903677413e-01 5.2e+00 6.72e-03  6e-03  1e-02 7:52.1
  Gen  790 | Best: 0.84 (raw: 0.8) | Pop mean: 0.84 | Sigma: 0.0067 | Nodes: 40 (mean 40.0) | 0.2s/gen
Iterat #Fevals   function value  axis ratio  sigma  min&max std  t[m:s]
  801 102528 -8.437838903677413e-01 5.2e+00 6.79e-03  6e-03  1e-02 7:53.7
  Gen  800 | Best: 0.84 (raw: 0.8) | Pop mean: 0.84 | Sigma: 0.0068 | Nodes: 40 (mean 40.0) | 0.2s/gen
  811 103808 -8.437838903677413e-01 5.2e+00 7.17e-03  6e-03  1e-02 7:55.5
  Gen  810 | Best: 0.84 (raw: 0.8) | Pop mean: 0.84 | Sigma: 0.0072 | Nodes: 40 (mean 40.0) | 0.2s/gen
  821 105088 -8.437838903677413e-01 5.2e+00 7.10e-03  6e-03  1e-02 7:57.3
  Gen  820 | Best: 0.84 (raw: 0.8) | Pop mean: 0.84 | Sigma: 0.0071 | Nodes: 40 (mean 39.8) | 0.2s/gen
  831 106368 -8.437838903677413e-01 5.2e+00 6.79e-03  6e-03  1e-02 7:59.0
  Gen  830 | Best: 0.84 (raw: 0.8) | Pop mean: 0.84 | Sigma: 0.0068 | Nodes: 40 (mean 39.7) | 0.2s/gen
  841 107648 -8.437838903677413e-01 5.2e+00 6.63e-03  6e-03  1e-02 8:00.7
  Gen  840 | Best: 0.84 (raw: 0.8) | Pop mean: 0.84 | Sigma: 0.0066 | Nodes: 40 (mean 40.0) | 0.2s/gen
  851 108928 -8.437838903677413e-01 5.2e+00 6.74e-03  6e-03  1e-02 8:02.5
  Gen  850 | Best: 0.84 (raw: 0.8) | Pop mean: 0.84 | Sigma: 0.0067 | Nodes: 40 (mean 39.8) | 0.2s/gen
  861 110208 -8.437838903677413e-01 5.3e+00 6.73e-03  6e-03  1e-02 8:04.2
  Gen  860 | Best: 0.84 (raw: 0.8) | Pop mean: 0.84 | Sigma: 0.0067 | Nodes: 40 (mean 40.0) | 0.2s/gen
  871 111488 -8.437838903677413e-01 5.3e+00 6.50e-03  6e-03  9e-03 8:06.0
  Gen  870 | Best: 0.84 (raw: 0.8) | Pop mean: 0.84 | Sigma: 0.0065 | Nodes: 40 (mean 39.6) | 0.2s/gen
  881 112768 -8.437838903677413e-01 5.3e+00 6.25e-03  6e-03  9e-03 8:07.6
  Gen  880 | Best: 0.84 (raw: 0.8) | Pop mean: 0.84 | Sigma: 0.0062 | Nodes: 40 (mean 39.8) | 0.2s/gen
  891 114048 -8.437838903677413e-01 5.3e+00 5.83e-03  5e-03  8e-03 8:09.3
  Gen  890 | Best: 0.84 (raw: 0.8) | Pop mean: 0.84 | Sigma: 0.0058 | Nodes: 40 (mean 39.8) | 0.2s/gen
Iterat #Fevals   function value  axis ratio  sigma  min&max std  t[m:s]
  901 115328 -8.437838903677413e-01 5.3e+00 5.55e-03  5e-03  8e-03 8:11.1
  Gen  900 | Best: 0.84 (raw: 0.8) | Pop mean: 0.84 | Sigma: 0.0056 | Nodes: 40 (mean 39.6) | 0.2s/gen
  911 116608 -8.437838903677413e-01 5.4e+00 5.88e-03  5e-03  9e-03 8:12.8
  Gen  910 | Best: 0.84 (raw: 0.8) | Pop mean: 0.84 | Sigma: 0.0059 | Nodes: 40 (mean 40.0) | 0.2s/gen
  921 117888 -8.437838903677413e-01 5.4e+00 6.26e-03  6e-03  9e-03 8:14.5
  Gen  920 | Best: 0.84 (raw: 0.8) | Pop mean: 0.84 | Sigma: 0.0063 | Nodes: 40 (mean 40.0) | 0.2s/gen
  931 119168 -8.437838903677413e-01 5.4e+00 6.00e-03  5e-03  9e-03 8:16.1
  Gen  930 | Best: 0.84 (raw: 0.8) | Pop mean: 0.84 | Sigma: 0.0060 | Nodes: 40 (mean 40.0) | 0.2s/gen
  941 120448 -8.437838903677413e-01 5.4e+00 5.60e-03  5e-03  8e-03 8:17.8
  Gen  940 | Best: 0.84 (raw: 0.8) | Pop mean: 0.84 | Sigma: 0.0056 | Nodes: 40 (mean 40.0) | 0.2s/gen
  951 121728 -8.437838903677413e-01 5.4e+00 5.66e-03  5e-03  8e-03 8:19.5
  Gen  950 | Best: 0.84 (raw: 0.8) | Pop mean: 0.84 | Sigma: 0.0057 | Nodes: 40 (mean 40.0) | 0.2s/gen
  961 123008 -8.437838903677413e-01 5.4e+00 5.69e-03  5e-03  8e-03 8:21.2
  Gen  960 | Best: 0.84 (raw: 0.8) | Pop mean: 0.84 | Sigma: 0.0057 | Nodes: 40 (mean 40.0) | 0.2s/gen
  971 124288 -8.437838903677413e-01 5.4e+00 5.76e-03  5e-03  8e-03 8:22.8
  Gen  970 | Best: 0.84 (raw: 0.8) | Pop mean: 0.84 | Sigma: 0.0058 | Nodes: 40 (mean 40.0) | 0.2s/gen
  981 125568 -8.437838903677413e-01 5.4e+00 5.54e-03  5e-03  8e-03 8:24.5
  Gen  980 | Best: 0.84 (raw: 0.8) | Pop mean: 0.84 | Sigma: 0.0055 | Nodes: 40 (mean 40.0) | 0.2s/gen
  991 126848 -8.437838903677413e-01 5.4e+00 5.34e-03  5e-03  8e-03 8:26.2
  Gen  990 | Best: 0.84 (raw: 0.8) | Pop mean: 0.84 | Sigma: 0.0053 | Nodes: 40 (mean 40.0) | 0.2s/gen
Iterat #Fevals   function value  axis ratio  sigma  min&max std  t[m:s]
 1001 128128 -8.437838903677413e-01 5.4e+00 5.81e-03  5e-03  8e-03 8:28.0
  Gen 1000 | Best: 0.84 (raw: 0.8) | Pop mean: 0.84 | Sigma: 0.0058 | Nodes: 40 (mean 40.0) | 0.2s/gen
 1011 129408 -8.437838903677413e-01 5.4e+00 5.91e-03  6e-03  9e-03 8:30.0
  Gen 1010 | Best: 0.84 (raw: 0.8) | Pop mean: 0.84 | Sigma: 0.0059 | Nodes: 40 (mean 40.0) | 0.2s/gen
 1021 130688 -8.437838903677413e-01 5.4e+00 6.03e-03  6e-03  9e-03 8:32.5
  Gen 1020 | Best: 0.84 (raw: 0.8) | Pop mean: 0.84 | Sigma: 0.0060 | Nodes: 40 (mean 40.0) | 0.2s/gen
 1031 131968 -8.437838903677413e-01 5.4e+00 6.33e-03  6e-03  9e-03 8:34.2
  Gen 1030 | Best: 0.84 (raw: 0.8) | Pop mean: 0.84 | Sigma: 0.0063 | Nodes: 40 (mean 40.0) | 0.2s/gen
 1041 133248 -8.437838903677413e-01 5.4e+00 6.21e-03  6e-03  9e-03 8:35.8
  Gen 1040 | Best: 0.84 (raw: 0.8) | Pop mean: 0.84 | Sigma: 0.0062 | Nodes: 40 (mean 40.0) | 0.2s/gen
 1051 134528 -8.437838903677413e-01 5.5e+00 5.88e-03  5e-03  8e-03 8:37.6
  Gen 1050 | Best: 0.84 (raw: 0.8) | Pop mean: 0.84 | Sigma: 0.0059 | Nodes: 40 (mean 40.0) | 0.2s/gen
 1061 135808 -8.437838903677413e-01 5.5e+00 6.11e-03  6e-03  9e-03 8:39.4
  Gen 1060 | Best: 0.84 (raw: 0.8) | Pop mean: 0.84 | Sigma: 0.0061 | Nodes: 40 (mean 40.0) | 0.2s/gen
 1071 137088 -8.437838903677413e-01 5.5e+00 6.42e-03  6e-03  9e-03 8:41.2
  Gen 1070 | Best: 0.84 (raw: 0.8) | Pop mean: 0.84 | Sigma: 0.0064 | Nodes: 40 (mean 39.6) | 0.2s/gen
 1081 138368 -8.437838903677413e-01 5.5e+00 6.66e-03  6e-03  1e-02 8:43.0
  Gen 1080 | Best: 0.84 (raw: 0.8) | Pop mean: 0.84 | Sigma: 0.0067 | Nodes: 40 (mean 39.5) | 0.2s/gen
 1091 139648 -8.437838903677413e-01 5.5e+00 6.90e-03  6e-03  1e-02 8:44.8
  Gen 1090 | Best: 0.84 (raw: 0.8) | Pop mean: 0.84 | Sigma: 0.0069 | Nodes: 40 (mean 40.0) | 0.2s/gen
Iterat #Fevals   function value  axis ratio  sigma  min&max std  t[m:s]
 1101 140928 -8.437838903677413e-01 5.6e+00 6.92e-03  6e-03  1e-02 8:46.6
  Gen 1100 | Best: 0.84 (raw: 0.8) | Pop mean: 0.84 | Sigma: 0.0069 | Nodes: 40 (mean 40.0) | 0.2s/gen
 1111 142208 -8.437838903677413e-01 5.6e+00 6.69e-03  6e-03  1e-02 8:48.4
  Gen 1110 | Best: 0.84 (raw: 0.8) | Pop mean: 0.84 | Sigma: 0.0067 | Nodes: 40 (mean 40.0) | 0.2s/gen
 1121 143488 -8.437838903677413e-01 5.6e+00 6.44e-03  6e-03  9e-03 8:50.1
  Gen 1120 | Best: 0.84 (raw: 0.8) | Pop mean: 0.84 | Sigma: 0.0064 | Nodes: 40 (mean 40.0) | 0.2s/gen
 1131 144768 -8.437838903677413e-01 5.6e+00 6.68e-03  6e-03  1e-02 8:51.8
  Gen 1130 | Best: 0.84 (raw: 0.8) | Pop mean: 0.84 | Sigma: 0.0067 | Nodes: 40 (mean 40.0) | 0.2s/gen
 1141 146048 -8.437838903677413e-01 5.6e+00 6.62e-03  6e-03  1e-02 8:53.5
  Gen 1140 | Best: 0.84 (raw: 0.8) | Pop mean: 0.84 | Sigma: 0.0066 | Nodes: 40 (mean 40.0) | 0.2s/gen
 1151 147328 -8.437838903677413e-01 5.6e+00 6.60e-03  6e-03  1e-02 8:55.2
  Gen 1150 | Best: 0.84 (raw: 0.8) | Pop mean: 0.84 | Sigma: 0.0066 | Nodes: 40 (mean 40.0) | 0.2s/gen
 1161 148608 -8.437838903677413e-01 5.7e+00 6.59e-03  6e-03  1e-02 8:56.8
  Gen 1160 | Best: 0.84 (raw: 0.8) | Pop mean: 0.84 | Sigma: 0.0066 | Nodes: 40 (mean 40.0) | 0.2s/gen
 1171 149888 -8.437838903677413e-01 5.7e+00 6.83e-03  6e-03  1e-02 8:58.5
  Gen 1170 | Best: 0.84 (raw: 0.8) | Pop mean: 0.84 | Sigma: 0.0068 | Nodes: 40 (mean 40.0) | 0.2s/gen
 1181 151168 -8.437838903677413e-01 5.7e+00 6.70e-03  6e-03  1e-02 9:00.3
  Gen 1180 | Best: 0.84 (raw: 0.8) | Pop mean: 0.84 | Sigma: 0.0067 | Nodes: 40 (mean 40.0) | 0.2s/gen
 1191 152448 -8.437838903677413e-01 5.7e+00 6.51e-03  6e-03  9e-03 9:02.1
  Gen 1190 | Best: 0.84 (raw: 0.8) | Pop mean: 0.84 | Sigma: 0.0065 | Nodes: 40 (mean 40.0) | 0.2s/gen
Iterat #Fevals   function value  axis ratio  sigma  min&max std  t[m:s]
 1201 153728 -8.437838903677413e-01 5.7e+00 6.62e-03  6e-03  1e-02 9:03.9
  Gen 1200 | Best: 0.84 (raw: 0.8) | Pop mean: 0.84 | Sigma: 0.0066 | Nodes: 40 (mean 40.0) | 0.2s/gen
 1211 155008 -8.437838903677413e-01 5.8e+00 6.71e-03  6e-03  1e-02 9:05.5
  Gen 1210 | Best: 0.84 (raw: 0.8) | Pop mean: 0.84 | Sigma: 0.0067 | Nodes: 40 (mean 40.0) | 0.2s/gen
 1221 156288 -8.437838903677413e-01 5.8e+00 6.52e-03  6e-03  9e-03 9:07.3
  Gen 1220 | Best: 0.84 (raw: 0.8) | Pop mean: 0.84 | Sigma: 0.0065 | Nodes: 40 (mean 40.0) | 0.2s/gen
 1231 157568 -8.437838903677413e-01 5.8e+00 6.47e-03  6e-03  9e-03 9:09.0
  Gen 1230 | Best: 0.84 (raw: 0.8) | Pop mean: 0.84 | Sigma: 0.0065 | Nodes: 40 (mean 40.0) | 0.2s/gen
 1241 158848 -8.437838903677413e-01 5.8e+00 6.34e-03  6e-03  9e-03 9:10.7
  Gen 1240 | Best: 0.84 (raw: 0.8) | Pop mean: 0.84 | Sigma: 0.0063 | Nodes: 40 (mean 40.0) | 0.2s/gen
 1251 160128 -8.437838903677413e-01 5.8e+00 6.11e-03  6e-03  9e-03 9:12.4
  Gen 1250 | Best: 0.84 (raw: 0.8) | Pop mean: 0.84 | Sigma: 0.0061 | Nodes: 40 (mean 40.0) | 0.2s/gen
 1261 161408 -8.437838903677413e-01 5.8e+00 5.65e-03  5e-03  8e-03 9:14.1
  Gen 1260 | Best: 0.84 (raw: 0.8) | Pop mean: 0.84 | Sigma: 0.0057 | Nodes: 40 (mean 40.0) | 0.2s/gen
 1271 162688 -8.437838903677413e-01 5.8e+00 5.26e-03  5e-03  8e-03 9:15.8
  Gen 1270 | Best: 0.84 (raw: 0.8) | Pop mean: 0.84 | Sigma: 0.0053 | Nodes: 40 (mean 40.0) | 0.2s/gen
 1281 163968 -8.437838903677413e-01 5.9e+00 5.37e-03  5e-03  8e-03 9:17.4
  Gen 1280 | Best: 0.84 (raw: 0.8) | Pop mean: 0.84 | Sigma: 0.0054 | Nodes: 40 (mean 40.0) | 0.2s/gen
 1291 165248 -8.437838903677413e-01 5.9e+00 5.34e-03  5e-03  8e-03 9:19.1
  Gen 1290 | Best: 0.84 (raw: 0.8) | Pop mean: 0.84 | Sigma: 0.0053 | Nodes: 40 (mean 40.0) | 0.2s/gen
Iterat #Fevals   function value  axis ratio  sigma  min&max std  t[m:s]
 1301 166528 -8.437838903677413e-01 5.9e+00 5.44e-03  5e-03  8e-03 9:20.8
  Gen 1300 | Best: 0.84 (raw: 0.8) | Pop mean: 0.84 | Sigma: 0.0054 | Nodes: 40 (mean 40.0) | 0.2s/gen
 1311 167808 -8.437838903677413e-01 5.9e+00 5.57e-03  5e-03  8e-03 9:22.6
  Gen 1310 | Best: 0.84 (raw: 0.8) | Pop mean: 0.84 | Sigma: 0.0056 | Nodes: 40 (mean 40.0) | 0.2s/gen
 1321 169088 -8.437838903677413e-01 5.9e+00 5.38e-03  5e-03  8e-03 9:24.5
  Gen 1320 | Best: 0.84 (raw: 0.8) | Pop mean: 0.84 | Sigma: 0.0054 | Nodes: 40 (mean 40.0) | 0.2s/gen
 1331 170368 -8.437838903677413e-01 5.9e+00 5.21e-03  5e-03  8e-03 9:26.1
  Gen 1330 | Best: 0.84 (raw: 0.8) | Pop mean: 0.84 | Sigma: 0.0052 | Nodes: 40 (mean 40.0) | 0.2s/gen
 1341 171648 -8.437838903677413e-01 5.9e+00 5.08e-03  5e-03  7e-03 9:27.8
  Gen 1340 | Best: 0.84 (raw: 0.8) | Pop mean: 0.84 | Sigma: 0.0051 | Nodes: 40 (mean 40.0) | 0.2s/gen
 1351 172928 -8.437838903677413e-01 5.9e+00 4.90e-03  5e-03  7e-03 9:29.5
  Gen 1350 | Best: 0.84 (raw: 0.8) | Pop mean: 0.84 | Sigma: 0.0049 | Nodes: 40 (mean 40.0) | 0.2s/gen
 1361 174208 -8.437838903677413e-01 5.9e+00 4.43e-03  5e-03  6e-03 9:31.3
  Gen 1360 | Best: 0.84 (raw: 0.8) | Pop mean: 0.84 | Sigma: 0.0044 | Nodes: 40 (mean 40.0) | 0.2s/gen
 1371 175488 -8.437838903677413e-01 6.0e+00 4.30e-03  5e-03  6e-03 9:33.0
  Gen 1370 | Best: 0.84 (raw: 0.8) | Pop mean: 0.84 | Sigma: 0.0043 | Nodes: 40 (mean 40.0) | 0.2s/gen
 1381 176768 -8.437838903677413e-01 6.0e+00 4.47e-03  5e-03  6e-03 9:34.6
  Gen 1380 | Best: 0.84 (raw: 0.8) | Pop mean: 0.84 | Sigma: 0.0045 | Nodes: 40 (mean 40.0) | 0.2s/gen
 1391 178048 -8.437838903677413e-01 6.0e+00 4.30e-03  5e-03  6e-03 9:36.4
  Gen 1390 | Best: 0.84 (raw: 0.8) | Pop mean: 0.84 | Sigma: 0.0043 | Nodes: 40 (mean 40.0) | 0.2s/gen
Iterat #Fevals   function value  axis ratio  sigma  min&max std  t[m:s]
 1401 179328 -8.437838903677413e-01 6.0e+00 4.15e-03  5e-03  6e-03 9:38.1
  Gen 1400 | Best: 0.84 (raw: 0.8) | Pop mean: 0.84 | Sigma: 0.0042 | Nodes: 40 (mean 40.0) | 0.2s/gen
 1411 180608 -8.437838903677413e-01 6.0e+00 4.08e-03  5e-03  6e-03 9:40.0
  Gen 1410 | Best: 0.84 (raw: 0.8) | Pop mean: 0.84 | Sigma: 0.0041 | Nodes: 40 (mean 40.0) | 0.2s/gen
 1421 181888 -8.437838903677413e-01 6.0e+00 3.85e-03  5e-03  6e-03 9:41.7
  Gen 1420 | Best: 0.84 (raw: 0.8) | Pop mean: 0.84 | Sigma: 0.0039 | Nodes: 40 (mean 40.0) | 0.2s/gen
 1431 183168 -8.437838903677413e-01 6.1e+00 4.01e-03  5e-03  6e-03 9:43.4
  Gen 1430 | Best: 0.84 (raw: 0.8) | Pop mean: 0.84 | Sigma: 0.0040 | Nodes: 40 (mean 40.0) | 0.2s/gen
 1441 184448 -8.437838903677413e-01 6.1e+00 4.08e-03  5e-03  6e-03 9:45.1
  Gen 1440 | Best: 0.84 (raw: 0.8) | Pop mean: 0.84 | Sigma: 0.0041 | Nodes: 40 (mean 40.0) | 0.2s/gen
 1451 185728 -8.437838903677413e-01 6.1e+00 4.04e-03  5e-03  6e-03 9:46.9
  Gen 1450 | Best: 0.84 (raw: 0.8) | Pop mean: 0.84 | Sigma: 0.0040 | Nodes: 40 (mean 40.0) | 0.2s/gen
 1461 187008 -8.437838903677413e-01 6.1e+00 4.16e-03  5e-03  6e-03 9:49.3
  Gen 1460 | Best: 0.84 (raw: 0.8) | Pop mean: 0.84 | Sigma: 0.0042 | Nodes: 40 (mean 40.0) | 0.2s/gen
 1471 188288 -8.437838903677413e-01 6.1e+00 4.11e-03  5e-03  6e-03 9:51.1
  Gen 1470 | Best: 0.84 (raw: 0.8) | Pop mean: 0.84 | Sigma: 0.0041 | Nodes: 40 (mean 40.0) | 0.2s/gen
 1481 189568 -8.437838903677413e-01 6.1e+00 4.18e-03  5e-03  6e-03 9:53.0
  Gen 1480 | Best: 0.84 (raw: 0.8) | Pop mean: 0.84 | Sigma: 0.0042 | Nodes: 40 (mean 40.0) | 0.2s/gen
 1491 190848 -8.437838903677413e-01 6.1e+00 4.27e-03  5e-03  6e-03 9:54.8
  Gen 1490 | Best: 0.84 (raw: 0.8) | Pop mean: 0.84 | Sigma: 0.0043 | Nodes: 40 (mean 40.0) | 0.2s/gen

Evolution took:  597  seconds

========Optimizer output:==========================
Best single loss found (peak, any goal) was -0.8437838903677413
Best population centroid loss found was -0.843783890367741
===================================================


Saving models and config file — Run ID 1789304372

Final model has 111 parameters
Graph snapshot saved to saved_models/1789304372/graph_best.png

Running environment for best solution...

Checksum of initial network state before growth: -19.05300405400554
Checksum of graph G before growth: -12.141217391055099
The seed graph (before growth) has 9 nodes and 16 edges.
Checksum of network state after growth: 31.580674546592967
Checksum of graph G after growth: 497.9443450578488
The final grown graph has 40 nodes and 502 edges.
KA_retina retina fitness (op=and, balanced): 0.8438 (raw 201 / 256)

(mean) Episode reward for 1 env rollouts: 0.8437838903677413

Checksum of initial network state before growth: -19.05300405400554
Checksum of graph G before growth: -12.141217391055099
The seed graph (before growth) has 9 nodes and 16 edges.
Checksum of network state after growth: 31.580674546592967
Checksum of graph G after growth: 497.9443450578488
The final grown graph has 40 nodes and 502 edges.
KA_retina retina fitness (op=and, balanced): 0.8438 (raw 201 / 256)

(mean) Episode reward for 1 env rollouts: 0.8437838903677413

Checksum of initial network state before growth: -19.05300405400554
Checksum of graph G before growth: -12.141217391055099
The seed graph (before growth) has 9 nodes and 16 edges.
Checksum of network state after growth: 31.580674546592967
Checksum of graph G after growth: 497.9443450578488
The final grown graph has 40 nodes and 502 edges.
KA_retina retina fitness (op=and, balanced): 0.8438 (raw 201 / 256)

(mean) Episode reward for 1 env rollouts: 0.8437838903677413

-------

(mean) Episodes reward for 3 runs: 0.8437838903677412

---------------------------------------------


Running environment for centroid solution...

Running environment for centroid solution...

BYE! - ID: 1789304372
[FG] completed: run 1789304372

=== Scan: FG=3/5 [('1789303257', 3410590), ('1789303833', 7345678), ('1789304372', 7737269)] | MVG=5/5 [('1786053806', 7318332), ('1788817038', 6550047), ('1788821061', 7766560), ('1788866451', 6779840), ('1788871442', 9985617)] ===

[FG] launching: C:\Users\raduc\miniconda3\envs\ndp\python.exe train.py --conf experiments_paper/retina/run_experiment.yaml --generations 1500 --popsize 128 --balanced-fitness --no-early-stopping --operation and --snapshot
Model ID: 1789304978

Config:
{'dev_mode': 0, 'project_name': 'Developmental networks', 'group': 'default', 'notes experiment': None, 'device': 0, 'return_loss': 0, 'environment': 'KA_retina', 'node_based_growth': True, 'node_pairs_based_growth': False, 'edge_based_growth': False, 'probabilistic_growth': False, 'coevolve_initial_embeddings': True, 'undirected': True, 'node_embedding_size': 3, 'binary_connectivity': False, 'additive_update': False, 'persistent_observation_rollout': True, 'number_of_growth_cycles': 6, 'initial_embeddings_random': False, 'shared_intial_graph_bool': True, 'shared_intial_embedding': True, 'initial_sparsity': 1, 'self_link_allowed_during_querying': False, 'extra_nodes': -1, 'network_thinking_time_extra_growth': 2, 'network_thinking_time_extra_rollout': 3, 'NN_transform_node_embedding_during_growth': True, 'prunning_phase': False, 'prunning_threshold': 0.3, 'fewer_edges': False, 'fewer_nodes': False, 'balanced_weights': False, 'growth_model_last_layer_activated': False, 'transform_model_last_layer_activated': True, 'mlp_weight_values_last_layer_activated': True, 'mlp_growth_hidden_layers_dims': [5], 'mlp_embedding_transform_hidden_layers_dims': [5], 'mlp_weight_values_hidden_layers_dims': [5], 'growth_model_bias': True, 'mlp_weight_values_bias': True, 'transform_model_bias': True, 'recurrent_activation_function': 'tanh', 'use_torch': False, 'optimizer': 'CMAES', 'maximise': True, 'sigma_init': 0.5, 'generations': 1500, 'popsize': 128, 'CMA_elitist': True, 'minstd': 0.005, 'x0_dist': 'U[-1,1]', 'checkpoint_id': None, 'nb_episode_evals': 1, 'nb_growth_evals': 1, 'early_stopping': False, 'early_stopping_conditions': {'generation': 500, 'objective_value': -3}, 'flattening_stopping': False, 'flattening_stopping_conditions': {'min_generation': 1500, 'last_generations': 500, 'min_std': 5}, 'evolution_feval_check_every': 2000, 'evolution_feval_check_N': 10, 'reward_if_graph_too_small': 200, 'threads': -1, 'seed': None, 'env_seed': None, 'save_model': 1, 'render': 1, 'print_every': 10, 'visualise_network': 0, 'histogram_degree': 0, 'layout': 'random_fixed', 'arrows': True, 'log_gen_time': True, 'snapshot': True, 'show': False, 'nb_eval_seeds': 10, 'balanced_fitness': True, 'operation': 'and', 'mvg': False, 'mvg_ops': ['and', 'or'], 'mvg_switch_interval': 20, 'target': 1.0, 'id': '1789304978', '_path': 'saved_models/1789304978'}

Seed:  1231914
Env_seed:  None
The growth model has 111 trainable parameters
(64_w,128)-aCMA-ES (mu_w=34.2,w_1=6%) in dimension 111 (seed=1231914, Sun Sep 13 14:09:38 2026)

.......................................................

Initilisating CMA-ES with 111 trainable parameters 


--- Starting Evolution ---


Using 16 cores

Baseline (untrained x0 DNA): fitness=0.7839 (raw=0.8) | Nodes: 549

Iterat #Fevals   function value  axis ratio  sigma  min&max std  t[m:s]
    1    128 -8.239179729862960e-01 1.0e+00 4.88e-01  5e-01  5e-01 0:19.6
  Gen    0 | Best: 0.82 (raw: 0.8) | Pop mean: 0.60 | Sigma: 0.4884 | Nodes: 9 (mean 246.3) | 2.1s/gen
   11   1408 -8.432416444838805e-01 1.1e+00 5.45e-01  5e-01  5e-01 1:14.8
  Gen   10 | Best: 0.84 (raw: 0.8) | Pop mean: 0.82 | Sigma: 0.5452 | Nodes: 9 (mean 21.5) | 5.5s/gen
   21   2688 -8.432416444838805e-01 1.2e+00 5.48e-01  5e-01  6e-01 1:24.5
  Gen   20 | Best: 0.84 (raw: 0.8) | Pop mean: 0.82 | Sigma: 0.5480 | Nodes: 9 (mean 11.5) | 1.0s/gen
   31   3968 -8.432416444838805e-01 1.3e+00 5.30e-01  5e-01  5e-01 1:35.2
  Gen   30 | Best: 0.84 (raw: 0.8) | Pop mean: 0.83 | Sigma: 0.5296 | Nodes: 9 (mean 9.2) | 1.1s/gen
   41   5248 -8.432416444838805e-01 1.3e+00 5.25e-01  5e-01  5e-01 1:51.7
  Gen   40 | Best: 0.84 (raw: 0.8) | Pop mean: 0.83 | Sigma: 0.5245 | Nodes: 9 (mean 17.8) | 1.7s/gen
   51   6528 -8.432416444838805e-01 1.4e+00 5.09e-01  5e-01  5e-01 1:58.0
  Gen   50 | Best: 0.84 (raw: 0.8) | Pop mean: 0.82 | Sigma: 0.5086 | Nodes: 9 (mean 15.1) | 0.6s/gen
   61   7808 -8.432416444838805e-01 1.4e+00 5.05e-01  5e-01  5e-01 2:03.5
  Gen   60 | Best: 0.84 (raw: 0.8) | Pop mean: 0.83 | Sigma: 0.5052 | Nodes: 9 (mean 9.4) | 0.5s/gen
   71   9088 -8.432416444838805e-01 1.4e+00 5.16e-01  5e-01  5e-01 2:11.1
  Gen   70 | Best: 0.84 (raw: 0.8) | Pop mean: 0.83 | Sigma: 0.5161 | Nodes: 9 (mean 11.5) | 0.8s/gen
   81  10368 -8.432416444838805e-01 1.5e+00 5.16e-01  5e-01  5e-01 2:22.2
  Gen   80 | Best: 0.84 (raw: 0.8) | Pop mean: 0.82 | Sigma: 0.5156 | Nodes: 9 (mean 16.4) | 1.1s/gen
   91  11648 -8.432416444838805e-01 1.5e+00 5.18e-01  5e-01  5e-01 2:33.2
  Gen   90 | Best: 0.84 (raw: 0.8) | Pop mean: 0.83 | Sigma: 0.5175 | Nodes: 9 (mean 15.6) | 1.1s/gen
Iterat #Fevals   function value  axis ratio  sigma  min&max std  t[m:s]
  101  12928 -8.432416444838805e-01 1.5e+00 5.08e-01  5e-01  5e-01 2:40.7
  Gen  100 | Best: 0.84 (raw: 0.8) | Pop mean: 0.83 | Sigma: 0.5078 | Nodes: 9 (mean 9.0) | 0.8s/gen
  111  14208 -8.432416444838805e-01 1.5e+00 4.81e-01  5e-01  5e-01 2:45.7
  Gen  110 | Best: 0.84 (raw: 0.8) | Pop mean: 0.83 | Sigma: 0.4811 | Nodes: 9 (mean 9.1) | 0.5s/gen
  121  15488 -8.432416444838805e-01 1.5e+00 4.83e-01  5e-01  5e-01 2:52.0
  Gen  120 | Best: 0.84 (raw: 0.8) | Pop mean: 0.83 | Sigma: 0.4832 | Nodes: 9 (mean 9.0) | 0.6s/gen
  131  16768 -8.432416444838805e-01 1.5e+00 4.72e-01  5e-01  5e-01 2:55.2
  Gen  130 | Best: 0.84 (raw: 0.8) | Pop mean: 0.83 | Sigma: 0.4716 | Nodes: 9 (mean 9.4) | 0.3s/gen
  141  18048 -8.432416444838805e-01 1.5e+00 5.10e-01  5e-01  5e-01 2:56.7
  Gen  140 | Best: 0.84 (raw: 0.8) | Pop mean: 0.83 | Sigma: 0.5100 | Nodes: 9 (mean 9.0) | 0.2s/gen
  151  19328 -8.432416444838805e-01 1.5e+00 5.04e-01  5e-01  5e-01 2:58.3
  Gen  150 | Best: 0.84 (raw: 0.8) | Pop mean: 0.83 | Sigma: 0.5040 | Nodes: 9 (mean 9.0) | 0.2s/gen
  161  20608 -8.432416444838805e-01 1.5e+00 4.99e-01  5e-01  5e-01 2:59.9
  Gen  160 | Best: 0.84 (raw: 0.8) | Pop mean: 0.83 | Sigma: 0.4993 | Nodes: 9 (mean 9.1) | 0.2s/gen
  171  21888 -8.432416444838805e-01 1.5e+00 4.96e-01  5e-01  5e-01 3:02.3
  Gen  170 | Best: 0.84 (raw: 0.8) | Pop mean: 0.83 | Sigma: 0.4959 | Nodes: 9 (mean 12.2) | 0.2s/gen
  181  23168 -8.432416444838805e-01 1.6e+00 4.78e-01  5e-01  5e-01 3:11.1
  Gen  180 | Best: 0.84 (raw: 0.8) | Pop mean: 0.83 | Sigma: 0.4784 | Nodes: 9 (mean 15.5) | 0.9s/gen
  191  24448 -8.432416444838805e-01 1.6e+00 4.59e-01  4e-01  5e-01 3:16.5
  Gen  190 | Best: 0.84 (raw: 0.8) | Pop mean: 0.83 | Sigma: 0.4594 | Nodes: 9 (mean 9.1) | 0.5s/gen
Iterat #Fevals   function value  axis ratio  sigma  min&max std  t[m:s]
  201  25728 -8.432416444838805e-01 1.6e+00 4.50e-01  4e-01  5e-01 3:19.6
  Gen  200 | Best: 0.84 (raw: 0.8) | Pop mean: 0.82 | Sigma: 0.4500 | Nodes: 9 (mean 9.1) | 0.3s/gen
  211  27008 -8.432416444838805e-01 1.6e+00 4.67e-01  4e-01  5e-01 3:21.1
  Gen  210 | Best: 0.84 (raw: 0.8) | Pop mean: 0.83 | Sigma: 0.4671 | Nodes: 9 (mean 9.0) | 0.2s/gen
  221  28288 -8.432416444838805e-01 1.6e+00 4.86e-01  5e-01  5e-01 3:23.4
  Gen  220 | Best: 0.84 (raw: 0.8) | Pop mean: 0.83 | Sigma: 0.4856 | Nodes: 9 (mean 9.0) | 0.2s/gen
  231  29568 -8.432416444838805e-01 1.6e+00 4.97e-01  5e-01  5e-01 3:29.3
  Gen  230 | Best: 0.84 (raw: 0.8) | Pop mean: 0.83 | Sigma: 0.4968 | Nodes: 9 (mean 9.5) | 0.6s/gen
  Gen  240 | Best: 0.84 (raw: 0.8) | Pop mean: 0.83 | Sigma: 0.5066 | Nodes: 9 (mean 15.0) | 1.1s/gen
  251  32128 -8.432416444838805e-01 1.6e+00 4.86e-01  5e-01  5e-01 3:58.9
  Gen  250 | Best: 0.84 (raw: 0.8) | Pop mean: 0.82 | Sigma: 0.4862 | Nodes: 9 (mean 20.9) | 1.8s/gen
  Gen  260 | Best: 0.84 (raw: 0.8) | Pop mean: 0.82 | Sigma: 0.4268 | Nodes: 17 (mean 19.5) | 1.9s/gen
  271  34688 -8.432416444838805e-01 1.7e+00 4.10e-01  4e-01  4e-01 4:35.8
  Gen  270 | Best: 0.84 (raw: 0.8) | Pop mean: 0.83 | Sigma: 0.4100 | Nodes: 10 (mean 27.7) | 1.8s/gen
  Gen  280 | Best: 0.84 (raw: 0.8) | Pop mean: 0.81 | Sigma: 0.3928 | Nodes: 20 (mean 34.4) | 1.8s/gen
  291  37248 -8.432416444838805e-01 1.7e+00 3.50e-01  3e-01  4e-01 5:14.9
  Gen  290 | Best: 0.84 (raw: 0.8) | Pop mean: 0.83 | Sigma: 0.3499 | Nodes: 22 (mean 21.6) | 2.1s/gen
Iterat #Fevals   function value  axis ratio  sigma  min&max std  t[m:s]
  Gen  300 | Best: 0.84 (raw: 0.8) | Pop mean: 0.82 | Sigma: 0.3024 | Nodes: 12 (mean 42.1) | 1.9s/gen
  311  39808 -8.432416444838805e-01 1.8e+00 2.63e-01  2e-01  3e-01 5:57.4
  Gen  310 | Best: 0.84 (raw: 0.8) | Pop mean: 0.79 | Sigma: 0.2634 | Nodes: 16 (mean 44.7) | 2.3s/gen
  Gen  320 | Best: 0.84 (raw: 0.8) | Pop mean: 0.82 | Sigma: 0.2239 | Nodes: 14 (mean 17.4) | 1.3s/gen
  Gen  330 | Best: 0.84 (raw: 0.8) | Pop mean: 0.83 | Sigma: 0.1903 | Nodes: 20 (mean 20.3) | 0.5s/gen
  341  43648 -8.432416444838805e-01 1.8e+00 1.65e-01  2e-01  2e-01 6:33.7
  Gen  340 | Best: 0.84 (raw: 0.8) | Pop mean: 0.81 | Sigma: 0.1655 | Nodes: 18 (mean 21.1) | 1.8s/gen
  Gen  350 | Best: 0.84 (raw: 0.8) | Pop mean: 0.83 | Sigma: 0.1456 | Nodes: 24 (mean 16.3) | 1.3s/gen
  361  46208 -8.432416444838805e-01 1.8e+00 1.23e-01  1e-01  1e-01 6:58.0
  Gen  360 | Best: 0.84 (raw: 0.8) | Pop mean: 0.81 | Sigma: 0.1229 | Nodes: 9 (mean 22.2) | 1.1s/gen
  371  47488 -8.432416444838805e-01 1.9e+00 1.06e-01  1e-01  1e-01 7:09.4
  Gen  370 | Best: 0.84 (raw: 0.8) | Pop mean: 0.82 | Sigma: 0.1060 | Nodes: 16 (mean 30.7) | 1.1s/gen
  381  48768 -8.432416444838805e-01 1.9e+00 9.23e-02  9e-02  9e-02 7:18.5
  Gen  380 | Best: 0.84 (raw: 0.8) | Pop mean: 0.82 | Sigma: 0.0923 | Nodes: 12 (mean 20.6) | 0.9s/gen
  Gen  390 | Best: 0.84 (raw: 0.8) | Pop mean: 0.83 | Sigma: 0.0821 | Nodes: 44 (mean 18.4) | 1.8s/gen
Iterat #Fevals   function value  axis ratio  sigma  min&max std  t[m:s]
  Gen  400 | Best: 0.84 (raw: 0.8) | Pop mean: 0.83 | Sigma: 0.0707 | Nodes: 12 (mean 17.3) | 0.5s/gen
  Gen  410 | Best: 0.84 (raw: 0.8) | Pop mean: 0.83 | Sigma: 0.0632 | Nodes: 12 (mean 16.2) | 0.4s/gen
  Gen  420 | Best: 0.84 (raw: 0.8) | Pop mean: 0.82 | Sigma: 0.0554 | Nodes: 11 (mean 16.1) | 0.2s/gen
  Gen  430 | Best: 0.84 (raw: 0.8) | Pop mean: 0.82 | Sigma: 0.0483 | Nodes: 12 (mean 15.4) | 0.2s/gen
  Gen  440 | Best: 0.84 (raw: 0.8) | Pop mean: 0.84 | Sigma: 0.0450 | Nodes: 10 (mean 14.6) | 0.2s/gen
  451  57728 -8.432416444838805e-01 2.2e+00 4.37e-02  4e-02  5e-02 7:51.3
  Gen  450 | Best: 0.84 (raw: 0.8) | Pop mean: 0.83 | Sigma: 0.0437 | Nodes: 10 (mean 14.9) | 0.2s/gen
  Gen  460 | Best: 0.84 (raw: 0.8) | Pop mean: 0.84 | Sigma: 0.0378 | Nodes: 14 (mean 14.8) | 0.2s/gen
  Gen  470 | Best: 0.84 (raw: 0.8) | Pop mean: 0.84 | Sigma: 0.0314 | Nodes: 12 (mean 13.6) | 0.2s/gen
  Gen  480 | Best: 0.84 (raw: 0.8) | Pop mean: 0.84 | Sigma: 0.0267 | Nodes: 12 (mean 14.6) | 0.2s/gen
  491  62848 -8.432416444838805e-01 2.2e+00 2.34e-02  2e-02  2e-02 7:57.8
  Gen  490 | Best: 0.84 (raw: 0.8) | Pop mean: 0.84 | Sigma: 0.0234 | Nodes: 11 (mean 13.2) | 0.2s/gen
Iterat #Fevals   function value  axis ratio  sigma  min&max std  t[m:s]
  501  64128 -8.432416444838805e-01 2.3e+00 2.11e-02  2e-02  2e-02 7:59.5
  Gen  500 | Best: 0.84 (raw: 0.8) | Pop mean: 0.84 | Sigma: 0.0211 | Nodes: 12 (mean 13.5) | 0.2s/gen
  511  65408 -8.432416444838805e-01 2.3e+00 1.84e-02  2e-02  2e-02 8:01.1
  Gen  510 | Best: 0.84 (raw: 0.8) | Pop mean: 0.84 | Sigma: 0.0184 | Nodes: 12 (mean 12.9) | 0.2s/gen
  521  66688 -8.432416444838805e-01 2.3e+00 1.58e-02  1e-02  2e-02 8:02.7
  Gen  520 | Best: 0.84 (raw: 0.8) | Pop mean: 0.84 | Sigma: 0.0158 | Nodes: 12 (mean 12.5) | 0.2s/gen
  531  67968 -8.432416444838805e-01 2.4e+00 1.39e-02  1e-02  1e-02 8:04.3
  Gen  530 | Best: 0.84 (raw: 0.8) | Pop mean: 0.84 | Sigma: 0.0139 | Nodes: 12 (mean 13.5) | 0.2s/gen
  541  69248 -8.432416444838805e-01 2.4e+00 1.19e-02  1e-02  1e-02 8:06.0
  Gen  540 | Best: 0.84 (raw: 0.8) | Pop mean: 0.84 | Sigma: 0.0119 | Nodes: 18 (mean 13.6) | 0.2s/gen
  551  70528 -8.432416444838805e-01 2.4e+00 1.02e-02  9e-03  1e-02 8:07.6
  Gen  550 | Best: 0.84 (raw: 0.8) | Pop mean: 0.84 | Sigma: 0.0102 | Nodes: 12 (mean 14.6) | 0.2s/gen
  561  71808 -8.432416444838805e-01 2.5e+00 9.00e-03  8e-03  1e-02 8:09.4
  Gen  560 | Best: 0.84 (raw: 0.8) | Pop mean: 0.84 | Sigma: 0.0090 | Nodes: 12 (mean 13.2) | 0.2s/gen
  571  73088 -8.432416444838805e-01 2.5e+00 7.54e-03  7e-03  8e-03 8:11.0
  Gen  570 | Best: 0.84 (raw: 0.8) | Pop mean: 0.84 | Sigma: 0.0075 | Nodes: 12 (mean 14.1) | 0.2s/gen
  581  74368 -8.432416444838805e-01 2.6e+00 6.71e-03  6e-03  7e-03 8:12.6
  Gen  580 | Best: 0.84 (raw: 0.8) | Pop mean: 0.84 | Sigma: 0.0067 | Nodes: 12 (mean 14.6) | 0.2s/gen
  591  75648 -8.432416444838805e-01 2.7e+00 5.75e-03  5e-03  6e-03 8:14.2
  Gen  590 | Best: 0.84 (raw: 0.8) | Pop mean: 0.84 | Sigma: 0.0057 | Nodes: 12 (mean 14.3) | 0.2s/gen
Iterat #Fevals   function value  axis ratio  sigma  min&max std  t[m:s]
  601  76928 -8.432416444838805e-01 2.9e+00 4.93e-03  5e-03  6e-03 8:15.8
  Gen  600 | Best: 0.84 (raw: 0.8) | Pop mean: 0.84 | Sigma: 0.0049 | Nodes: 12 (mean 13.9) | 0.2s/gen
  611  78208 -8.432416444838805e-01 3.1e+00 4.19e-03  5e-03  5e-03 8:17.3
  Gen  610 | Best: 0.84 (raw: 0.8) | Pop mean: 0.84 | Sigma: 0.0042 | Nodes: 12 (mean 13.8) | 0.2s/gen
  621  79488 -8.432416444838805e-01 3.3e+00 3.61e-03  5e-03  5e-03 8:18.9
  Gen  620 | Best: 0.84 (raw: 0.8) | Pop mean: 0.84 | Sigma: 0.0036 | Nodes: 12 (mean 13.9) | 0.2s/gen
  631  80768 -8.432416444838805e-01 3.4e+00 3.12e-03  5e-03  5e-03 8:20.5
  Gen  630 | Best: 0.84 (raw: 0.8) | Pop mean: 0.84 | Sigma: 0.0031 | Nodes: 12 (mean 13.8) | 0.2s/gen
  641  82048 -8.432416444838805e-01 3.6e+00 2.63e-03  5e-03  5e-03 8:22.5
  Gen  640 | Best: 0.84 (raw: 0.8) | Pop mean: 0.84 | Sigma: 0.0026 | Nodes: 12 (mean 14.3) | 0.2s/gen
  651  83328 -8.432416444838805e-01 3.8e+00 2.21e-03  5e-03  5e-03 8:24.5
  Gen  650 | Best: 0.84 (raw: 0.8) | Pop mean: 0.84 | Sigma: 0.0022 | Nodes: 12 (mean 13.0) | 0.2s/gen
  661  84608 -8.432416444838805e-01 4.0e+00 1.83e-03  5e-03  5e-03 8:26.3
  Gen  660 | Best: 0.84 (raw: 0.8) | Pop mean: 0.84 | Sigma: 0.0018 | Nodes: 18 (mean 13.8) | 0.2s/gen
  671  85888 -8.432416444838805e-01 4.1e+00 1.57e-03  5e-03  5e-03 8:28.1
  Gen  670 | Best: 0.84 (raw: 0.8) | Pop mean: 0.84 | Sigma: 0.0016 | Nodes: 12 (mean 13.4) | 0.2s/gen
  681  87168 -8.432416444838805e-01 4.3e+00 1.32e-03  5e-03  5e-03 8:29.7
  Gen  680 | Best: 0.84 (raw: 0.8) | Pop mean: 0.84 | Sigma: 0.0013 | Nodes: 12 (mean 14.5) | 0.2s/gen
  691  88448 -8.432416444838805e-01 4.5e+00 1.17e-03  5e-03  5e-03 8:31.4
  Gen  690 | Best: 0.84 (raw: 0.8) | Pop mean: 0.84 | Sigma: 0.0012 | Nodes: 12 (mean 13.6) | 0.2s/gen
Iterat #Fevals   function value  axis ratio  sigma  min&max std  t[m:s]
  701  89728 -8.432416444838805e-01 4.6e+00 9.94e-04  5e-03  5e-03 8:33.0
  Gen  700 | Best: 0.84 (raw: 0.8) | Pop mean: 0.84 | Sigma: 0.0010 | Nodes: 12 (mean 13.1) | 0.2s/gen
  711  91008 -8.432416444838805e-01 4.8e+00 8.86e-04  5e-03  5e-03 8:34.7
  Gen  710 | Best: 0.84 (raw: 0.8) | Pop mean: 0.84 | Sigma: 0.0009 | Nodes: 12 (mean 12.8) | 0.2s/gen
  721  92288 -8.432416444838805e-01 4.9e+00 7.55e-04  5e-03  5e-03 8:36.3
  Gen  720 | Best: 0.84 (raw: 0.8) | Pop mean: 0.84 | Sigma: 0.0008 | Nodes: 12 (mean 13.2) | 0.2s/gen
  731  93568 -8.432416444838805e-01 5.1e+00 6.45e-04  5e-03  5e-03 8:38.0
  Gen  730 | Best: 0.84 (raw: 0.8) | Pop mean: 0.84 | Sigma: 0.0006 | Nodes: 12 (mean 14.1) | 0.2s/gen
  741  94848 -8.432416444838805e-01 5.2e+00 5.44e-04  5e-03  5e-03 8:39.6
  Gen  740 | Best: 0.84 (raw: 0.8) | Pop mean: 0.84 | Sigma: 0.0005 | Nodes: 14 (mean 13.3) | 0.2s/gen
  751  96128 -8.432416444838805e-01 5.4e+00 4.86e-04  5e-03  5e-03 8:41.1
  Gen  750 | Best: 0.84 (raw: 0.8) | Pop mean: 0.84 | Sigma: 0.0005 | Nodes: 12 (mean 13.7) | 0.2s/gen
  761  97408 -8.432416444838805e-01 5.6e+00 4.13e-04  5e-03  5e-03 8:42.8
  Gen  760 | Best: 0.84 (raw: 0.8) | Pop mean: 0.84 | Sigma: 0.0004 | Nodes: 12 (mean 14.5) | 0.2s/gen
  771  98688 -8.432416444838805e-01 5.7e+00 3.70e-04  5e-03  5e-03 8:44.5
  Gen  770 | Best: 0.84 (raw: 0.8) | Pop mean: 0.84 | Sigma: 0.0004 | Nodes: 18 (mean 13.7) | 0.2s/gen
  781  99968 -8.432416444838805e-01 5.9e+00 3.22e-04  5e-03  5e-03 8:46.1
  Gen  780 | Best: 0.84 (raw: 0.8) | Pop mean: 0.84 | Sigma: 0.0003 | Nodes: 12 (mean 13.3) | 0.2s/gen
  791 101248 -8.432416444838805e-01 6.0e+00 2.65e-04  5e-03  5e-03 8:47.7
  Gen  790 | Best: 0.84 (raw: 0.8) | Pop mean: 0.84 | Sigma: 0.0003 | Nodes: 14 (mean 13.5) | 0.2s/gen
Iterat #Fevals   function value  axis ratio  sigma  min&max std  t[m:s]
  801 102528 -8.432416444838805e-01 6.2e+00 2.17e-04  5e-03  5e-03 8:49.4
  Gen  800 | Best: 0.84 (raw: 0.8) | Pop mean: 0.84 | Sigma: 0.0002 | Nodes: 12 (mean 13.0) | 0.2s/gen
  811 103808 -8.432416444838805e-01 6.3e+00 1.92e-04  5e-03  5e-03 8:50.9
  Gen  810 | Best: 0.84 (raw: 0.8) | Pop mean: 0.84 | Sigma: 0.0002 | Nodes: 12 (mean 14.3) | 0.2s/gen
  821 105088 -8.432416444838805e-01 6.5e+00 1.63e-04  5e-03  5e-03 8:52.5
  Gen  820 | Best: 0.84 (raw: 0.8) | Pop mean: 0.84 | Sigma: 0.0002 | Nodes: 12 (mean 13.3) | 0.2s/gen
  831 106368 -8.432416444838805e-01 6.6e+00 1.38e-04  5e-03  5e-03 8:54.1
  Gen  830 | Best: 0.84 (raw: 0.8) | Pop mean: 0.84 | Sigma: 0.0001 | Nodes: 12 (mean 14.5) | 0.2s/gen
  841 107648 -8.432416444838805e-01 6.8e+00 1.18e-04  5e-03  5e-03 8:55.8
  Gen  840 | Best: 0.84 (raw: 0.8) | Pop mean: 0.84 | Sigma: 0.0001 | Nodes: 12 (mean 13.9) | 0.2s/gen
  851 108928 -8.432416444838805e-01 6.9e+00 1.04e-04  5e-03  5e-03 8:57.4
  Gen  850 | Best: 0.84 (raw: 0.8) | Pop mean: 0.84 | Sigma: 0.0001 | Nodes: 12 (mean 13.5) | 0.2s/gen
  861 110208 -8.432416444838805e-01 7.1e+00 8.53e-05  5e-03  5e-03 8:59.0
  Gen  860 | Best: 0.84 (raw: 0.8) | Pop mean: 0.84 | Sigma: 0.0001 | Nodes: 12 (mean 13.3) | 0.2s/gen
  871 111488 -8.432416444838805e-01 7.2e+00 7.75e-05  5e-03  5e-03 9:00.7
  Gen  870 | Best: 0.84 (raw: 0.8) | Pop mean: 0.84 | Sigma: 0.0001 | Nodes: 22 (mean 13.6) | 0.2s/gen
  881 112768 -8.432416444838805e-01 7.4e+00 6.94e-05  5e-03  5e-03 9:02.3
  Gen  880 | Best: 0.84 (raw: 0.8) | Pop mean: 0.84 | Sigma: 0.0001 | Nodes: 12 (mean 14.0) | 0.2s/gen
  891 114048 -8.432416444838805e-01 7.5e+00 5.94e-05  5e-03  5e-03 9:03.9
  Gen  890 | Best: 0.84 (raw: 0.8) | Pop mean: 0.84 | Sigma: 0.0001 | Nodes: 12 (mean 14.2) | 0.2s/gen
Iterat #Fevals   function value  axis ratio  sigma  min&max std  t[m:s]
  901 115328 -8.432416444838805e-01 7.7e+00 5.20e-05  5e-03  5e-03 9:05.5
  Gen  900 | Best: 0.84 (raw: 0.8) | Pop mean: 0.84 | Sigma: 0.0001 | Nodes: 12 (mean 14.4) | 0.2s/gen
  911 116608 -8.432416444838805e-01 7.8e+00 4.55e-05  5e-03  5e-03 9:07.1
  Gen  910 | Best: 0.84 (raw: 0.8) | Pop mean: 0.84 | Sigma: 0.0000 | Nodes: 12 (mean 13.7) | 0.2s/gen
  921 117888 -8.432416444838805e-01 8.0e+00 3.84e-05  5e-03  5e-03 9:08.7
  Gen  920 | Best: 0.84 (raw: 0.8) | Pop mean: 0.84 | Sigma: 0.0000 | Nodes: 12 (mean 13.2) | 0.2s/gen
  Gen  930 | Best: 0.84 (raw: 0.8) | Pop mean: 0.84 | Sigma: 0.0000 | Nodes: 12 (mean 13.2) | 0.2s/gen
  941 120448 -8.432416444838805e-01 8.3e+00 2.83e-05  5e-03  5e-03 9:12.0
  Gen  940 | Best: 0.84 (raw: 0.8) | Pop mean: 0.84 | Sigma: 0.0000 | Nodes: 12 (mean 13.6) | 0.2s/gen
  Gen  950 | Best: 0.84 (raw: 0.8) | Pop mean: 0.84 | Sigma: 0.0000 | Nodes: 12 (mean 14.1) | 0.2s/gen
  961 123008 -8.432416444838805e-01 8.7e+00 2.10e-05  5e-03  5e-03 9:15.2
  Gen  960 | Best: 0.84 (raw: 0.8) | Pop mean: 0.84 | Sigma: 0.0000 | Nodes: 12 (mean 14.0) | 0.2s/gen
  971 124288 -8.432416444838805e-01 8.8e+00 1.78e-05  5e-03  5e-03 9:16.8
  Gen  970 | Best: 0.84 (raw: 0.8) | Pop mean: 0.84 | Sigma: 0.0000 | Nodes: 12 (mean 13.1) | 0.2s/gen
  981 125568 -8.432416444838805e-01 9.0e+00 1.50e-05  5e-03  5e-03 9:18.5
  Gen  980 | Best: 0.84 (raw: 0.8) | Pop mean: 0.84 | Sigma: 0.0000 | Nodes: 12 (mean 13.4) | 0.2s/gen
  991 126848 -8.432416444838805e-01 9.2e+00 1.32e-05  5e-03  5e-03 9:20.1
  Gen  990 | Best: 0.84 (raw: 0.8) | Pop mean: 0.84 | Sigma: 0.0000 | Nodes: 18 (mean 15.5) | 0.2s/gen
Iterat #Fevals   function value  axis ratio  sigma  min&max std  t[m:s]
 1001 128128 -8.432416444838805e-01 9.4e+00 1.17e-05  5e-03  5e-03 9:21.7
  Gen 1000 | Best: 0.84 (raw: 0.8) | Pop mean: 0.84 | Sigma: 0.0000 | Nodes: 12 (mean 13.5) | 0.2s/gen
 1011 129408 -8.432416444838805e-01 9.6e+00 9.96e-06  5e-03  5e-03 9:23.3
  Gen 1010 | Best: 0.84 (raw: 0.8) | Pop mean: 0.84 | Sigma: 0.0000 | Nodes: 12 (mean 13.5) | 0.2s/gen
 1021 130688 -8.432416444838805e-01 9.8e+00 8.75e-06  5e-03  5e-03 9:24.9
  Gen 1020 | Best: 0.84 (raw: 0.8) | Pop mean: 0.84 | Sigma: 0.0000 | Nodes: 12 (mean 14.8) | 0.2s/gen
 1031 131968 -8.432416444838805e-01 9.9e+00 7.48e-06  5e-03  5e-03 9:26.5
  Gen 1030 | Best: 0.84 (raw: 0.8) | Pop mean: 0.84 | Sigma: 0.0000 | Nodes: 12 (mean 13.3) | 0.2s/gen
 1041 133248 -8.432416444838805e-01 1.0e+01 6.44e-06  5e-03  5e-03 9:28.1
  Gen 1040 | Best: 0.84 (raw: 0.8) | Pop mean: 0.84 | Sigma: 0.0000 | Nodes: 12 (mean 13.2) | 0.2s/gen
 1051 134528 -8.432416444838805e-01 1.0e+01 5.34e-06  5e-03  5e-03 9:29.6
  Gen 1050 | Best: 0.84 (raw: 0.8) | Pop mean: 0.84 | Sigma: 0.0000 | Nodes: 12 (mean 12.8) | 0.1s/gen
 1061 135808 -8.432416444838805e-01 1.0e+01 4.57e-06  5e-03  5e-03 9:31.2
  Gen 1060 | Best: 0.84 (raw: 0.8) | Pop mean: 0.84 | Sigma: 0.0000 | Nodes: 12 (mean 13.1) | 0.2s/gen
 1071 137088 -8.432416444838805e-01 1.1e+01 3.84e-06  5e-03  5e-03 9:32.8
  Gen 1070 | Best: 0.84 (raw: 0.8) | Pop mean: 0.84 | Sigma: 0.0000 | Nodes: 12 (mean 13.5) | 0.2s/gen
 1081 138368 -8.432416444838805e-01 1.1e+01 3.37e-06  5e-03  5e-03 9:34.3
  Gen 1080 | Best: 0.84 (raw: 0.8) | Pop mean: 0.84 | Sigma: 0.0000 | Nodes: 12 (mean 13.4) | 0.1s/gen
 1091 139648 -8.432416444838805e-01 1.1e+01 2.90e-06  5e-03  5e-03 9:35.8
  Gen 1090 | Best: 0.84 (raw: 0.8) | Pop mean: 0.84 | Sigma: 0.0000 | Nodes: 12 (mean 13.1) | 0.2s/gen
Iterat #Fevals   function value  axis ratio  sigma  min&max std  t[m:s]
 1101 140928 -8.432416444838805e-01 1.1e+01 2.48e-06  5e-03  5e-03 9:37.3
  Gen 1100 | Best: 0.84 (raw: 0.8) | Pop mean: 0.84 | Sigma: 0.0000 | Nodes: 12 (mean 13.3) | 0.2s/gen
 1111 142208 -8.432416444838805e-01 1.1e+01 2.07e-06  5e-03  5e-03 9:38.9
  Gen 1110 | Best: 0.84 (raw: 0.8) | Pop mean: 0.84 | Sigma: 0.0000 | Nodes: 12 (mean 13.3) | 0.2s/gen
 1121 143488 -8.432416444838805e-01 1.1e+01 1.85e-06  5e-03  5e-03 9:40.4
  Gen 1120 | Best: 0.84 (raw: 0.8) | Pop mean: 0.84 | Sigma: 0.0000 | Nodes: 12 (mean 12.9) | 0.1s/gen
 1131 144768 -8.432416444838805e-01 1.1e+01 1.61e-06  5e-03  5e-03 9:41.9
  Gen 1130 | Best: 0.84 (raw: 0.8) | Pop mean: 0.84 | Sigma: 0.0000 | Nodes: 12 (mean 13.6) | 0.2s/gen
 1141 146048 -8.432416444838805e-01 1.1e+01 1.39e-06  5e-03  5e-03 9:43.5
  Gen 1140 | Best: 0.84 (raw: 0.8) | Pop mean: 0.84 | Sigma: 0.0000 | Nodes: 12 (mean 13.2) | 0.2s/gen
 1151 147328 -8.432416444838805e-01 1.2e+01 1.18e-06  5e-03  5e-03 9:45.1
  Gen 1150 | Best: 0.84 (raw: 0.8) | Pop mean: 0.84 | Sigma: 0.0000 | Nodes: 12 (mean 13.6) | 0.2s/gen
 1161 148608 -8.432416444838805e-01 1.2e+01 9.98e-07  5e-03  5e-03 9:46.8
  Gen 1160 | Best: 0.84 (raw: 0.8) | Pop mean: 0.84 | Sigma: 0.0000 | Nodes: 12 (mean 13.2) | 0.2s/gen
 1171 149888 -8.432416444838805e-01 1.2e+01 8.40e-07  5e-03  5e-03 9:48.3
  Gen 1170 | Best: 0.84 (raw: 0.8) | Pop mean: 0.84 | Sigma: 0.0000 | Nodes: 12 (mean 13.2) | 0.2s/gen
 1181 151168 -8.432416444838805e-01 1.2e+01 7.12e-07  5e-03  5e-03 9:49.9
  Gen 1180 | Best: 0.84 (raw: 0.8) | Pop mean: 0.84 | Sigma: 0.0000 | Nodes: 12 (mean 13.2) | 0.2s/gen
 1191 152448 -8.432416444838805e-01 1.2e+01 5.99e-07  5e-03  5e-03 9:51.6
  Gen 1190 | Best: 0.84 (raw: 0.8) | Pop mean: 0.84 | Sigma: 0.0000 | Nodes: 12 (mean 14.2) | 0.2s/gen
Iterat #Fevals   function value  axis ratio  sigma  min&max std  t[m:s]
 1201 153728 -8.432416444838805e-01 1.2e+01 5.22e-07  5e-03  5e-03 9:53.2
  Gen 1200 | Best: 0.84 (raw: 0.8) | Pop mean: 0.84 | Sigma: 0.0000 | Nodes: 12 (mean 14.2) | 0.2s/gen
 1211 155008 -8.432416444838805e-01 1.3e+01 4.67e-07  5e-03  5e-03 9:54.9
  Gen 1210 | Best: 0.84 (raw: 0.8) | Pop mean: 0.84 | Sigma: 0.0000 | Nodes: 12 (mean 14.2) | 0.2s/gen
 1221 156288 -8.432416444838805e-01 1.3e+01 4.05e-07  5e-03  5e-03 9:56.5
  Gen 1220 | Best: 0.84 (raw: 0.8) | Pop mean: 0.84 | Sigma: 0.0000 | Nodes: 12 (mean 13.5) | 0.2s/gen
 1231 157568 -8.432416444838805e-01 1.3e+01 3.54e-07  5e-03  5e-03 9:58.1
  Gen 1230 | Best: 0.84 (raw: 0.8) | Pop mean: 0.84 | Sigma: 0.0000 | Nodes: 12 (mean 14.5) | 0.2s/gen
 1241 158848 -8.432416444838805e-01 1.3e+01 3.10e-07  5e-03  5e-03 9:59.7
  Gen 1240 | Best: 0.84 (raw: 0.8) | Pop mean: 0.84 | Sigma: 0.0000 | Nodes: 12 (mean 13.2) | 0.2s/gen
 1251 160128 -8.432416444838805e-01 1.3e+01 2.79e-07  5e-03  5e-03 10:01.3
  Gen 1250 | Best: 0.84 (raw: 0.8) | Pop mean: 0.84 | Sigma: 0.0000 | Nodes: 18 (mean 13.5) | 0.2s/gen
 1261 161408 -8.432416444838805e-01 1.3e+01 2.43e-07  5e-03  5e-03 10:03.0
  Gen 1260 | Best: 0.84 (raw: 0.8) | Pop mean: 0.84 | Sigma: 0.0000 | Nodes: 18 (mean 13.4) | 0.2s/gen
 1271 162688 -8.432416444838805e-01 1.4e+01 2.05e-07  5e-03  5e-03 10:04.6
  Gen 1270 | Best: 0.84 (raw: 0.8) | Pop mean: 0.84 | Sigma: 0.0000 | Nodes: 12 (mean 13.0) | 0.2s/gen
 1281 163968 -8.432416444838805e-01 1.4e+01 1.82e-07  5e-03  5e-03 10:06.3
  Gen 1280 | Best: 0.84 (raw: 0.8) | Pop mean: 0.84 | Sigma: 0.0000 | Nodes: 12 (mean 13.6) | 0.2s/gen
 1291 165248 -8.432416444838805e-01 1.4e+01 1.57e-07  5e-03  5e-03 10:07.9
  Gen 1290 | Best: 0.84 (raw: 0.8) | Pop mean: 0.84 | Sigma: 0.0000 | Nodes: 12 (mean 13.4) | 0.2s/gen
Iterat #Fevals   function value  axis ratio  sigma  min&max std  t[m:s]
 1301 166528 -8.432416444838805e-01 1.4e+01 1.36e-07  5e-03  5e-03 10:09.5
  Gen 1300 | Best: 0.84 (raw: 0.8) | Pop mean: 0.83 | Sigma: 0.0000 | Nodes: 12 (mean 15.6) | 0.2s/gen
 1311 167808 -8.432416444838805e-01 1.5e+01 1.16e-07  5e-03  5e-03 10:11.2
  Gen 1310 | Best: 0.84 (raw: 0.8) | Pop mean: 0.84 | Sigma: 0.0000 | Nodes: 12 (mean 13.4) | 0.2s/gen
 1321 169088 -8.432416444838805e-01 1.5e+01 1.03e-07  5e-03  5e-03 10:12.9
  Gen 1320 | Best: 0.84 (raw: 0.8) | Pop mean: 0.84 | Sigma: 0.0000 | Nodes: 12 (mean 13.2) | 0.2s/gen
 1331 170368 -8.432416444838805e-01 1.5e+01 9.07e-08  5e-03  5e-03 10:14.4
  Gen 1330 | Best: 0.84 (raw: 0.8) | Pop mean: 0.84 | Sigma: 0.0000 | Nodes: 12 (mean 13.7) | 0.2s/gen
 1341 171648 -8.432416444838805e-01 1.5e+01 7.97e-08  5e-03  5e-03 10:16.1
  Gen 1340 | Best: 0.84 (raw: 0.8) | Pop mean: 0.84 | Sigma: 0.0000 | Nodes: 12 (mean 13.1) | 0.2s/gen
 1351 172928 -8.432416444838805e-01 1.6e+01 6.69e-08  5e-03  5e-03 10:17.8
  Gen 1350 | Best: 0.84 (raw: 0.8) | Pop mean: 0.84 | Sigma: 0.0000 | Nodes: 12 (mean 13.0) | 0.2s/gen
 1361 174208 -8.432416444838805e-01 1.6e+01 5.97e-08  5e-03  5e-03 10:19.5
  Gen 1360 | Best: 0.84 (raw: 0.8) | Pop mean: 0.84 | Sigma: 0.0000 | Nodes: 12 (mean 13.8) | 0.2s/gen
 1371 175488 -8.432416444838805e-01 1.6e+01 5.19e-08  5e-03  5e-03 10:21.0
  Gen 1370 | Best: 0.84 (raw: 0.8) | Pop mean: 0.84 | Sigma: 0.0000 | Nodes: 12 (mean 13.5) | 0.2s/gen
 1381 176768 -8.432416444838805e-01 1.6e+01 4.44e-08  5e-03  5e-03 10:22.8
  Gen 1380 | Best: 0.84 (raw: 0.8) | Pop mean: 0.84 | Sigma: 0.0000 | Nodes: 12 (mean 13.7) | 0.2s/gen
 1391 178048 -8.432416444838805e-01 1.6e+01 3.67e-08  5e-03  5e-03 10:24.4
  Gen 1390 | Best: 0.84 (raw: 0.8) | Pop mean: 0.84 | Sigma: 0.0000 | Nodes: 12 (mean 12.8) | 0.2s/gen
Iterat #Fevals   function value  axis ratio  sigma  min&max std  t[m:s]
 1401 179328 -8.432416444838805e-01 1.6e+01 3.11e-08  5e-03  5e-03 10:26.0
  Gen 1400 | Best: 0.84 (raw: 0.8) | Pop mean: 0.84 | Sigma: 0.0000 | Nodes: 12 (mean 12.7) | 0.2s/gen
 1411 180608 -8.432416444838805e-01 1.7e+01 2.66e-08  5e-03  5e-03 10:27.6
  Gen 1410 | Best: 0.84 (raw: 0.8) | Pop mean: 0.84 | Sigma: 0.0000 | Nodes: 18 (mean 13.2) | 0.2s/gen
 1421 181888 -8.432416444838805e-01 1.7e+01 2.33e-08  5e-03  5e-03 10:29.3
  Gen 1420 | Best: 0.84 (raw: 0.8) | Pop mean: 0.84 | Sigma: 0.0000 | Nodes: 14 (mean 13.8) | 0.2s/gen
 1431 183168 -8.432416444838805e-01 1.7e+01 1.94e-08  5e-03  5e-03 10:31.0
  Gen 1430 | Best: 0.84 (raw: 0.8) | Pop mean: 0.84 | Sigma: 0.0000 | Nodes: 12 (mean 12.9) | 0.2s/gen
 1441 184448 -8.432416444838805e-01 1.7e+01 1.61e-08  5e-03  5e-03 10:32.7
  Gen 1440 | Best: 0.84 (raw: 0.8) | Pop mean: 0.84 | Sigma: 0.0000 | Nodes: 12 (mean 13.5) | 0.2s/gen
 1451 185728 -8.432416444838805e-01 1.8e+01 1.40e-08  5e-03  5e-03 10:34.3
  Gen 1450 | Best: 0.84 (raw: 0.8) | Pop mean: 0.84 | Sigma: 0.0000 | Nodes: 12 (mean 13.0) | 0.2s/gen
 1461 187008 -8.432416444838805e-01 1.8e+01 1.21e-08  5e-03  5e-03 10:35.9
  Gen 1460 | Best: 0.84 (raw: 0.8) | Pop mean: 0.84 | Sigma: 0.0000 | Nodes: 12 (mean 13.5) | 0.2s/gen
 1471 188288 -8.432416444838805e-01 1.8e+01 1.04e-08  5e-03  5e-03 10:37.5
  Gen 1470 | Best: 0.84 (raw: 0.8) | Pop mean: 0.84 | Sigma: 0.0000 | Nodes: 12 (mean 13.5) | 0.2s/gen
 1481 189568 -8.432416444838805e-01 1.8e+01 8.87e-09  5e-03  5e-03 10:39.2
  Gen 1480 | Best: 0.84 (raw: 0.8) | Pop mean: 0.84 | Sigma: 0.0000 | Nodes: 12 (mean 12.6) | 0.2s/gen
 1491 190848 -8.432416444838805e-01 1.8e+01 7.54e-09  5e-03  5e-03 10:40.9
  Gen 1490 | Best: 0.84 (raw: 0.8) | Pop mean: 0.84 | Sigma: 0.0000 | Nodes: 12 (mean 13.5) | 0.2s/gen

Evolution took:  644  seconds

========Optimizer output:==========================
Best single loss found (peak, any goal) was -0.8539879720003943
Best population centroid loss found was -0.8424155667701863
===================================================


Saving models and config file — Run ID 1789304978

Final model has 111 parameters
Graph snapshot saved to saved_models/1789304978/graph_best.png

Running environment for best solution...

Checksum of initial network state before growth: 16.689020850674932
Checksum of graph G before growth: 0.9679180040198716
The seed graph (before growth) has 9 nodes and 16 edges.
Checksum of network state after growth: 0.6936088564214263
Checksum of graph G after growth: 66.55878559562137
The final grown graph has 12 nodes and 74 edges.
KA_retina retina fitness (op=and, balanced): 0.8540 (raw 202 / 256)

(mean) Episode reward for 1 env rollouts: 0.8539879720003943

Checksum of initial network state before growth: 16.689020850674932
Checksum of graph G before growth: 0.9679180040198716
The seed graph (before growth) has 9 nodes and 16 edges.
Checksum of network state after growth: 0.6936088564214263
Checksum of graph G after growth: 66.55878559562137
The final grown graph has 12 nodes and 74 edges.
KA_retina retina fitness (op=and, balanced): 0.8540 (raw 202 / 256)

(mean) Episode reward for 1 env rollouts: 0.8539879720003943

Checksum of initial network state before growth: 16.689020850674932
Checksum of graph G before growth: 0.9679180040198716
The seed graph (before growth) has 9 nodes and 16 edges.
Checksum of network state after growth: 0.6936088564214263
Checksum of graph G after growth: 66.55878559562137
The final grown graph has 12 nodes and 74 edges.
KA_retina retina fitness (op=and, balanced): 0.8540 (raw 202 / 256)

(mean) Episode reward for 1 env rollouts: 0.8539879720003943

-------

(mean) Episodes reward for 3 runs: 0.8539879720003943

---------------------------------------------


Running environment for centroid solution...

Running environment for centroid solution...

BYE! - ID: 1789304978
[FG] completed: run 1789304978

=== Scan: FG=4/5 [('1789303257', 3410590), ('1789303833', 7345678), ('1789304372', 7737269), ('1789304978', 1231914)] | MVG=5/5 [('1786053806', 7318332), ('1788817038', 6550047), ('1788821061', 7766560), ('1788866451', 6779840), ('1788871442', 9985617)] ===

[FG] launching: C:\Users\raduc\miniconda3\envs\ndp\python.exe train.py --conf experiments_paper/retina/run_experiment.yaml --generations 1500 --popsize 128 --balanced-fitness --no-early-stopping --operation and --snapshot
Model ID: 1789305630

Config:
{'dev_mode': 0, 'project_name': 'Developmental networks', 'group': 'default', 'notes experiment': None, 'device': 0, 'return_loss': 0, 'environment': 'KA_retina', 'node_based_growth': True, 'node_pairs_based_growth': False, 'edge_based_growth': False, 'probabilistic_growth': False, 'coevolve_initial_embeddings': True, 'undirected': True, 'node_embedding_size': 3, 'binary_connectivity': False, 'additive_update': False, 'persistent_observation_rollout': True, 'number_of_growth_cycles': 6, 'initial_embeddings_random': False, 'shared_intial_graph_bool': True, 'shared_intial_embedding': True, 'initial_sparsity': 1, 'self_link_allowed_during_querying': False, 'extra_nodes': -1, 'network_thinking_time_extra_growth': 2, 'network_thinking_time_extra_rollout': 3, 'NN_transform_node_embedding_during_growth': True, 'prunning_phase': False, 'prunning_threshold': 0.3, 'fewer_edges': False, 'fewer_nodes': False, 'balanced_weights': False, 'growth_model_last_layer_activated': False, 'transform_model_last_layer_activated': True, 'mlp_weight_values_last_layer_activated': True, 'mlp_growth_hidden_layers_dims': [5], 'mlp_embedding_transform_hidden_layers_dims': [5], 'mlp_weight_values_hidden_layers_dims': [5], 'growth_model_bias': True, 'mlp_weight_values_bias': True, 'transform_model_bias': True, 'recurrent_activation_function': 'tanh', 'use_torch': False, 'optimizer': 'CMAES', 'maximise': True, 'sigma_init': 0.5, 'generations': 1500, 'popsize': 128, 'CMA_elitist': True, 'minstd': 0.005, 'x0_dist': 'U[-1,1]', 'checkpoint_id': None, 'nb_episode_evals': 1, 'nb_growth_evals': 1, 'early_stopping': False, 'early_stopping_conditions': {'generation': 500, 'objective_value': -3}, 'flattening_stopping': False, 'flattening_stopping_conditions': {'min_generation': 1500, 'last_generations': 500, 'min_std': 5}, 'evolution_feval_check_every': 2000, 'evolution_feval_check_N': 10, 'reward_if_graph_too_small': 200, 'threads': -1, 'seed': None, 'env_seed': None, 'save_model': 1, 'render': 1, 'print_every': 10, 'visualise_network': 0, 'histogram_degree': 0, 'layout': 'random_fixed', 'arrows': True, 'log_gen_time': True, 'snapshot': True, 'show': False, 'nb_eval_seeds': 10, 'balanced_fitness': True, 'operation': 'and', 'mvg': False, 'mvg_ops': ['and', 'or'], 'mvg_switch_interval': 20, 'target': 1.0, 'id': '1789305630', '_path': 'saved_models/1789305630'}

Seed:  5316271
Env_seed:  None
The growth model has 111 trainable parameters
(64_w,128)-aCMA-ES (mu_w=34.2,w_1=6%) in dimension 111 (seed=5316271, Sun Sep 13 14:20:30 2026)

.......................................................

Initilisating CMA-ES with 111 trainable parameters 


--- Starting Evolution ---


Using 16 cores

Baseline (untrained x0 DNA): fitness=0.2161 (raw=0.2) | Nodes: 576

Iterat #Fevals   function value  axis ratio  sigma  min&max std  t[m:s]
    1    128 -7.960169575076408e-01 1.0e+00 4.90e-01  5e-01  5e-01 0:31.8
  Gen    0 | Best: 0.80 (raw: 0.8) | Pop mean: 0.39 | Sigma: 0.4896 | Nodes: 576 (mean 412.8) | 3.4s/gen
   11   1408 -8.432416444838805e-01 1.1e+00 5.48e-01  5e-01  6e-01 2:41.6
  Gen   10 | Best: 0.84 (raw: 0.8) | Pop mean: 0.81 | Sigma: 0.5479 | Nodes: 9 (mean 105.9) | 13.0s/gen
   21   2688 -8.432416444838805e-01 1.2e+00 5.57e-01  5e-01  6e-01 2:57.3
  Gen   20 | Best: 0.84 (raw: 0.8) | Pop mean: 0.83 | Sigma: 0.5566 | Nodes: 9 (mean 25.3) | 1.6s/gen
   31   3968 -8.432416444838805e-01 1.3e+00 5.57e-01  6e-01  6e-01 3:08.4
  Gen   30 | Best: 0.84 (raw: 0.8) | Pop mean: 0.82 | Sigma: 0.5569 | Nodes: 9 (mean 15.8) | 1.1s/gen
   41   5248 -8.437838903677413e-01 1.4e+00 5.56e-01  5e-01  6e-01 3:19.8
  Gen   40 | Best: 0.84 (raw: 0.8) | Pop mean: 0.82 | Sigma: 0.5558 | Nodes: 40 (mean 23.1) | 1.1s/gen
  Gen   50 | Best: 0.84 (raw: 0.8) | Pop mean: 0.82 | Sigma: 0.5347 | Nodes: 80 (mean 33.0) | 0.4s/gen
   61   7808 -8.432416444838805e-01 1.5e+00 4.71e-01  5e-01  5e-01 3:26.6
  Gen   60 | Best: 0.84 (raw: 0.8) | Pop mean: 0.80 | Sigma: 0.4709 | Nodes: 40 (mean 24.8) | 0.3s/gen
  Gen   70 | Best: 0.84 (raw: 0.8) | Pop mean: 0.81 | Sigma: 0.4304 | Nodes: 40 (mean 26.5) | 0.2s/gen
  Gen   80 | Best: 0.84 (raw: 0.8) | Pop mean: 0.82 | Sigma: 0.3812 | Nodes: 16 (mean 25.1) | 0.2s/gen
  Gen   90 | Best: 0.84 (raw: 0.8) | Pop mean: 0.83 | Sigma: 0.3257 | Nodes: 16 (mean 27.2) | 0.2s/gen
Iterat #Fevals   function value  axis ratio  sigma  min&max std  t[m:s]
  101  12928 -8.432416444838805e-01 1.6e+00 2.84e-01  3e-01  3e-01 3:33.4
  Gen  100 | Best: 0.84 (raw: 0.8) | Pop mean: 0.82 | Sigma: 0.2835 | Nodes: 22 (mean 26.5) | 0.2s/gen
  111  14208 -8.432416444838805e-01 1.6e+00 2.63e-01  3e-01  3e-01 3:35.1
  Gen  110 | Best: 0.84 (raw: 0.8) | Pop mean: 0.83 | Sigma: 0.2632 | Nodes: 16 (mean 30.3) | 0.2s/gen
  Gen  120 | Best: 0.84 (raw: 0.8) | Pop mean: 0.81 | Sigma: 0.2487 | Nodes: 40 (mean 31.4) | 0.2s/gen
  131  16768 -8.432416444838805e-01 1.7e+00 2.10e-01  2e-01  2e-01 3:38.5
  Gen  130 | Best: 0.84 (raw: 0.8) | Pop mean: 0.83 | Sigma: 0.2102 | Nodes: 40 (mean 34.4) | 0.2s/gen
  Gen  140 | Best: 0.84 (raw: 0.8) | Pop mean: 0.77 | Sigma: 0.1878 | Nodes: 40 (mean 28.3) | 0.2s/gen
  Gen  150 | Best: 0.84 (raw: 0.8) | Pop mean: 0.83 | Sigma: 0.1670 | Nodes: 16 (mean 27.4) | 0.2s/gen
  Gen  160 | Best: 0.84 (raw: 0.8) | Pop mean: 0.81 | Sigma: 0.1567 | Nodes: 16 (mean 23.4) | 0.2s/gen
  Gen  170 | Best: 0.84 (raw: 0.8) | Pop mean: 0.82 | Sigma: 0.1420 | Nodes: 40 (mean 21.2) | 0.2s/gen
  181  23168 -8.432416444838805e-01 1.9e+00 1.37e-01  1e-01  1e-01 3:46.8
  Gen  180 | Best: 0.84 (raw: 0.8) | Pop mean: 0.83 | Sigma: 0.1369 | Nodes: 16 (mean 20.5) | 0.2s/gen
  191  24448 -8.432416444838805e-01 1.9e+00 1.25e-01  1e-01  1e-01 3:48.5
  Gen  190 | Best: 0.84 (raw: 0.8) | Pop mean: 0.81 | Sigma: 0.1255 | Nodes: 16 (mean 22.3) | 0.2s/gen
Iterat #Fevals   function value  axis ratio  sigma  min&max std  t[m:s]
  Gen  200 | Best: 0.84 (raw: 0.8) | Pop mean: 0.80 | Sigma: 0.1127 | Nodes: 16 (mean 21.4) | 0.2s/gen
  Gen  210 | Best: 0.84 (raw: 0.8) | Pop mean: 0.80 | Sigma: 0.0987 | Nodes: 16 (mean 19.8) | 0.2s/gen
  Gen  220 | Best: 0.84 (raw: 0.8) | Pop mean: 0.81 | Sigma: 0.0873 | Nodes: 40 (mean 20.2) | 0.2s/gen
  Gen  230 | Best: 0.84 (raw: 0.8) | Pop mean: 0.82 | Sigma: 0.0760 | Nodes: 12 (mean 19.0) | 0.2s/gen
  Gen  240 | Best: 0.84 (raw: 0.8) | Pop mean: 0.81 | Sigma: 0.0663 | Nodes: 16 (mean 18.9) | 0.2s/gen
  Gen  250 | Best: 0.84 (raw: 0.8) | Pop mean: 0.83 | Sigma: 0.0575 | Nodes: 16 (mean 19.2) | 0.2s/gen
  261  33408 -8.432416444838805e-01 2.7e+00 4.91e-02  5e-02  6e-02 3:59.8
  Gen  260 | Best: 0.84 (raw: 0.8) | Pop mean: 0.81 | Sigma: 0.0491 | Nodes: 16 (mean 18.9) | 0.2s/gen
  271  34688 -8.432416444838805e-01 3.0e+00 4.15e-02  4e-02  5e-02 4:01.5
  Gen  270 | Best: 0.84 (raw: 0.8) | Pop mean: 0.82 | Sigma: 0.0415 | Nodes: 16 (mean 19.5) | 0.2s/gen
  281  35968 -8.432416444838805e-01 3.3e+00 3.56e-02  3e-02  5e-02 4:03.1
  Gen  280 | Best: 0.84 (raw: 0.8) | Pop mean: 0.76 | Sigma: 0.0356 | Nodes: 16 (mean 20.8) | 0.2s/gen
  291  37248 -8.432416444838805e-01 3.7e+00 3.17e-02  3e-02  5e-02 4:04.7
  Gen  290 | Best: 0.84 (raw: 0.8) | Pop mean: 0.80 | Sigma: 0.0317 | Nodes: 16 (mean 19.2) | 0.2s/gen
Iterat #Fevals   function value  axis ratio  sigma  min&max std  t[m:s]
  301  38528 -8.432416444838805e-01 4.1e+00 2.91e-02  3e-02  4e-02 4:06.4
  Gen  300 | Best: 0.84 (raw: 0.8) | Pop mean: 0.77 | Sigma: 0.0291 | Nodes: 16 (mean 20.4) | 0.2s/gen
  311  39808 -8.432416444838805e-01 4.5e+00 2.44e-02  2e-02  4e-02 4:08.0
  Gen  310 | Best: 0.84 (raw: 0.8) | Pop mean: 0.77 | Sigma: 0.0244 | Nodes: 16 (mean 19.3) | 0.2s/gen
  Gen  320 | Best: 0.84 (raw: 0.8) | Pop mean: 0.74 | Sigma: 0.0213 | Nodes: 16 (mean 21.5) | 0.2s/gen
  Gen  330 | Best: 0.84 (raw: 0.8) | Pop mean: 0.72 | Sigma: 0.0180 | Nodes: 16 (mean 20.7) | 0.2s/gen
  Gen  340 | Best: 0.84 (raw: 0.8) | Pop mean: 0.78 | Sigma: 0.0156 | Nodes: 16 (mean 20.0) | 0.2s/gen
  Gen  350 | Best: 0.84 (raw: 0.8) | Pop mean: 0.80 | Sigma: 0.0135 | Nodes: 16 (mean 17.9) | 0.2s/gen
  Gen  360 | Best: 0.84 (raw: 0.8) | Pop mean: 0.76 | Sigma: 0.0115 | Nodes: 16 (mean 19.7) | 0.2s/gen
  Gen  370 | Best: 0.84 (raw: 0.8) | Pop mean: 0.74 | Sigma: 0.0097 | Nodes: 16 (mean 20.2) | 0.2s/gen
  Gen  380 | Best: 0.84 (raw: 0.8) | Pop mean: 0.75 | Sigma: 0.0085 | Nodes: 16 (mean 21.0) | 0.2s/gen
  391  50048 -8.432416444838805e-01 1.4e+01 7.20e-03  7e-03  3e-02 4:21.0
  Gen  390 | Best: 0.84 (raw: 0.8) | Pop mean: 0.77 | Sigma: 0.0072 | Nodes: 16 (mean 20.2) | 0.2s/gen
Iterat #Fevals   function value  axis ratio  sigma  min&max std  t[m:s]
  401  51328 -8.432416444838805e-01 1.6e+01 6.14e-03  6e-03  3e-02 4:22.6
  Gen  400 | Best: 0.84 (raw: 0.8) | Pop mean: 0.75 | Sigma: 0.0061 | Nodes: 16 (mean 20.1) | 0.2s/gen
  411  52608 -8.432416444838805e-01 1.9e+01 5.22e-03  5e-03  3e-02 4:24.2
  Gen  410 | Best: 0.84 (raw: 0.8) | Pop mean: 0.76 | Sigma: 0.0052 | Nodes: 16 (mean 21.0) | 0.2s/gen
  421  53888 -8.432416444838805e-01 2.3e+01 4.43e-03  5e-03  3e-02 4:25.9
  Gen  420 | Best: 0.84 (raw: 0.8) | Pop mean: 0.78 | Sigma: 0.0044 | Nodes: 16 (mean 19.4) | 0.2s/gen
  431  55168 -8.432416444838805e-01 2.7e+01 3.72e-03  5e-03  3e-02 4:27.5
  Gen  430 | Best: 0.84 (raw: 0.8) | Pop mean: 0.73 | Sigma: 0.0037 | Nodes: 16 (mean 20.6) | 0.2s/gen
  441  56448 -8.432416444838805e-01 3.1e+01 3.33e-03  5e-03  3e-02 4:29.1
  Gen  440 | Best: 0.84 (raw: 0.8) | Pop mean: 0.75 | Sigma: 0.0033 | Nodes: 16 (mean 20.4) | 0.2s/gen
  451  57728 -8.432416444838805e-01 3.6e+01 3.09e-03  5e-03  3e-02 4:30.8
  Gen  450 | Best: 0.84 (raw: 0.8) | Pop mean: 0.74 | Sigma: 0.0031 | Nodes: 16 (mean 20.9) | 0.2s/gen
  461  59008 -8.432416444838805e-01 4.1e+01 2.67e-03  5e-03  3e-02 4:32.4
  Gen  460 | Best: 0.84 (raw: 0.8) | Pop mean: 0.77 | Sigma: 0.0027 | Nodes: 16 (mean 19.5) | 0.2s/gen
  471  60288 -8.432416444838805e-01 4.7e+01 2.37e-03  5e-03  3e-02 4:34.0
  Gen  470 | Best: 0.84 (raw: 0.8) | Pop mean: 0.78 | Sigma: 0.0024 | Nodes: 16 (mean 19.9) | 0.2s/gen
  481  61568 -8.432416444838805e-01 5.3e+01 2.12e-03  5e-03  3e-02 4:35.6
  Gen  480 | Best: 0.84 (raw: 0.8) | Pop mean: 0.78 | Sigma: 0.0021 | Nodes: 16 (mean 20.2) | 0.2s/gen
  491  62848 -8.432416444838805e-01 6.0e+01 1.91e-03  5e-03  3e-02 4:37.2
  Gen  490 | Best: 0.84 (raw: 0.8) | Pop mean: 0.75 | Sigma: 0.0019 | Nodes: 16 (mean 20.0) | 0.2s/gen
Iterat #Fevals   function value  axis ratio  sigma  min&max std  t[m:s]
  501  64128 -8.432416444838805e-01 6.8e+01 1.67e-03  5e-03  3e-02 4:38.9
  Gen  500 | Best: 0.84 (raw: 0.8) | Pop mean: 0.74 | Sigma: 0.0017 | Nodes: 16 (mean 20.8) | 0.2s/gen
  511  65408 -8.432416444838805e-01 7.6e+01 1.57e-03  5e-03  4e-02 4:40.5
  Gen  510 | Best: 0.84 (raw: 0.8) | Pop mean: 0.73 | Sigma: 0.0016 | Nodes: 16 (mean 21.0) | 0.2s/gen
  521  66688 -8.432416444838805e-01 8.6e+01 1.36e-03  5e-03  3e-02 4:42.1
  Gen  520 | Best: 0.84 (raw: 0.8) | Pop mean: 0.78 | Sigma: 0.0014 | Nodes: 16 (mean 19.0) | 0.2s/gen
  531  67968 -8.432416444838805e-01 9.7e+01 1.22e-03  5e-03  3e-02 4:43.7
  Gen  530 | Best: 0.84 (raw: 0.8) | Pop mean: 0.78 | Sigma: 0.0012 | Nodes: 16 (mean 19.9) | 0.2s/gen
  541  69248 -8.432416444838805e-01 1.1e+02 1.06e-03  5e-03  3e-02 4:45.3
  Gen  540 | Best: 0.84 (raw: 0.8) | Pop mean: 0.73 | Sigma: 0.0011 | Nodes: 16 (mean 21.2) | 0.2s/gen
  551  70528 -8.432416444838805e-01 1.2e+02 9.88e-04  5e-03  4e-02 4:47.0
  Gen  550 | Best: 0.84 (raw: 0.8) | Pop mean: 0.80 | Sigma: 0.0010 | Nodes: 16 (mean 18.2) | 0.2s/gen
  561  71808 -8.432416444838805e-01 1.4e+02 8.58e-04  5e-03  3e-02 4:48.7
  Gen  560 | Best: 0.84 (raw: 0.8) | Pop mean: 0.74 | Sigma: 0.0009 | Nodes: 16 (mean 20.5) | 0.2s/gen
  571  73088 -8.432416444838805e-01 1.5e+02 7.84e-04  5e-03  4e-02 4:50.3
  Gen  570 | Best: 0.84 (raw: 0.8) | Pop mean: 0.75 | Sigma: 0.0008 | Nodes: 16 (mean 20.5) | 0.2s/gen
  581  74368 -8.432416444838805e-01 1.7e+02 6.86e-04  5e-03  3e-02 4:51.9
  Gen  580 | Best: 0.84 (raw: 0.8) | Pop mean: 0.75 | Sigma: 0.0007 | Nodes: 16 (mean 19.8) | 0.2s/gen
  591  75648 -8.432416444838805e-01 2.0e+02 6.10e-04  5e-03  3e-02 4:53.5
  Gen  590 | Best: 0.84 (raw: 0.8) | Pop mean: 0.79 | Sigma: 0.0006 | Nodes: 16 (mean 19.3) | 0.2s/gen
Iterat #Fevals   function value  axis ratio  sigma  min&max std  t[m:s]
  601  76928 -8.432416444838805e-01 2.2e+02 5.44e-04  5e-03  3e-02 4:55.1
  Gen  600 | Best: 0.84 (raw: 0.8) | Pop mean: 0.78 | Sigma: 0.0005 | Nodes: 16 (mean 19.1) | 0.2s/gen
  611  78208 -8.432416444838805e-01 2.5e+02 4.83e-04  5e-03  3e-02 4:56.7
  Gen  610 | Best: 0.84 (raw: 0.8) | Pop mean: 0.74 | Sigma: 0.0005 | Nodes: 16 (mean 20.2) | 0.2s/gen
  621  79488 -8.432416444838805e-01 2.8e+02 4.31e-04  5e-03  3e-02 4:58.3
  Gen  620 | Best: 0.84 (raw: 0.8) | Pop mean: 0.76 | Sigma: 0.0004 | Nodes: 16 (mean 20.4) | 0.2s/gen
  631  80768 -8.432416444838805e-01 3.2e+02 4.08e-04  5e-03  4e-02 5:00.1
  Gen  630 | Best: 0.84 (raw: 0.8) | Pop mean: 0.78 | Sigma: 0.0004 | Nodes: 16 (mean 19.5) | 0.2s/gen
  641  82048 -8.432416444838805e-01 3.5e+02 4.20e-04  5e-03  4e-02 5:01.9
  Gen  640 | Best: 0.84 (raw: 0.8) | Pop mean: 0.77 | Sigma: 0.0004 | Nodes: 16 (mean 19.5) | 0.2s/gen
  651  83328 -8.432416444838805e-01 3.8e+02 3.76e-04  5e-03  4e-02 5:03.5
  Gen  650 | Best: 0.84 (raw: 0.8) | Pop mean: 0.78 | Sigma: 0.0004 | Nodes: 16 (mean 19.5) | 0.2s/gen
  661  84608 -8.432416444838805e-01 4.2e+02 3.24e-04  5e-03  4e-02 5:05.2
  Gen  660 | Best: 0.84 (raw: 0.8) | Pop mean: 0.80 | Sigma: 0.0003 | Nodes: 16 (mean 18.9) | 0.2s/gen
  671  85888 -8.432416444838805e-01 4.6e+02 2.74e-04  5e-03  4e-02 5:06.9
  Gen  670 | Best: 0.84 (raw: 0.8) | Pop mean: 0.75 | Sigma: 0.0003 | Nodes: 16 (mean 20.9) | 0.2s/gen
  681  87168 -8.432416444838805e-01 5.2e+02 2.42e-04  5e-03  4e-02 5:08.5
  Gen  680 | Best: 0.84 (raw: 0.8) | Pop mean: 0.75 | Sigma: 0.0002 | Nodes: 16 (mean 20.9) | 0.2s/gen
  691  88448 -8.432416444838805e-01 5.8e+02 2.18e-04  5e-03  4e-02 5:10.2
  Gen  690 | Best: 0.84 (raw: 0.8) | Pop mean: 0.77 | Sigma: 0.0002 | Nodes: 16 (mean 19.8) | 0.2s/gen
Iterat #Fevals   function value  axis ratio  sigma  min&max std  t[m:s]
  701  89728 -8.432416444838805e-01 6.6e+02 1.96e-04  5e-03  4e-02 5:11.9
  Gen  700 | Best: 0.84 (raw: 0.8) | Pop mean: 0.76 | Sigma: 0.0002 | Nodes: 16 (mean 19.7) | 0.2s/gen
  711  91008 -8.432416444838805e-01 7.4e+02 1.76e-04  5e-03  4e-02 5:13.5
  Gen  710 | Best: 0.84 (raw: 0.8) | Pop mean: 0.79 | Sigma: 0.0002 | Nodes: 16 (mean 19.1) | 0.2s/gen
  721  92288 -8.432416444838805e-01 8.2e+02 1.66e-04  5e-03  4e-02 5:15.2
  Gen  720 | Best: 0.84 (raw: 0.8) | Pop mean: 0.79 | Sigma: 0.0002 | Nodes: 16 (mean 18.4) | 0.2s/gen
  731  93568 -8.432416444838805e-01 9.1e+02 1.37e-04  5e-03  3e-02 5:16.9
  Gen  730 | Best: 0.84 (raw: 0.8) | Pop mean: 0.77 | Sigma: 0.0001 | Nodes: 16 (mean 19.7) | 0.2s/gen
  741  94848 -8.432416444838805e-01 1.0e+03 1.30e-04  5e-03  4e-02 5:18.6
  Gen  740 | Best: 0.84 (raw: 0.8) | Pop mean: 0.74 | Sigma: 0.0001 | Nodes: 16 (mean 20.4) | 0.2s/gen
  751  96128 -8.432416444838805e-01 1.1e+03 1.14e-04  5e-03  4e-02 5:20.2
  Gen  750 | Best: 0.84 (raw: 0.8) | Pop mean: 0.77 | Sigma: 0.0001 | Nodes: 16 (mean 19.1) | 0.2s/gen
  761  97408 -8.432416444838805e-01 1.3e+03 1.00e-04  5e-03  3e-02 5:21.9
  Gen  760 | Best: 0.84 (raw: 0.8) | Pop mean: 0.77 | Sigma: 0.0001 | Nodes: 16 (mean 20.2) | 0.2s/gen
  771  98688 -8.432416444838805e-01 1.4e+03 8.94e-05  5e-03  4e-02 5:23.6
  Gen  770 | Best: 0.84 (raw: 0.8) | Pop mean: 0.74 | Sigma: 0.0001 | Nodes: 16 (mean 21.0) | 0.2s/gen
  781  99968 -8.432416444838805e-01 1.6e+03 8.24e-05  5e-03  4e-02 5:25.2
  Gen  780 | Best: 0.84 (raw: 0.8) | Pop mean: 0.76 | Sigma: 0.0001 | Nodes: 16 (mean 20.0) | 0.2s/gen
  791 101248 -8.432416444838805e-01 1.8e+03 7.49e-05  5e-03  4e-02 5:26.9
  Gen  790 | Best: 0.84 (raw: 0.8) | Pop mean: 0.72 | Sigma: 0.0001 | Nodes: 16 (mean 21.1) | 0.2s/gen
Iterat #Fevals   function value  axis ratio  sigma  min&max std  t[m:s]
  801 102528 -8.432416444838805e-01 2.0e+03 6.27e-05  5e-03  3e-02 5:28.5
  Gen  800 | Best: 0.84 (raw: 0.8) | Pop mean: 0.79 | Sigma: 0.0001 | Nodes: 16 (mean 19.1) | 0.2s/gen
  811 103808 -8.432416444838805e-01 2.3e+03 5.53e-05  5e-03  3e-02 5:30.4
  Gen  810 | Best: 0.84 (raw: 0.8) | Pop mean: 0.80 | Sigma: 0.0001 | Nodes: 16 (mean 18.3) | 0.2s/gen
  821 105088 -8.432416444838805e-01 2.6e+03 5.25e-05  5e-03  4e-02 5:32.0
  Gen  820 | Best: 0.84 (raw: 0.8) | Pop mean: 0.76 | Sigma: 0.0001 | Nodes: 16 (mean 20.4) | 0.2s/gen
  831 106368 -8.432416444838805e-01 2.9e+03 4.46e-05  5e-03  3e-02 5:33.7
  Gen  830 | Best: 0.84 (raw: 0.8) | Pop mean: 0.78 | Sigma: 0.0000 | Nodes: 16 (mean 19.4) | 0.2s/gen
  841 107648 -8.432416444838805e-01 3.3e+03 3.78e-05  5e-03  3e-02 5:35.4
  Gen  840 | Best: 0.84 (raw: 0.8) | Pop mean: 0.76 | Sigma: 0.0000 | Nodes: 16 (mean 20.1) | 0.2s/gen
  851 108928 -8.432416444838805e-01 3.6e+03 6.24e-05  8e-03  6e-02 5:37.1
  Gen  850 | Best: 0.84 (raw: 0.8) | Pop mean: 0.78 | Sigma: 0.0001 | Nodes: 16 (mean 21.2) | 0.2s/gen
  861 110208 -8.432416444838805e-01 3.7e+03 6.28e-05  8e-03  6e-02 5:38.8
  Gen  860 | Best: 0.84 (raw: 0.8) | Pop mean: 0.82 | Sigma: 0.0001 | Nodes: 16 (mean 19.4) | 0.2s/gen
  871 111488 -8.432416444838805e-01 3.8e+03 5.35e-05  7e-03  5e-02 5:40.5
  Gen  870 | Best: 0.84 (raw: 0.8) | Pop mean: 0.78 | Sigma: 0.0001 | Nodes: 16 (mean 19.7) | 0.2s/gen
  881 112768 -8.432416444838805e-01 4.0e+03 4.38e-05  6e-03  5e-02 5:42.2
  Gen  880 | Best: 0.84 (raw: 0.8) | Pop mean: 0.76 | Sigma: 0.0000 | Nodes: 16 (mean 19.8) | 0.2s/gen
  891 114048 -8.432416444838805e-01 4.3e+03 3.79e-05  5e-03  4e-02 5:43.9
  Gen  890 | Best: 0.84 (raw: 0.8) | Pop mean: 0.78 | Sigma: 0.0000 | Nodes: 16 (mean 19.2) | 0.2s/gen
Iterat #Fevals   function value  axis ratio  sigma  min&max std  t[m:s]
  901 115328 -8.432416444838805e-01 4.7e+03 3.14e-05  5e-03  4e-02 5:45.5
  Gen  900 | Best: 0.84 (raw: 0.8) | Pop mean: 0.76 | Sigma: 0.0000 | Nodes: 16 (mean 20.3) | 0.2s/gen
  911 116608 -8.432416444838805e-01 5.2e+03 2.64e-05  5e-03  4e-02 5:47.2
  Gen  910 | Best: 0.84 (raw: 0.8) | Pop mean: 0.77 | Sigma: 0.0000 | Nodes: 12 (mean 19.8) | 0.2s/gen
  921 117888 -8.432416444838805e-01 5.8e+03 2.34e-05  5e-03  4e-02 5:48.9
  Gen  920 | Best: 0.84 (raw: 0.8) | Pop mean: 0.76 | Sigma: 0.0000 | Nodes: 16 (mean 19.8) | 0.2s/gen
  931 119168 -8.432416444838805e-01 6.6e+03 2.05e-05  5e-03  3e-02 5:50.5
  Gen  930 | Best: 0.84 (raw: 0.8) | Pop mean: 0.67 | Sigma: 0.0000 | Nodes: 16 (mean 22.9) | 0.2s/gen
  941 120448 -8.432416444838805e-01 7.4e+03 1.83e-05  5e-03  3e-02 5:52.3
  Gen  940 | Best: 0.84 (raw: 0.8) | Pop mean: 0.78 | Sigma: 0.0000 | Nodes: 16 (mean 19.9) | 0.2s/gen
  951 121728 -8.432416444838805e-01 8.3e+03 1.66e-05  5e-03  4e-02 5:54.0
  Gen  950 | Best: 0.84 (raw: 0.8) | Pop mean: 0.71 | Sigma: 0.0000 | Nodes: 16 (mean 21.7) | 0.2s/gen
  961 123008 -8.432416444838805e-01 9.2e+03 1.75e-05  5e-03  4e-02 5:55.7
  Gen  960 | Best: 0.84 (raw: 0.8) | Pop mean: 0.76 | Sigma: 0.0000 | Nodes: 16 (mean 20.3) | 0.2s/gen
  971 124288 -8.432416444838805e-01 1.0e+04 1.54e-05  5e-03  4e-02 5:57.4
  Gen  970 | Best: 0.84 (raw: 0.8) | Pop mean: 0.77 | Sigma: 0.0000 | Nodes: 16 (mean 20.8) | 0.2s/gen
  981 125568 -8.432416444838805e-01 1.1e+04 1.34e-05  5e-03  4e-02 5:59.1
  Gen  980 | Best: 0.84 (raw: 0.8) | Pop mean: 0.79 | Sigma: 0.0000 | Nodes: 16 (mean 18.8) | 0.2s/gen
  Gen  990 | Best: 0.84 (raw: 0.8) | Pop mean: 0.79 | Sigma: 0.0000 | Nodes: 16 (mean 18.9) | 0.2s/gen
Iterat #Fevals   function value  axis ratio  sigma  min&max std  t[m:s]
  Gen 1000 | Best: 0.84 (raw: 0.8) | Pop mean: 0.75 | Sigma: 0.0000 | Nodes: 16 (mean 21.2) | 0.2s/gen
  Gen 1010 | Best: 0.84 (raw: 0.8) | Pop mean: 0.79 | Sigma: 0.0000 | Nodes: 16 (mean 20.8) | 0.2s/gen
 1021 130688 -8.437838903677413e-01 1.5e+04 2.33e-05  1e-02  9e-02 6:06.1
  Gen 1020 | Best: 0.84 (raw: 0.8) | Pop mean: 0.82 | Sigma: 0.0000 | Nodes: 40 (mean 23.8) | 0.2s/gen
 1031 131968 -8.437838903677413e-01 1.5e+04 2.14e-05  1e-02  8e-02 6:07.8
  Gen 1030 | Best: 0.84 (raw: 0.8) | Pop mean: 0.79 | Sigma: 0.0000 | Nodes: 40 (mean 22.2) | 0.2s/gen
 1041 133248 -8.437838903677413e-01 1.6e+04 1.86e-05  1e-02  7e-02 6:09.6
  Gen 1040 | Best: 0.84 (raw: 0.8) | Pop mean: 0.82 | Sigma: 0.0000 | Nodes: 40 (mean 20.3) | 0.2s/gen
 1051 134528 -8.432416444838805e-01 1.6e+04 1.66e-05  9e-03  6e-02 6:11.3
  Gen 1050 | Best: 0.84 (raw: 0.8) | Pop mean: 0.82 | Sigma: 0.0000 | Nodes: 16 (mean 19.9) | 0.2s/gen
 1061 135808 -8.432416444838805e-01 1.6e+04 1.51e-05  8e-03  6e-02 6:13.0
  Gen 1060 | Best: 0.84 (raw: 0.8) | Pop mean: 0.79 | Sigma: 0.0000 | Nodes: 16 (mean 19.6) | 0.2s/gen
 1071 137088 -8.432416444838805e-01 1.7e+04 1.33e-05  7e-03  5e-02 6:14.7
  Gen 1070 | Best: 0.84 (raw: 0.8) | Pop mean: 0.80 | Sigma: 0.0000 | Nodes: 16 (mean 18.7) | 0.2s/gen
 1081 138368 -8.432416444838805e-01 1.8e+04 1.15e-05  6e-03  5e-02 6:16.4
  Gen 1080 | Best: 0.84 (raw: 0.8) | Pop mean: 0.81 | Sigma: 0.0000 | Nodes: 16 (mean 18.5) | 0.2s/gen
 1091 139648 -8.432416444838805e-01 1.9e+04 9.68e-06  5e-03  4e-02 6:18.1
  Gen 1090 | Best: 0.84 (raw: 0.8) | Pop mean: 0.77 | Sigma: 0.0000 | Nodes: 16 (mean 19.4) | 0.2s/gen
Iterat #Fevals   function value  axis ratio  sigma  min&max std  t[m:s]
 1101 140928 -8.432416444838805e-01 2.0e+04 8.14e-06  5e-03  4e-02 6:19.9
  Gen 1100 | Best: 0.84 (raw: 0.8) | Pop mean: 0.76 | Sigma: 0.0000 | Nodes: 16 (mean 19.8) | 0.2s/gen
 1111 142208 -8.432416444838805e-01 2.2e+04 7.37e-06  5e-03  4e-02 6:21.6
  Gen 1110 | Best: 0.84 (raw: 0.8) | Pop mean: 0.77 | Sigma: 0.0000 | Nodes: 16 (mean 19.4) | 0.2s/gen
 1121 143488 -8.432416444838805e-01 2.4e+04 6.02e-06  5e-03  4e-02 6:23.3
  Gen 1120 | Best: 0.84 (raw: 0.8) | Pop mean: 0.75 | Sigma: 0.0000 | Nodes: 16 (mean 20.7) | 0.2s/gen
 1131 144768 -8.432416444838805e-01 2.7e+04 5.31e-06  5e-03  4e-02 6:25.0
  Gen 1130 | Best: 0.84 (raw: 0.8) | Pop mean: 0.75 | Sigma: 0.0000 | Nodes: 16 (mean 20.1) | 0.2s/gen
 1141 146048 -8.432416444838805e-01 3.1e+04 4.70e-06  5e-03  3e-02 6:26.7
  Gen 1140 | Best: 0.84 (raw: 0.8) | Pop mean: 0.76 | Sigma: 0.0000 | Nodes: 16 (mean 20.3) | 0.2s/gen
 1151 147328 -8.432416444838805e-01 3.5e+04 3.99e-06  5e-03  3e-02 6:28.5
  Gen 1150 | Best: 0.84 (raw: 0.8) | Pop mean: 0.75 | Sigma: 0.0000 | Nodes: 16 (mean 20.4) | 0.2s/gen
NOTE (module=cma, iteration=1158):  
condition in coordinate system exceeded 1.0e+08, rescaled to 1.0e+00, 
condition changed from 1.4e+09 to 1.5e+10
 1161 148608 -8.432416444838805e-01 1.3e+05 3.72e-06  5e-03  3e-02 6:30.2
  Gen 1160 | Best: 0.84 (raw: 0.8) | Pop mean: 0.74 | Sigma: 0.0000 | Nodes: 16 (mean 20.6) | 0.2s/gen
 1171 149888 -8.432416444838805e-01 1.3e+05 7.85e-06  1e-02  8e-02 6:31.9
  Gen 1170 | Best: 0.84 (raw: 0.8) | Pop mean: 0.81 | Sigma: 0.0000 | Nodes: 16 (mean 20.7) | 0.2s/gen
 1181 151168 -8.432416444838805e-01 1.4e+05 7.63e-06  1e-02  8e-02 6:33.7
  Gen 1180 | Best: 0.84 (raw: 0.8) | Pop mean: 0.79 | Sigma: 0.0000 | Nodes: 16 (mean 20.2) | 0.2s/gen
 1191 152448 -8.432416444838805e-01 1.4e+05 6.54e-06  9e-03  7e-02 6:35.3
  Gen 1190 | Best: 0.84 (raw: 0.8) | Pop mean: 0.82 | Sigma: 0.0000 | Nodes: 16 (mean 20.4) | 0.2s/gen
Iterat #Fevals   function value  axis ratio  sigma  min&max std  t[m:s]
 1201 153728 -8.432416444838805e-01 1.4e+05 5.86e-06  8e-03  6e-02 6:37.0
  Gen 1200 | Best: 0.84 (raw: 0.8) | Pop mean: 0.77 | Sigma: 0.0000 | Nodes: 16 (mean 20.0) | 0.2s/gen
 1211 155008 -8.432416444838805e-01 1.5e+05 5.00e-06  7e-03  5e-02 6:38.8
  Gen 1210 | Best: 0.84 (raw: 0.8) | Pop mean: 0.78 | Sigma: 0.0000 | Nodes: 16 (mean 18.7) | 0.2s/gen
 1221 156288 -8.432416444838805e-01 1.6e+05 4.31e-06  6e-03  5e-02 6:40.5
  Gen 1220 | Best: 0.84 (raw: 0.8) | Pop mean: 0.81 | Sigma: 0.0000 | Nodes: 16 (mean 19.5) | 0.2s/gen
 1231 157568 -8.432416444838805e-01 1.7e+05 3.67e-06  5e-03  4e-02 6:42.2
  Gen 1230 | Best: 0.84 (raw: 0.8) | Pop mean: 0.80 | Sigma: 0.0000 | Nodes: 16 (mean 19.4) | 0.2s/gen
 1241 158848 -8.432416444838805e-01 1.8e+05 3.12e-06  5e-03  4e-02 6:43.9
  Gen 1240 | Best: 0.84 (raw: 0.8) | Pop mean: 0.78 | Sigma: 0.0000 | Nodes: 16 (mean 18.7) | 0.2s/gen
 1251 160128 -8.432416444838805e-01 1.9e+05 2.70e-06  5e-03  4e-02 6:45.6
  Gen 1250 | Best: 0.84 (raw: 0.8) | Pop mean: 0.79 | Sigma: 0.0000 | Nodes: 16 (mean 18.8) | 0.2s/gen
 1261 161408 -8.432416444838805e-01 2.1e+05 2.26e-06  5e-03  4e-02 6:47.4
  Gen 1260 | Best: 0.84 (raw: 0.8) | Pop mean: 0.78 | Sigma: 0.0000 | Nodes: 16 (mean 20.0) | 0.2s/gen
 1271 162688 -8.432416444838805e-01 2.4e+05 1.99e-06  5e-03  3e-02 6:49.2
  Gen 1270 | Best: 0.84 (raw: 0.8) | Pop mean: 0.77 | Sigma: 0.0000 | Nodes: 16 (mean 20.1) | 0.2s/gen
 1281 163968 -8.432416444838805e-01 2.7e+05 1.80e-06  5e-03  3e-02 6:50.9
  Gen 1280 | Best: 0.84 (raw: 0.8) | Pop mean: 0.79 | Sigma: 0.0000 | Nodes: 16 (mean 19.8) | 0.2s/gen
 1291 165248 -8.432416444838805e-01 3.0e+05 1.55e-06  5e-03  3e-02 6:52.6
  Gen 1290 | Best: 0.84 (raw: 0.8) | Pop mean: 0.78 | Sigma: 0.0000 | Nodes: 16 (mean 20.2) | 0.2s/gen
Iterat #Fevals   function value  axis ratio  sigma  min&max std  t[m:s]
 1301 166528 -8.432416444838805e-01 3.5e+05 1.70e-06  6e-03  4e-02 6:54.3
  Gen 1300 | Best: 0.84 (raw: 0.8) | Pop mean: 0.76 | Sigma: 0.0000 | Nodes: 16 (mean 20.7) | 0.2s/gen
 1311 167808 -8.432416444838805e-01 3.6e+05 3.55e-06  1e-02  9e-02 6:56.1
  Gen 1310 | Best: 0.84 (raw: 0.8) | Pop mean: 0.83 | Sigma: 0.0000 | Nodes: 40 (mean 23.4) | 0.2s/gen
 1321 169088 -8.432416444838805e-01 3.6e+05 3.20e-06  1e-02  8e-02 6:57.8
  Gen 1320 | Best: 0.84 (raw: 0.8) | Pop mean: 0.83 | Sigma: 0.0000 | Nodes: 16 (mean 21.6) | 0.2s/gen
 1331 170368 -8.432416444838805e-01 3.7e+05 2.83e-06  1e-02  7e-02 6:59.6
  Gen 1330 | Best: 0.84 (raw: 0.8) | Pop mean: 0.83 | Sigma: 0.0000 | Nodes: 40 (mean 21.5) | 0.2s/gen
 1341 171648 -8.432416444838805e-01 3.8e+05 2.45e-06  1e-02  7e-02 7:01.4
  Gen 1340 | Best: 0.84 (raw: 0.8) | Pop mean: 0.80 | Sigma: 0.0000 | Nodes: 16 (mean 20.4) | 0.2s/gen
 1351 172928 -8.432416444838805e-01 3.9e+05 2.18e-06  9e-03  6e-02 7:03.1
  Gen 1350 | Best: 0.84 (raw: 0.8) | Pop mean: 0.80 | Sigma: 0.0000 | Nodes: 16 (mean 20.0) | 0.2s/gen
 1361 174208 -8.432416444838805e-01 4.1e+05 1.94e-06  8e-03  5e-02 7:04.8
  Gen 1360 | Best: 0.84 (raw: 0.8) | Pop mean: 0.78 | Sigma: 0.0000 | Nodes: 20 (mean 20.6) | 0.2s/gen
 1371 175488 -8.432416444838805e-01 4.2e+05 1.69e-06  7e-03  5e-02 7:06.6
  Gen 1370 | Best: 0.84 (raw: 0.8) | Pop mean: 0.78 | Sigma: 0.0000 | Nodes: 16 (mean 20.0) | 0.2s/gen
 1381 176768 -8.432416444838805e-01 4.5e+05 1.52e-06  7e-03  5e-02 7:08.4
  Gen 1380 | Best: 0.84 (raw: 0.8) | Pop mean: 0.80 | Sigma: 0.0000 | Nodes: 16 (mean 19.3) | 0.2s/gen
 1391 178048 -8.432416444838805e-01 4.7e+05 1.31e-06  6e-03  4e-02 7:10.1
  Gen 1390 | Best: 0.84 (raw: 0.8) | Pop mean: 0.81 | Sigma: 0.0000 | Nodes: 16 (mean 17.9) | 0.2s/gen
Iterat #Fevals   function value  axis ratio  sigma  min&max std  t[m:s]
 1401 179328 -8.432416444838805e-01 5.1e+05 1.10e-06  5e-03  4e-02 7:11.8
  Gen 1400 | Best: 0.84 (raw: 0.8) | Pop mean: 0.78 | Sigma: 0.0000 | Nodes: 16 (mean 19.1) | 0.2s/gen
 1411 180608 -8.432416444838805e-01 5.6e+05 9.31e-07  5e-03  4e-02 7:13.5
  Gen 1410 | Best: 0.84 (raw: 0.8) | Pop mean: 0.76 | Sigma: 0.0000 | Nodes: 16 (mean 20.3) | 0.2s/gen
 1421 181888 -8.432416444838805e-01 6.3e+05 7.61e-07  5e-03  3e-02 7:15.2
  Gen 1420 | Best: 0.84 (raw: 0.8) | Pop mean: 0.75 | Sigma: 0.0000 | Nodes: 16 (mean 21.2) | 0.2s/gen
 1431 183168 -8.432416444838805e-01 7.2e+05 6.83e-07  5e-03  3e-02 7:16.8
  Gen 1430 | Best: 0.84 (raw: 0.8) | Pop mean: 0.79 | Sigma: 0.0000 | Nodes: 16 (mean 19.7) | 0.2s/gen
 1441 184448 -8.432416444838805e-01 8.1e+05 6.12e-07  5e-03  3e-02 7:18.5
  Gen 1440 | Best: 0.84 (raw: 0.8) | Pop mean: 0.76 | Sigma: 0.0000 | Nodes: 16 (mean 20.4) | 0.2s/gen
 1451 185728 -8.432416444838805e-01 9.1e+05 5.24e-07  5e-03  3e-02 7:20.1
  Gen 1450 | Best: 0.84 (raw: 0.8) | Pop mean: 0.74 | Sigma: 0.0000 | Nodes: 16 (mean 21.1) | 0.2s/gen
C:\Users\raduc\miniconda3\envs\ndp\lib\site-packages\cma\sigma_adaptation.py:316: RuntimeWarning: overflow encountered in exp
  utils.print_warning('sigma change np.exp(' + str(s) + ') = ' + str(np.exp(s)) +
 1461 187008 -8.099674652469684e-01 2.5e+05 3.52e-06  1e-02  3e-01 7:54.0
  Gen 1460 | Best: 0.81 (raw: 0.8) | Pop mean: 0.28 | Sigma: 0.0000 | Nodes: 576 (mean 544.0) | 3.4s/gen
 1471 188288 -7.960169575076408e-01 2.7e+05 7.76e-02  3e+02  8e+03 12:17.4
  Gen 1470 | Best: 0.80 (raw: 0.8) | Pop mean: 0.58 | Sigma: 0.0776 | Nodes: 512 (mean 476.0) | 26.3s/gen
 1481 189568 -7.839396628216504e-01 2.7e+05 1.71e+03  6e+06  2e+08 16:33.4
  Gen 1480 | Best: 0.78 (raw: 0.8) | Pop mean: 0.62 | Sigma: 1708.5488 | Nodes: 416 (mean 462.0) | 25.6s/gen
 1491 190848 -7.960169575076408e-01 2.7e+05 3.76e+07  1e+11  4e+12 20:38.2
  Gen 1490 | Best: 0.80 (raw: 0.8) | Pop mean: 0.55 | Sigma: 37633292.7261 | Nodes: 512 (mean 486.8) | 24.5s/gen

Evolution took:  1457  seconds

========Optimizer output:==========================
Best single loss found (peak, any goal) was -0.8437838903677413
Best population centroid loss found was -0.8383063596815536
===================================================


Saving models and config file — Run ID 1789305630

Final model has 111 parameters
Graph snapshot saved to saved_models/1789305630/graph_best.png

Running environment for best solution...

Checksum of initial network state before growth: 28.196875085057368
Checksum of graph G before growth: -2.343504743091068
The seed graph (before growth) has 9 nodes and 16 edges.
Checksum of network state after growth: 26.516851404688516
Checksum of graph G after growth: 501.9961929785761
The final grown graph has 40 nodes and 502 edges.
KA_retina retina fitness (op=and, balanced): 0.8438 (raw 201 / 256)

(mean) Episode reward for 1 env rollouts: 0.8437838903677413

Checksum of initial network state before growth: 28.196875085057368
Checksum of graph G before growth: -2.343504743091068
The seed graph (before growth) has 9 nodes and 16 edges.
Checksum of network state after growth: 26.516851404688516
Checksum of graph G after growth: 501.9961929785761
The final grown graph has 40 nodes and 502 edges.
KA_retina retina fitness (op=and, balanced): 0.8438 (raw 201 / 256)

(mean) Episode reward for 1 env rollouts: 0.8437838903677413

Checksum of initial network state before growth: 28.196875085057368
Checksum of graph G before growth: -2.343504743091068
The seed graph (before growth) has 9 nodes and 16 edges.
Checksum of network state after growth: 26.516851404688516
Checksum of graph G after growth: 501.9961929785761
The final grown graph has 40 nodes and 502 edges.
KA_retina retina fitness (op=and, balanced): 0.8438 (raw 201 / 256)

(mean) Episode reward for 1 env rollouts: 0.8437838903677413

-------

(mean) Episodes reward for 3 runs: 0.8437838903677412

---------------------------------------------


Running environment for centroid solution...

Running environment for centroid solution...

BYE! - ID: 1789305630
[FG] completed: run 1789305630

=== Scan: FG=5/5 [('1789303257', 3410590), ('1789303833', 7345678), ('1789304372', 7737269), ('1789304978', 1231914), ('1789305630', 5316271)] | MVG=5/5 [('1786053806', 7318332), ('1788817038', 6550047), ('1788821061', 7766560), ('1788866451', 6779840), ('1788871442', 9985617)] ===

Target reached for both conditions. Nothing to do.
