
=== Scan: FG=4/5 [('1786033855', 7950840), ('1786102425', 1842456), ('1788808796', 1748523), ('1788808995', 1589167)] | MVG=1/5 [('1786053806', 7318332)] ===

[FG] launching: C:\Users\raduc\miniconda3\envs\ndp\python.exe train.py --conf experiments_paper/retina/run_experiment.yaml --generations 200 --popsize 128 --balanced-fitness --no-early-stopping --operation and --snapshot
Model ID: 1788809505

Config:
{'dev_mode': 0, 'project_name': 'Developmental networks', 'group': 'default', 'notes experiment': None, 'device': 0, 'return_loss': 0, 'environment': 'KA_retina', 'node_based_growth': True, 'node_pairs_based_growth': False, 'edge_based_growth': False, 'probabilistic_growth': False, 'coevolve_initial_embeddings': True, 'undirected': True, 'node_embedding_size': 3, 'binary_connectivity': False, 'additive_update': False, 'persistent_observation_rollout': True, 'number_of_growth_cycles': 6, 'initial_embeddings_random': False, 'shared_intial_graph_bool': True, 'shared_intial_embedding': True, 'initial_sparsity': 1, 'self_link_allowed_during_querying': False, 'extra_nodes': -1, 'network_thinking_time_extra_growth': 2, 'network_thinking_time_extra_rollout': 3, 'NN_transform_node_embedding_during_growth': True, 'prunning_phase': False, 'prunning_threshold': 0.3, 'fewer_edges': False, 'fewer_nodes': False, 'balanced_weights': False, 'growth_model_last_layer_activated': False, 'transform_model_last_layer_activated': True, 'mlp_weight_values_last_layer_activated': True, 'mlp_growth_hidden_layers_dims': [5], 'mlp_embedding_transform_hidden_layers_dims': [5], 'mlp_weight_values_hidden_layers_dims': [5], 'growth_model_bias': True, 'mlp_weight_values_bias': True, 'transform_model_bias': True, 'recurrent_activation_function': 'tanh', 'use_torch': False, 'optimizer': 'CMAES', 'maximise': True, 'sigma_init': 0.5, 'generations': 200, 'popsize': 128, 'CMA_elitist': True, 'minstd': 0.005, 'x0_dist': 'U[-1,1]', 'checkpoint_id': None, 'nb_episode_evals': 1, 'nb_growth_evals': 1, 'early_stopping': False, 'early_stopping_conditions': {'generation': 500, 'objective_value': -3}, 'flattening_stopping': False, 'flattening_stopping_conditions': {'min_generation': 1500, 'last_generations': 500, 'min_std': 5}, 'evolution_feval_check_every': 2000, 'evolution_feval_check_N': 10, 'reward_if_graph_too_small': 200, 'threads': -1, 'seed': None, 'env_seed': None, 'save_model': 1, 'render': 1, 'print_every': 10, 'visualise_network': 0, 'histogram_degree': 0, 'layout': 'random_fixed', 'arrows': True, 'log_gen_time': True, 'snapshot': True, 'show': False, 'nb_eval_seeds': 10, 'balanced_fitness': True, 'operation': 'and', 'mvg': False, 'mvg_ops': ['and', 'or'], 'mvg_switch_interval': 20, 'target': 1.0, 'id': '1788809505', '_path': 'saved_models/1788809505'}

Seed:  7287042
Env_seed:  None
The growth model has 111 trainable parameters
(64_w,128)-aCMA-ES (mu_w=34.2,w_1=6%) in dimension 111 (seed=7287042, Mon Sep  7 20:31:45 2026)

.......................................................

Initilisating CMA-ES with 111 trainable parameters 


--- Starting Evolution ---


Using 16 cores

Baseline (untrained x0 DNA): fitness=0.7839 (raw=0.8) | Nodes: 560

Iterat #Fevals   function value  axis ratio  sigma  min&max std  t[m:s]
    1    128 -8.239179729862960e-01 1.0e+00 4.82e-01  5e-01  5e-01 0:25.1
  Gen    0 | Best: 0.82 (raw: 0.8) | Pop mean: 0.59 | Sigma: 0.4820 | Nodes: 9 (mean 260.0) | 2.8s/gen
   11   1408 -8.432416444838805e-01 1.1e+00 5.52e-01  5e-01  6e-01 1:37.7
  Gen   10 | Best: 0.84 (raw: 0.8) | Pop mean: 0.80 | Sigma: 0.5518 | Nodes: 9 (mean 58.4) | 7.3s/gen
   21   2688 -8.432416444838805e-01 1.2e+00 5.74e-01  6e-01  6e-01 2:03.2
  Gen   20 | Best: 0.84 (raw: 0.8) | Pop mean: 0.82 | Sigma: 0.5739 | Nodes: 9 (mean 11.9) | 2.5s/gen
   31   3968 -8.432416444838805e-01 1.3e+00 5.68e-01  6e-01  6e-01 2:44.3
  Gen   30 | Best: 0.84 (raw: 0.8) | Pop mean: 0.82 | Sigma: 0.5678 | Nodes: 9 (mean 24.6) | 4.1s/gen
   41   5248 -8.432416444838805e-01 1.3e+00 5.53e-01  5e-01  6e-01 3:21.3
  Gen   40 | Best: 0.84 (raw: 0.8) | Pop mean: 0.83 | Sigma: 0.5531 | Nodes: 9 (mean 19.2) | 3.7s/gen
   51   6528 -8.432416444838805e-01 1.4e+00 5.91e-01  6e-01  6e-01 3:44.4
  Gen   50 | Best: 0.84 (raw: 0.8) | Pop mean: 0.83 | Sigma: 0.5908 | Nodes: 9 (mean 14.0) | 2.3s/gen
   61   7808 -8.432416444838805e-01 1.4e+00 5.84e-01  6e-01  6e-01 120:27.9
  Gen   60 | Best: 0.84 (raw: 0.8) | Pop mean: 0.83 | Sigma: 0.5842 | Nodes: 9 (mean 25.6) | 700.3s/gen
   71   9088 -8.432416444838805e-01 1.5e+00 5.92e-01  6e-01  6e-01 121:04.0
  Gen   70 | Best: 0.84 (raw: 0.8) | Pop mean: 0.82 | Sigma: 0.5919 | Nodes: 9 (mean 67.1) | 3.6s/gen
   81  10368 -8.432416444838805e-01 1.5e+00 5.67e-01  6e-01  6e-01 121:31.2
  Gen   80 | Best: 0.84 (raw: 0.8) | Pop mean: 0.82 | Sigma: 0.5665 | Nodes: 20 (mean 38.1) | 2.7s/gen
   91  11648 -8.432416444838805e-01 1.6e+00 5.16e-01  5e-01  5e-01 121:57.3
  Gen   90 | Best: 0.84 (raw: 0.8) | Pop mean: 0.83 | Sigma: 0.5161 | Nodes: 22 (mean 29.3) | 2.6s/gen
Iterat #Fevals   function value  axis ratio  sigma  min&max std  t[m:s]
  101  12928 -8.432416444838805e-01 1.6e+00 4.51e-01  4e-01  5e-01 122:11.8
  Gen  100 | Best: 0.84 (raw: 0.8) | Pop mean: 0.82 | Sigma: 0.4513 | Nodes: 16 (mean 30.7) | 1.4s/gen
  Gen  110 | Best: 0.84 (raw: 0.8) | Pop mean: 0.83 | Sigma: 0.4228 | Nodes: 40 (mean 29.1) | 0.9s/gen
  121  15488 -8.432416444838805e-01 1.6e+00 3.90e-01  4e-01  4e-01 122:44.9
  Gen  120 | Best: 0.84 (raw: 0.8) | Pop mean: 0.83 | Sigma: 0.3899 | Nodes: 30 (mean 36.2) | 2.4s/gen
  131  16768 -8.432416444838805e-01 1.7e+00 3.50e-01  3e-01  4e-01 122:59.7
  Gen  130 | Best: 0.84 (raw: 0.8) | Pop mean: 0.83 | Sigma: 0.3499 | Nodes: 28 (mean 30.2) | 1.5s/gen
  141  18048 -8.432416444838805e-01 1.7e+00 3.08e-01  3e-01  3e-01 123:22.8
  Gen  140 | Best: 0.84 (raw: 0.8) | Pop mean: 0.83 | Sigma: 0.3076 | Nodes: 36 (mean 47.0) | 2.3s/gen
  151  19328 -8.432416444838805e-01 1.7e+00 2.84e-01  3e-01  3e-01 123:47.6
  Gen  150 | Best: 0.84 (raw: 0.8) | Pop mean: 0.83 | Sigma: 0.2844 | Nodes: 16 (mean 32.5) | 2.5s/gen
  161  20608 -8.432416444838805e-01 1.7e+00 2.51e-01  2e-01  3e-01 124:09.2
  Gen  160 | Best: 0.84 (raw: 0.8) | Pop mean: 0.84 | Sigma: 0.2514 | Nodes: 20 (mean 27.7) | 2.2s/gen
  Gen  170 | Best: 0.84 (raw: 0.8) | Pop mean: 0.84 | Sigma: 0.2226 | Nodes: 88 (mean 24.5) | 1.2s/gen
  181  23168 -8.432416444838805e-01 1.8e+00 2.06e-01  2e-01  2e-01 124:29.9
  Gen  180 | Best: 0.84 (raw: 0.8) | Pop mean: 0.83 | Sigma: 0.2058 | Nodes: 16 (mean 23.9) | 0.9s/gen
  Gen  190 | Best: 0.84 (raw: 0.8) | Pop mean: 0.83 | Sigma: 0.1820 | Nodes: 20 (mean 27.3) | 0.3s/gen

Evolution took:  7494  seconds

========Optimizer output:==========================
Best single loss found (peak, any goal) was -0.8437838903677413
Best population centroid loss found was -0.8364782054125998
===================================================


Saving models and config file — Run ID 1788809505

Final model has 111 parameters
Graph snapshot saved to saved_models/1788809505/graph_best.png

Running environment for best solution...

Checksum of initial network state before growth: -9.258240572924228
Checksum of graph G before growth: 5.472920335940904
The seed graph (before growth) has 9 nodes and 16 edges.
Checksum of network state after growth: -133.90033100476117
Checksum of graph G after growth: 977.9975577876121
The final grown graph has 48 nodes and 978 edges.
KA_retina retina fitness (op=and, balanced): 0.8438 (raw 201 / 256)

(mean) Episode reward for 1 env rollouts: 0.8437838903677413

Checksum of initial network state before growth: -9.258240572924228
Checksum of graph G before growth: 5.472920335940904
The seed graph (before growth) has 9 nodes and 16 edges.
Checksum of network state after growth: -133.90033100476117
Checksum of graph G after growth: 977.9975577876121
The final grown graph has 48 nodes and 978 edges.
KA_retina retina fitness (op=and, balanced): 0.8438 (raw 201 / 256)

(mean) Episode reward for 1 env rollouts: 0.8437838903677413

Checksum of initial network state before growth: -9.258240572924228
Checksum of graph G before growth: 5.472920335940904
The seed graph (before growth) has 9 nodes and 16 edges.
Checksum of network state after growth: -133.90033100476117
Checksum of graph G after growth: 977.9975577876121
The final grown graph has 48 nodes and 978 edges.
KA_retina retina fitness (op=and, balanced): 0.8438 (raw 201 / 256)

(mean) Episode reward for 1 env rollouts: 0.8437838903677413

-------

(mean) Episodes reward for 3 runs: 0.8437838903677412

---------------------------------------------


Running environment for centroid solution...

Running environment for centroid solution...

BYE! - ID: 1788809505
[FG] completed: run 1788809505

=== Scan: FG=5/5 [('1786033855', 7950840), ('1786102425', 1842456), ('1788808796', 1748523), ('1788808995', 1589167), ('1788809505', 7287042)] | MVG=1/5 [('1786053806', 7318332)] ===

[MVG] launching: C:\Users\raduc\miniconda3\envs\ndp\python.exe train.py --conf experiments_paper/retina/run_experiment.yaml --generations 1500 --popsize 128 --balanced-fitness --no-early-stopping --mvg --mvg-ops and,or --mvg-switch-interval 20 --snapshot
Model ID: 1788817038

Config:
{'dev_mode': 0, 'project_name': 'Developmental networks', 'group': 'default', 'notes experiment': None, 'device': 0, 'return_loss': 0, 'environment': 'KA_retina', 'node_based_growth': True, 'node_pairs_based_growth': False, 'edge_based_growth': False, 'probabilistic_growth': False, 'coevolve_initial_embeddings': True, 'undirected': True, 'node_embedding_size': 3, 'binary_connectivity': False, 'additive_update': False, 'persistent_observation_rollout': True, 'number_of_growth_cycles': 6, 'initial_embeddings_random': False, 'shared_intial_graph_bool': True, 'shared_intial_embedding': True, 'initial_sparsity': 1, 'self_link_allowed_during_querying': False, 'extra_nodes': -1, 'network_thinking_time_extra_growth': 2, 'network_thinking_time_extra_rollout': 3, 'NN_transform_node_embedding_during_growth': True, 'prunning_phase': False, 'prunning_threshold': 0.3, 'fewer_edges': False, 'fewer_nodes': False, 'balanced_weights': False, 'growth_model_last_layer_activated': False, 'transform_model_last_layer_activated': True, 'mlp_weight_values_last_layer_activated': True, 'mlp_growth_hidden_layers_dims': [5], 'mlp_embedding_transform_hidden_layers_dims': [5], 'mlp_weight_values_hidden_layers_dims': [5], 'growth_model_bias': True, 'mlp_weight_values_bias': True, 'transform_model_bias': True, 'recurrent_activation_function': 'tanh', 'use_torch': False, 'optimizer': 'CMAES', 'maximise': True, 'sigma_init': 0.5, 'generations': 1500, 'popsize': 128, 'CMA_elitist': True, 'minstd': 0.005, 'x0_dist': 'U[-1,1]', 'checkpoint_id': None, 'nb_episode_evals': 1, 'nb_growth_evals': 1, 'early_stopping': False, 'early_stopping_conditions': {'generation': 500, 'objective_value': -3}, 'flattening_stopping': False, 'flattening_stopping_conditions': {'min_generation': 1500, 'last_generations': 500, 'min_std': 5}, 'evolution_feval_check_every': 2000, 'evolution_feval_check_N': 10, 'reward_if_graph_too_small': 200, 'threads': -1, 'seed': None, 'env_seed': None, 'save_model': 1, 'render': 1, 'print_every': 10, 'visualise_network': 0, 'histogram_degree': 0, 'layout': 'random_fixed', 'arrows': True, 'log_gen_time': True, 'snapshot': True, 'show': False, 'nb_eval_seeds': 10, 'balanced_fitness': True, 'operation': 'and', 'mvg': True, 'mvg_ops': ['and', 'or'], 'mvg_switch_interval': 20, 'target': 1.0, 'id': '1788817038', '_path': 'saved_models/1788817038'}

Seed:  6550047
Env_seed:  None
The growth model has 111 trainable parameters
(64_w,128)-aCMA-ES (mu_w=34.2,w_1=6%) in dimension 111 (seed=6550047, Mon Sep  7 22:37:18 2026)

.......................................................

Initilisating CMA-ES with 111 trainable parameters 


--- Starting Evolution ---


Using 16 cores

Baseline (untrained x0 DNA): fitness=0.2161 (raw=0.2) | Nodes: 576

Iterat #Fevals   function value  axis ratio  sigma  min&max std  t[m:s]
    1    128 -8.432416444838805e-01 1.0e+00 4.87e-01  5e-01  5e-01 1:05.8
  Gen    0 | Best: 0.84 (raw: 0.8) | Pop mean: 0.50 | Sigma: 0.4871 | Nodes: 18 (mean 456.7) | 7.1s/gen | op=and
   11   1408 -8.432416444838805e-01 1.1e+00 5.79e-01  6e-01  6e-01 6:41.9
  Gen   10 | Best: 0.84 (raw: 0.8) | Pop mean: 0.82 | Sigma: 0.5789 | Nodes: 9 (mean 67.8) | 33.6s/gen | op=and
   21   2688 -8.028571428571429e-01 1.2e+00 5.97e-01  6e-01  6e-01 7:44.4
  Gen   20 | Best: 0.80 (raw: 0.8) | Pop mean: 0.78 | Sigma: 0.5965 | Nodes: 40 (mean 29.4) | 6.2s/gen | op=or
   31   3968 -8.058201058201058e-01 1.3e+00 6.26e-01  6e-01  6e-01 17:42.0
  Gen   30 | Best: 0.81 (raw: 0.8) | Pop mean: 0.79 | Sigma: 0.6261 | Nodes: 576 (mean 500.6) | 59.8s/gen | op=or
   41   5248 -8.432416444838805e-01 1.3e+00 5.40e-01  5e-01  6e-01 35:14.7
  Gen   40 | Best: 0.84 (raw: 0.8) | Pop mean: 0.78 | Sigma: 0.5396 | Nodes: 9 (mean 509.6) | 105.3s/gen | op=and
   51   6528 -8.432416444838805e-01 1.3e+00 6.14e-01  6e-01  6e-01 40:12.1
  Gen   50 | Best: 0.84 (raw: 0.8) | Pop mean: 0.82 | Sigma: 0.6139 | Nodes: 9 (mean 50.9) | 29.7s/gen | op=and
   61   7808 -8.028571428571429e-01 1.4e+00 6.71e-01  7e-01  7e-01 41:01.9
  Gen   60 | Best: 0.80 (raw: 0.8) | Pop mean: 0.78 | Sigma: 0.6713 | Nodes: 54 (mean 40.7) | 5.0s/gen | op=or
   71   9088 -8.342857142857143e-01 1.5e+00 6.54e-01  6e-01  7e-01 42:45.5
  Gen   70 | Best: 0.83 (raw: 0.8) | Pop mean: 0.79 | Sigma: 0.6542 | Nodes: 254 (mean 218.3) | 10.4s/gen | op=or
   81  10368 -8.437838903677413e-01 1.5e+00 5.81e-01  6e-01  6e-01 45:25.4
  Gen   80 | Best: 0.84 (raw: 0.8) | Pop mean: 0.82 | Sigma: 0.5813 | Nodes: 40 (mean 227.2) | 16.0s/gen | op=and
   91  11648 -8.437838903677413e-01 1.6e+00 5.90e-01  6e-01  6e-01 46:05.8
  Gen   90 | Best: 0.84 (raw: 0.8) | Pop mean: 0.83 | Sigma: 0.5898 | Nodes: 40 (mean 40.3) | 4.0s/gen | op=and
Iterat #Fevals   function value  axis ratio  sigma  min&max std  t[m:s]
  101  12928 -8.028571428571429e-01 1.6e+00 5.56e-01  5e-01  6e-01 46:25.7
  Gen  100 | Best: 0.80 (raw: 0.8) | Pop mean: 0.77 | Sigma: 0.5560 | Nodes: 144 (mean 30.9) | 2.0s/gen | op=or
  111  14208 -8.171428571428572e-01 1.6e+00 5.45e-01  5e-01  6e-01 47:07.1
  Gen  110 | Best: 0.82 (raw: 0.8) | Pop mean: 0.79 | Sigma: 0.5446 | Nodes: 288 (mean 165.1) | 4.1s/gen | op=or
  121  15488 -8.432416444838805e-01 1.7e+00 4.83e-01  5e-01  5e-01 48:07.6
  Gen  120 | Best: 0.84 (raw: 0.8) | Pop mean: 0.82 | Sigma: 0.4832 | Nodes: 9 (mean 197.5) | 6.0s/gen | op=and
  Gen  130 | Best: 0.84 (raw: 0.8) | Pop mean: 0.82 | Sigma: 0.4703 | Nodes: 9 (mean 32.1) | 1.2s/gen | op=and
  141  18048 -8.342857142857143e-01 1.7e+00 4.67e-01  4e-01  5e-01 48:28.4
  Gen  140 | Best: 0.83 (raw: 0.8) | Pop mean: 0.77 | Sigma: 0.4671 | Nodes: 166 (mean 29.3) | 0.8s/gen | op=or
  151  19328 -8.285714285714285e-01 1.7e+00 4.45e-01  4e-01  5e-01 48:46.3
  Gen  150 | Best: 0.83 (raw: 0.8) | Pop mean: 0.79 | Sigma: 0.4454 | Nodes: 256 (mean 92.0) | 1.8s/gen | op=or
  161  20608 -8.437838903677413e-01 1.7e+00 3.82e-01  4e-01  4e-01 49:06.4
  Gen  160 | Best: 0.84 (raw: 0.8) | Pop mean: 0.82 | Sigma: 0.3822 | Nodes: 40 (mean 100.2) | 2.0s/gen | op=and
  Gen  170 | Best: 0.84 (raw: 0.8) | Pop mean: 0.83 | Sigma: 0.4059 | Nodes: 40 (mean 51.1) | 0.8s/gen | op=and
  Gen  180 | Best: 0.83 (raw: 0.8) | Pop mean: 0.78 | Sigma: 0.4027 | Nodes: 74 (mean 47.0) | 0.5s/gen | op=or
  191  24448 -8.342857142857143e-01 1.7e+00 3.87e-01  4e-01  4e-01 49:26.0
  Gen  190 | Best: 0.83 (raw: 0.8) | Pop mean: 0.80 | Sigma: 0.3866 | Nodes: 122 (mean 101.8) | 0.7s/gen | op=or
Iterat #Fevals   function value  axis ratio  sigma  min&max std  t[m:s]
  Gen  200 | Best: 0.84 (raw: 0.8) | Pop mean: 0.82 | Sigma: 0.3336 | Nodes: 80 (mean 112.5) | 0.9s/gen | op=and
  Gen  210 | Best: 0.84 (raw: 0.8) | Pop mean: 0.83 | Sigma: 0.3654 | Nodes: 40 (mean 44.3) | 0.7s/gen | op=and
  221  28288 -8.257142857142857e-01 1.8e+00 3.73e-01  3e-01  4e-01 49:46.8
  Gen  220 | Best: 0.83 (raw: 0.8) | Pop mean: 0.79 | Sigma: 0.3726 | Nodes: 46 (mean 36.5) | 0.5s/gen | op=or
  Gen  230 | Best: 0.83 (raw: 0.8) | Pop mean: 0.80 | Sigma: 0.3557 | Nodes: 42 (mean 92.0) | 0.6s/gen | op=or
  Gen  240 | Best: 0.84 (raw: 0.8) | Pop mean: 0.83 | Sigma: 0.3288 | Nodes: 80 (mean 90.5) | 0.7s/gen | op=and
  251  32128 -8.437838903677413e-01 1.8e+00 3.68e-01  3e-01  4e-01 50:05.5
  Gen  250 | Best: 0.84 (raw: 0.8) | Pop mean: 0.83 | Sigma: 0.3682 | Nodes: 40 (mean 49.2) | 0.6s/gen | op=and
  Gen  260 | Best: 0.83 (raw: 0.8) | Pop mean: 0.79 | Sigma: 0.3667 | Nodes: 72 (mean 45.2) | 0.5s/gen | op=or
  Gen  270 | Best: 0.83 (raw: 0.8) | Pop mean: 0.79 | Sigma: 0.3601 | Nodes: 54 (mean 98.3) | 0.6s/gen | op=or
  Gen  280 | Best: 0.84 (raw: 0.8) | Pop mean: 0.83 | Sigma: 0.3112 | Nodes: 40 (mean 107.1) | 0.7s/gen | op=and
  291  37248 -8.437838903677413e-01 2.0e+00 3.17e-01  3e-01  3e-01 50:30.1
  Gen  290 | Best: 0.84 (raw: 0.8) | Pop mean: 0.83 | Sigma: 0.3172 | Nodes: 40 (mean 57.5) | 0.6s/gen | op=and
Iterat #Fevals   function value  axis ratio  sigma  min&max std  t[m:s]
  Gen  300 | Best: 0.83 (raw: 0.8) | Pop mean: 0.79 | Sigma: 0.3151 | Nodes: 144 (mean 69.6) | 0.6s/gen | op=or
  Gen  310 | Best: 0.82 (raw: 0.8) | Pop mean: 0.81 | Sigma: 0.3035 | Nodes: 144 (mean 114.5) | 0.7s/gen | op=or
  Gen  320 | Best: 0.84 (raw: 0.8) | Pop mean: 0.83 | Sigma: 0.2726 | Nodes: 48 (mean 103.8) | 0.7s/gen | op=and
  331  42368 -8.437838903677413e-01 2.2e+00 2.91e-01  3e-01  3e-01 50:55.7
  Gen  330 | Best: 0.84 (raw: 0.8) | Pop mean: 0.84 | Sigma: 0.2906 | Nodes: 40 (mean 57.6) | 0.6s/gen | op=and
  Gen  340 | Best: 0.82 (raw: 0.8) | Pop mean: 0.79 | Sigma: 0.3189 | Nodes: 144 (mean 57.2) | 0.6s/gen | op=or
  Gen  350 | Best: 0.83 (raw: 0.8) | Pop mean: 0.80 | Sigma: 0.3109 | Nodes: 82 (mean 113.5) | 0.8s/gen | op=or
  Gen  360 | Best: 0.84 (raw: 0.8) | Pop mean: 0.83 | Sigma: 0.2849 | Nodes: 80 (mean 101.9) | 0.7s/gen | op=and
  371  47488 -8.437838903677413e-01 2.4e+00 3.04e-01  3e-01  3e-01 51:23.4
  Gen  370 | Best: 0.84 (raw: 0.8) | Pop mean: 0.83 | Sigma: 0.3040 | Nodes: 80 (mean 56.1) | 0.7s/gen | op=and
  Gen  380 | Best: 0.82 (raw: 0.8) | Pop mean: 0.79 | Sigma: 0.2969 | Nodes: 36 (mean 44.7) | 0.5s/gen | op=or
  Gen  390 | Best: 0.83 (raw: 0.8) | Pop mean: 0.81 | Sigma: 0.3181 | Nodes: 72 (mean 111.7) | 0.7s/gen | op=or
Iterat #Fevals   function value  axis ratio  sigma  min&max std  t[m:s]
  Gen  400 | Best: 0.84 (raw: 0.8) | Pop mean: 0.83 | Sigma: 0.2999 | Nodes: 40 (mean 109.3) | 0.8s/gen | op=and
  411  52608 -8.437838903677413e-01 2.6e+00 3.07e-01  3e-01  3e-01 51:49.8
  Gen  410 | Best: 0.84 (raw: 0.8) | Pop mean: 0.83 | Sigma: 0.3069 | Nodes: 80 (mean 73.0) | 0.6s/gen | op=and
  Gen  420 | Best: 0.82 (raw: 0.8) | Pop mean: 0.79 | Sigma: 0.3145 | Nodes: 144 (mean 69.2) | 0.6s/gen | op=or
  Gen  430 | Best: 0.83 (raw: 0.8) | Pop mean: 0.81 | Sigma: 0.3213 | Nodes: 134 (mean 136.7) | 0.8s/gen | op=or
  441  56448 -8.437838903677413e-01 2.8e+00 2.77e-01  2e-01  3e-01 52:14.5
  Gen  440 | Best: 0.84 (raw: 0.8) | Pop mean: 0.82 | Sigma: 0.2767 | Nodes: 96 (mean 150.2) | 1.1s/gen | op=and
  Gen  450 | Best: 0.84 (raw: 0.8) | Pop mean: 0.84 | Sigma: 0.2960 | Nodes: 96 (mean 63.8) | 0.8s/gen | op=and
  Gen  460 | Best: 0.82 (raw: 0.8) | Pop mean: 0.79 | Sigma: 0.3008 | Nodes: 144 (mean 44.1) | 0.5s/gen | op=or
  Gen  470 | Best: 0.83 (raw: 0.8) | Pop mean: 0.81 | Sigma: 0.2950 | Nodes: 144 (mean 114.7) | 0.6s/gen | op=or
  481  61568 -8.437838903677413e-01 3.0e+00 2.67e-01  2e-01  3e-01 52:41.6
  Gen  480 | Best: 0.84 (raw: 0.8) | Pop mean: 0.83 | Sigma: 0.2667 | Nodes: 160 (mean 106.3) | 0.7s/gen | op=and
  Gen  490 | Best: 0.84 (raw: 0.8) | Pop mean: 0.83 | Sigma: 0.2839 | Nodes: 80 (mean 37.3) | 0.7s/gen | op=and
Iterat #Fevals   function value  axis ratio  sigma  min&max std  t[m:s]
  Gen  500 | Best: 0.82 (raw: 0.8) | Pop mean: 0.79 | Sigma: 0.3108 | Nodes: 144 (mean 44.9) | 0.6s/gen | op=or
  Gen  510 | Best: 0.83 (raw: 0.8) | Pop mean: 0.81 | Sigma: 0.2959 | Nodes: 78 (mean 125.5) | 0.7s/gen | op=or
  521  66688 -8.437838903677413e-01 3.1e+00 2.64e-01  2e-01  3e-01 53:10.4
  Gen  520 | Best: 0.84 (raw: 0.8) | Pop mean: 0.83 | Sigma: 0.2644 | Nodes: 80 (mean 117.0) | 0.9s/gen | op=and
  Gen  530 | Best: 0.84 (raw: 0.8) | Pop mean: 0.84 | Sigma: 0.2800 | Nodes: 40 (mean 46.7) | 0.7s/gen | op=and
  Gen  540 | Best: 0.82 (raw: 0.8) | Pop mean: 0.78 | Sigma: 0.2766 | Nodes: 36 (mean 41.4) | 0.5s/gen | op=or
  Gen  550 | Best: 0.83 (raw: 0.8) | Pop mean: 0.81 | Sigma: 0.2889 | Nodes: 40 (mean 109.5) | 0.6s/gen | op=or
  561  71808 -8.437838903677413e-01 3.3e+00 2.52e-01  2e-01  3e-01 53:39.3
  Gen  560 | Best: 0.84 (raw: 0.8) | Pop mean: 0.83 | Sigma: 0.2516 | Nodes: 40 (mean 152.0) | 1.0s/gen | op=and
  Gen  570 | Best: 0.84 (raw: 0.8) | Pop mean: 0.84 | Sigma: 0.2870 | Nodes: 40 (mean 45.7) | 0.6s/gen | op=and
  Gen  580 | Best: 0.82 (raw: 0.8) | Pop mean: 0.78 | Sigma: 0.2711 | Nodes: 72 (mean 41.9) | 0.5s/gen | op=or
  Gen  590 | Best: 0.83 (raw: 0.8) | Pop mean: 0.81 | Sigma: 0.2744 | Nodes: 74 (mean 90.0) | 0.6s/gen | op=or
Iterat #Fevals   function value  axis ratio  sigma  min&max std  t[m:s]
  Gen  600 | Best: 0.84 (raw: 0.8) | Pop mean: 0.83 | Sigma: 0.2420 | Nodes: 80 (mean 95.5) | 0.6s/gen | op=and
  611  78208 -8.437838903677413e-01 3.5e+00 2.58e-01  2e-01  3e-01 54:08.5
  Gen  610 | Best: 0.84 (raw: 0.8) | Pop mean: 0.84 | Sigma: 0.2580 | Nodes: 40 (mean 49.0) | 0.6s/gen | op=and
  Gen  620 | Best: 0.82 (raw: 0.8) | Pop mean: 0.78 | Sigma: 0.2820 | Nodes: 36 (mean 46.3) | 0.5s/gen | op=or
  Gen  630 | Best: 0.83 (raw: 0.8) | Pop mean: 0.81 | Sigma: 0.2767 | Nodes: 38 (mean 117.7) | 0.6s/gen | op=or
  Gen  640 | Best: 0.84 (raw: 0.8) | Pop mean: 0.82 | Sigma: 0.2518 | Nodes: 80 (mean 142.0) | 0.9s/gen | op=and
  Gen  650 | Best: 0.84 (raw: 0.8) | Pop mean: 0.84 | Sigma: 0.2758 | Nodes: 40 (mean 46.8) | 0.7s/gen | op=and
  661  84608 -8.171428571428572e-01 3.7e+00 2.84e-01  2e-01  3e-01 54:41.0
  Gen  660 | Best: 0.82 (raw: 0.8) | Pop mean: 0.78 | Sigma: 0.2838 | Nodes: 36 (mean 45.5) | 0.5s/gen | op=or
  Gen  670 | Best: 0.83 (raw: 0.8) | Pop mean: 0.81 | Sigma: 0.3000 | Nodes: 74 (mean 102.1) | 0.7s/gen | op=or
  Gen  680 | Best: 0.84 (raw: 0.8) | Pop mean: 0.82 | Sigma: 0.2534 | Nodes: 80 (mean 156.5) | 1.2s/gen | op=and
  Gen  690 | Best: 0.84 (raw: 0.8) | Pop mean: 0.83 | Sigma: 0.2794 | Nodes: 80 (mean 61.9) | 0.8s/gen | op=and
Iterat #Fevals   function value  axis ratio  sigma  min&max std  t[m:s]
  701  89728 -8.314285714285714e-01 3.9e+00 2.79e-01  2e-01  3e-01 55:13.0
  Gen  700 | Best: 0.83 (raw: 0.8) | Pop mean: 0.79 | Sigma: 0.2792 | Nodes: 36 (mean 56.0) | 0.6s/gen | op=or
  Gen  710 | Best: 0.84 (raw: 0.8) | Pop mean: 0.81 | Sigma: 0.2728 | Nodes: 266 (mean 118.6) | 0.7s/gen | op=or
  Gen  720 | Best: 0.84 (raw: 0.8) | Pop mean: 0.82 | Sigma: 0.2523 | Nodes: 40 (mean 141.3) | 1.2s/gen | op=and
  Gen  730 | Best: 0.84 (raw: 0.8) | Pop mean: 0.84 | Sigma: 0.2809 | Nodes: 80 (mean 59.8) | 0.9s/gen | op=and
  741  94848 -8.257142857142857e-01 4.2e+00 2.98e-01  2e-01  3e-01 55:46.2
  Gen  740 | Best: 0.83 (raw: 0.8) | Pop mean: 0.78 | Sigma: 0.2978 | Nodes: 38 (mean 49.5) | 0.5s/gen | op=or
  Gen  750 | Best: 0.84 (raw: 0.8) | Pop mean: 0.81 | Sigma: 0.2855 | Nodes: 144 (mean 112.9) | 0.7s/gen | op=or
  Gen  760 | Best: 0.84 (raw: 0.8) | Pop mean: 0.82 | Sigma: 0.2697 | Nodes: 160 (mean 189.7) | 1.7s/gen | op=and
  771  98688 -8.437838903677413e-01 4.3e+00 3.14e-01  2e-01  3e-01 56:18.1
  Gen  770 | Best: 0.84 (raw: 0.8) | Pop mean: 0.84 | Sigma: 0.3136 | Nodes: 40 (mean 49.5) | 0.8s/gen | op=and
  Gen  780 | Best: 0.82 (raw: 0.8) | Pop mean: 0.79 | Sigma: 0.3282 | Nodes: 72 (mean 42.8) | 0.5s/gen | op=or
  Gen  790 | Best: 0.83 (raw: 0.8) | Pop mean: 0.80 | Sigma: 0.3220 | Nodes: 160 (mean 103.2) | 0.8s/gen | op=or
Iterat #Fevals   function value  axis ratio  sigma  min&max std  t[m:s]
  Gen  800 | Best: 0.84 (raw: 0.8) | Pop mean: 0.82 | Sigma: 0.2935 | Nodes: 80 (mean 147.5) | 1.0s/gen | op=and
  Gen  810 | Best: 0.84 (raw: 0.8) | Pop mean: 0.84 | Sigma: 0.3362 | Nodes: 80 (mean 69.3) | 0.7s/gen | op=and
  821 105088 -8.314285714285714e-01 4.5e+00 3.38e-01  2e-01  4e-01 56:53.7
  Gen  820 | Best: 0.83 (raw: 0.8) | Pop mean: 0.79 | Sigma: 0.3383 | Nodes: 72 (mean 66.4) | 0.6s/gen | op=or
  Gen  830 | Best: 0.83 (raw: 0.8) | Pop mean: 0.81 | Sigma: 0.3432 | Nodes: 288 (mean 122.6) | 0.7s/gen | op=or
  Gen  840 | Best: 0.84 (raw: 0.8) | Pop mean: 0.82 | Sigma: 0.2932 | Nodes: 160 (mean 188.7) | 1.4s/gen | op=and
  Gen  850 | Best: 0.84 (raw: 0.8) | Pop mean: 0.83 | Sigma: 0.3389 | Nodes: 40 (mean 62.8) | 1.0s/gen | op=and
  861 110208 -8.171428571428572e-01 4.8e+00 3.52e-01  3e-01  4e-01 57:31.1
  Gen  860 | Best: 0.82 (raw: 0.8) | Pop mean: 0.79 | Sigma: 0.3517 | Nodes: 144 (mean 72.1) | 0.6s/gen | op=or
  Gen  870 | Best: 0.84 (raw: 0.8) | Pop mean: 0.81 | Sigma: 0.3565 | Nodes: 84 (mean 120.2) | 0.8s/gen | op=or
  Gen  880 | Best: 0.84 (raw: 0.8) | Pop mean: 0.82 | Sigma: 0.3110 | Nodes: 40 (mean 179.8) | 1.2s/gen | op=and
  Gen  890 | Best: 0.84 (raw: 0.8) | Pop mean: 0.83 | Sigma: 0.3413 | Nodes: 80 (mean 46.2) | 0.9s/gen | op=and
Iterat #Fevals   function value  axis ratio  sigma  min&max std  t[m:s]
  901 115328 -8.342857142857143e-01 5.0e+00 3.66e-01  3e-01  4e-01 58:06.3
  Gen  900 | Best: 0.83 (raw: 0.8) | Pop mean: 0.78 | Sigma: 0.3660 | Nodes: 38 (mean 42.4) | 0.6s/gen | op=or
  Gen  910 | Best: 0.83 (raw: 0.8) | Pop mean: 0.81 | Sigma: 0.3696 | Nodes: 288 (mean 130.2) | 0.8s/gen | op=or
  Gen  920 | Best: 0.84 (raw: 0.8) | Pop mean: 0.82 | Sigma: 0.3252 | Nodes: 80 (mean 180.4) | 1.2s/gen | op=and
  Gen  930 | Best: 0.84 (raw: 0.8) | Pop mean: 0.84 | Sigma: 0.3572 | Nodes: 40 (mean 45.9) | 1.0s/gen | op=and
  941 120448 -8.428571428571429e-01 5.2e+00 3.73e-01  3e-01  4e-01 58:41.5
  Gen  940 | Best: 0.84 (raw: 0.8) | Pop mean: 0.78 | Sigma: 0.3725 | Nodes: 36 (mean 40.0) | 0.5s/gen | op=or
  Gen  950 | Best: 0.83 (raw: 0.8) | Pop mean: 0.80 | Sigma: 0.3795 | Nodes: 38 (mean 117.6) | 0.8s/gen | op=or
  Gen  960 | Best: 0.84 (raw: 0.8) | Pop mean: 0.82 | Sigma: 0.3265 | Nodes: 160 (mean 140.2) | 0.9s/gen | op=and
  Gen  970 | Best: 0.84 (raw: 0.8) | Pop mean: 0.84 | Sigma: 0.3648 | Nodes: 40 (mean 49.7) | 0.7s/gen | op=and
  Gen  980 | Best: 0.83 (raw: 0.8) | Pop mean: 0.78 | Sigma: 0.3923 | Nodes: 36 (mean 45.6) | 0.5s/gen | op=or
  991 126848 -8.342857142857143e-01 5.5e+00 3.76e-01  3e-01  4e-01 59:17.9
  Gen  990 | Best: 0.83 (raw: 0.8) | Pop mean: 0.81 | Sigma: 0.3757 | Nodes: 38 (mean 113.9) | 0.7s/gen | op=or
Iterat #Fevals   function value  axis ratio  sigma  min&max std  t[m:s]
  Gen 1000 | Best: 0.84 (raw: 0.8) | Pop mean: 0.82 | Sigma: 0.3373 | Nodes: 80 (mean 151.6) | 1.1s/gen | op=and
  Gen 1010 | Best: 0.84 (raw: 0.8) | Pop mean: 0.84 | Sigma: 0.3536 | Nodes: 80 (mean 56.1) | 0.7s/gen | op=and
  Gen 1020 | Best: 0.83 (raw: 0.8) | Pop mean: 0.79 | Sigma: 0.3582 | Nodes: 36 (mean 44.1) | 0.5s/gen | op=or
  Gen 1030 | Best: 0.83 (raw: 0.8) | Pop mean: 0.81 | Sigma: 0.3600 | Nodes: 72 (mean 103.9) | 0.6s/gen | op=or
 1041 133248 -8.437838903677413e-01 5.8e+00 3.25e-01  2e-01  3e-01 59:57.1
  Gen 1040 | Best: 0.84 (raw: 0.8) | Pop mean: 0.82 | Sigma: 0.3252 | Nodes: 160 (mean 157.6) | 0.9s/gen | op=and
 1051 134528 -8.437838903677413e-01 5.8e+00 3.55e-01  2e-01  4e-01 60:05.4
  Gen 1050 | Best: 0.84 (raw: 0.8) | Pop mean: 0.84 | Sigma: 0.3546 | Nodes: 40 (mean 45.6) | 0.8s/gen | op=and
  Gen 1060 | Best: 0.82 (raw: 0.8) | Pop mean: 0.78 | Sigma: 0.3444 | Nodes: 72 (mean 42.6) | 0.5s/gen | op=or
  Gen 1070 | Best: 0.83 (raw: 0.8) | Pop mean: 0.81 | Sigma: 0.3572 | Nodes: 288 (mean 115.0) | 0.7s/gen | op=or
 1081 138368 -8.437838903677413e-01 6.0e+00 3.38e-01  2e-01  4e-01 60:30.6
  Gen 1080 | Best: 0.84 (raw: 0.8) | Pop mean: 0.82 | Sigma: 0.3378 | Nodes: 40 (mean 170.1) | 1.3s/gen | op=and
 1091 139648 -8.437838903677413e-01 6.0e+00 3.72e-01  2e-01  4e-01 60:38.3
  Gen 1090 | Best: 0.84 (raw: 0.8) | Pop mean: 0.84 | Sigma: 0.3717 | Nodes: 40 (mean 48.8) | 0.8s/gen | op=and
Iterat #Fevals   function value  axis ratio  sigma  min&max std  t[m:s]
  Gen 1100 | Best: 0.82 (raw: 0.8) | Pop mean: 0.78 | Sigma: 0.3684 | Nodes: 36 (mean 39.8) | 0.5s/gen | op=or
  Gen 1110 | Best: 0.82 (raw: 0.8) | Pop mean: 0.81 | Sigma: 0.3858 | Nodes: 72 (mean 102.7) | 0.7s/gen | op=or
 1121 143488 -8.437838903677413e-01 6.2e+00 3.55e-01  2e-01  4e-01 61:01.0
  Gen 1120 | Best: 0.84 (raw: 0.8) | Pop mean: 0.83 | Sigma: 0.3547 | Nodes: 40 (mean 161.6) | 1.0s/gen | op=and
 1131 144768 -8.437838903677413e-01 6.2e+00 3.73e-01  2e-01  4e-01 61:07.7
  Gen 1130 | Best: 0.84 (raw: 0.8) | Pop mean: 0.84 | Sigma: 0.3725 | Nodes: 40 (mean 54.0) | 0.7s/gen | op=and
  Gen 1140 | Best: 0.84 (raw: 0.8) | Pop mean: 0.79 | Sigma: 0.3549 | Nodes: 36 (mean 46.7) | 0.5s/gen | op=or
  Gen 1150 | Best: 0.83 (raw: 0.8) | Pop mean: 0.81 | Sigma: 0.3702 | Nodes: 288 (mean 125.9) | 0.7s/gen | op=or
 1161 148608 -8.437838903677413e-01 6.4e+00 3.32e-01  2e-01  4e-01 61:38.5
  Gen 1160 | Best: 0.84 (raw: 0.8) | Pop mean: 0.82 | Sigma: 0.3320 | Nodes: 80 (mean 189.9) | 1.8s/gen | op=and
 1171 149888 -8.437838903677413e-01 6.4e+00 3.64e-01  2e-01  4e-01 61:46.4
  Gen 1170 | Best: 0.84 (raw: 0.8) | Pop mean: 0.84 | Sigma: 0.3637 | Nodes: 40 (mean 46.4) | 0.8s/gen | op=and
  Gen 1180 | Best: 0.82 (raw: 0.8) | Pop mean: 0.78 | Sigma: 0.3724 | Nodes: 144 (mean 42.7) | 0.5s/gen | op=or
  Gen 1190 | Best: 0.83 (raw: 0.8) | Pop mean: 0.81 | Sigma: 0.3914 | Nodes: 80 (mean 142.9) | 0.8s/gen | op=or
Iterat #Fevals   function value  axis ratio  sigma  min&max std  t[m:s]
 1201 153728 -8.437838903677413e-01 6.5e+00 3.46e-01  2e-01  4e-01 62:16.8
  Gen 1200 | Best: 0.84 (raw: 0.8) | Pop mean: 0.82 | Sigma: 0.3464 | Nodes: 48 (mean 191.6) | 1.7s/gen | op=and
 1211 155008 -8.437838903677413e-01 6.5e+00 3.87e-01  2e-01  4e-01 62:25.3
  Gen 1210 | Best: 0.84 (raw: 0.8) | Pop mean: 0.84 | Sigma: 0.3869 | Nodes: 40 (mean 41.4) | 0.9s/gen | op=and
  Gen 1220 | Best: 0.82 (raw: 0.8) | Pop mean: 0.78 | Sigma: 0.3992 | Nodes: 144 (mean 42.4) | 0.5s/gen | op=or
  Gen 1230 | Best: 0.82 (raw: 0.8) | Pop mean: 0.81 | Sigma: 0.4110 | Nodes: 160 (mean 123.4) | 0.7s/gen | op=or
 1241 158848 -8.437838903677413e-01 6.7e+00 3.75e-01  2e-01  4e-01 62:47.5
  Gen 1240 | Best: 0.84 (raw: 0.8) | Pop mean: 0.83 | Sigma: 0.3748 | Nodes: 48 (mean 137.1) | 1.0s/gen | op=and
 1251 160128 -8.437838903677413e-01 6.7e+00 4.09e-01  2e-01  4e-01 62:56.0
  Gen 1250 | Best: 0.84 (raw: 0.8) | Pop mean: 0.83 | Sigma: 0.4087 | Nodes: 40 (mean 50.6) | 0.9s/gen | op=and
  Gen 1260 | Best: 0.82 (raw: 0.8) | Pop mean: 0.79 | Sigma: 0.4261 | Nodes: 36 (mean 46.1) | 0.6s/gen | op=or
  Gen 1270 | Best: 0.83 (raw: 0.8) | Pop mean: 0.81 | Sigma: 0.4405 | Nodes: 38 (mean 118.4) | 0.8s/gen | op=or
 1281 163968 -8.437838903677413e-01 6.9e+00 4.04e-01  2e-01  4e-01 63:22.9
  Gen 1280 | Best: 0.84 (raw: 0.8) | Pop mean: 0.82 | Sigma: 0.4039 | Nodes: 40 (mean 179.8) | 1.3s/gen | op=and
 1291 165248 -8.437838903677413e-01 6.9e+00 4.38e-01  3e-01  5e-01 63:32.8
  Gen 1290 | Best: 0.84 (raw: 0.8) | Pop mean: 0.84 | Sigma: 0.4378 | Nodes: 40 (mean 67.2) | 1.0s/gen | op=and
Iterat #Fevals   function value  axis ratio  sigma  min&max std  t[m:s]
  Gen 1300 | Best: 0.83 (raw: 0.8) | Pop mean: 0.79 | Sigma: 0.4564 | Nodes: 74 (mean 84.0) | 0.6s/gen | op=or
  Gen 1310 | Best: 0.84 (raw: 0.8) | Pop mean: 0.81 | Sigma: 0.4783 | Nodes: 180 (mean 155.0) | 1.0s/gen | op=or
 1321 169088 -8.437838903677413e-01 7.0e+00 4.30e-01  3e-01  4e-01 64:06.1
  Gen 1320 | Best: 0.84 (raw: 0.8) | Pop mean: 0.82 | Sigma: 0.4299 | Nodes: 80 (mean 177.5) | 1.7s/gen | op=and
 1331 170368 -8.437838903677413e-01 7.0e+00 4.98e-01  3e-01  5e-01 64:15.2
  Gen 1330 | Best: 0.84 (raw: 0.8) | Pop mean: 0.84 | Sigma: 0.4978 | Nodes: 40 (mean 40.8) | 0.9s/gen | op=and
  Gen 1340 | Best: 0.82 (raw: 0.8) | Pop mean: 0.79 | Sigma: 0.4936 | Nodes: 36 (mean 38.6) | 0.5s/gen | op=or
  Gen 1350 | Best: 0.83 (raw: 0.8) | Pop mean: 0.81 | Sigma: 0.4933 | Nodes: 110 (mean 122.8) | 0.7s/gen | op=or
 1361 174208 -8.437838903677413e-01 7.3e+00 4.48e-01  3e-01  5e-01 64:35.4
  Gen 1360 | Best: 0.84 (raw: 0.8) | Pop mean: 0.83 | Sigma: 0.4481 | Nodes: 40 (mean 126.8) | 0.8s/gen | op=and
 1371 175488 -8.437838903677413e-01 7.4e+00 4.91e-01  3e-01  5e-01 64:41.3
  Gen 1370 | Best: 0.84 (raw: 0.8) | Pop mean: 0.84 | Sigma: 0.4911 | Nodes: 40 (mean 36.4) | 0.6s/gen | op=and
  Gen 1380 | Best: 0.82 (raw: 0.8) | Pop mean: 0.77 | Sigma: 0.4970 | Nodes: 36 (mean 38.2) | 0.5s/gen | op=or
  Gen 1390 | Best: 0.83 (raw: 0.8) | Pop mean: 0.80 | Sigma: 0.5171 | Nodes: 72 (mean 112.1) | 0.9s/gen | op=or
Iterat #Fevals   function value  axis ratio  sigma  min&max std  t[m:s]
 1401 179328 -8.437838903677413e-01 7.4e+00 4.74e-01  3e-01  5e-01 65:05.2
  Gen 1400 | Best: 0.84 (raw: 0.8) | Pop mean: 0.83 | Sigma: 0.4737 | Nodes: 48 (mean 134.7) | 1.0s/gen | op=and
 1411 180608 -8.437838903677413e-01 7.5e+00 4.91e-01  3e-01  5e-01 65:11.6
  Gen 1410 | Best: 0.84 (raw: 0.8) | Pop mean: 0.84 | Sigma: 0.4911 | Nodes: 40 (mean 57.6) | 0.6s/gen | op=and
  Gen 1420 | Best: 0.82 (raw: 0.8) | Pop mean: 0.78 | Sigma: 0.4915 | Nodes: 36 (mean 42.2) | 0.5s/gen | op=or
  Gen 1430 | Best: 0.82 (raw: 0.8) | Pop mean: 0.81 | Sigma: 0.5320 | Nodes: 112 (mean 116.7) | 1.1s/gen | op=or
 1441 184448 -8.437838903677413e-01 7.7e+00 4.59e-01  3e-01  5e-01 65:37.1
  Gen 1440 | Best: 0.84 (raw: 0.8) | Pop mean: 0.82 | Sigma: 0.4586 | Nodes: 80 (mean 142.8) | 1.0s/gen | op=and
 1451 185728 -8.437838903677413e-01 7.7e+00 5.02e-01  3e-01  5e-01 65:44.4
  Gen 1450 | Best: 0.84 (raw: 0.8) | Pop mean: 0.83 | Sigma: 0.5023 | Nodes: 40 (mean 47.7) | 0.7s/gen | op=and
  Gen 1460 | Best: 0.82 (raw: 0.8) | Pop mean: 0.79 | Sigma: 0.5051 | Nodes: 144 (mean 48.3) | 0.5s/gen | op=or
  Gen 1470 | Best: 0.83 (raw: 0.8) | Pop mean: 0.81 | Sigma: 0.4983 | Nodes: 38 (mean 144.2) | 0.9s/gen | op=or
 1481 189568 -8.437838903677413e-01 8.0e+00 4.65e-01  3e-01  5e-01 66:14.7
  Gen 1480 | Best: 0.84 (raw: 0.8) | Pop mean: 0.82 | Sigma: 0.4647 | Nodes: 80 (mean 183.8) | 1.6s/gen | op=and
 1491 190848 -8.437838903677413e-01 8.1e+00 5.20e-01  3e-01  5e-01 66:21.7
  Gen 1490 | Best: 0.84 (raw: 0.8) | Pop mean: 0.84 | Sigma: 0.5200 | Nodes: 48 (mean 53.5) | 0.7s/gen | op=and

Evolution took:  3993  seconds

========Optimizer output:==========================
Best single loss found (peak, any goal) was -0.8437838903677413
Best population centroid loss found was -0.8414982161342797
Final-generation champion (op=and): fitness=0.8438 -- this is what gets returned/saved as solution_best under MVG (peak fitness 0.8438 was reached under some possibly-different goal)
===================================================


Saving models and config file — Run ID 1788817038

Final model has 111 parameters
Graph snapshot saved to saved_models/1788817038/graph_best.png

Running environment for best solution...

Checksum of initial network state before growth: 8.432031455838512
Checksum of graph G before growth: 2.3812254540201345
The seed graph (before growth) has 9 nodes and 16 edges.
Checksum of network state after growth: 83.3472443778353
Checksum of graph G after growth: 501.99947792065603
The final grown graph has 40 nodes and 502 edges.
KA_retina retina fitness (op=and, balanced): 0.8438 (raw 201 / 256)

(mean) Episode reward for 1 env rollouts: 0.8437838903677413

Checksum of initial network state before growth: 8.432031455838512
Checksum of graph G before growth: 2.3812254540201345
The seed graph (before growth) has 9 nodes and 16 edges.
Checksum of network state after growth: 83.3472443778353
Checksum of graph G after growth: 501.99947792065603
The final grown graph has 40 nodes and 502 edges.
KA_retina retina fitness (op=and, balanced): 0.8438 (raw 201 / 256)

(mean) Episode reward for 1 env rollouts: 0.8437838903677413

Checksum of initial network state before growth: 8.432031455838512
Checksum of graph G before growth: 2.3812254540201345
The seed graph (before growth) has 9 nodes and 16 edges.
Checksum of network state after growth: 83.3472443778353
Checksum of graph G after growth: 501.99947792065603
The final grown graph has 40 nodes and 502 edges.
KA_retina retina fitness (op=and, balanced): 0.8438 (raw 201 / 256)

(mean) Episode reward for 1 env rollouts: 0.8437838903677413

-------

(mean) Episodes reward for 3 runs: 0.8437838903677412

---------------------------------------------


Running environment for centroid solution...

Running environment for centroid solution...

BYE! - ID: 1788817038
[MVG] completed: run 1788817038

=== Scan: FG=5/5 [('1786033855', 7950840), ('1786102425', 1842456), ('1788808796', 1748523), ('1788808995', 1589167), ('1788809505', 7287042)] | MVG=2/5 [('1786053806', 7318332), ('1788817038', 6550047)] ===

[MVG] launching: C:\Users\raduc\miniconda3\envs\ndp\python.exe train.py --conf experiments_paper/retina/run_experiment.yaml --generations 1500 --popsize 128 --balanced-fitness --no-early-stopping --mvg --mvg-ops and,or --mvg-switch-interval 20 --snapshot
Model ID: 1788821061

Config:
{'dev_mode': 0, 'project_name': 'Developmental networks', 'group': 'default', 'notes experiment': None, 'device': 0, 'return_loss': 0, 'environment': 'KA_retina', 'node_based_growth': True, 'node_pairs_based_growth': False, 'edge_based_growth': False, 'probabilistic_growth': False, 'coevolve_initial_embeddings': True, 'undirected': True, 'node_embedding_size': 3, 'binary_connectivity': False, 'additive_update': False, 'persistent_observation_rollout': True, 'number_of_growth_cycles': 6, 'initial_embeddings_random': False, 'shared_intial_graph_bool': True, 'shared_intial_embedding': True, 'initial_sparsity': 1, 'self_link_allowed_during_querying': False, 'extra_nodes': -1, 'network_thinking_time_extra_growth': 2, 'network_thinking_time_extra_rollout': 3, 'NN_transform_node_embedding_during_growth': True, 'prunning_phase': False, 'prunning_threshold': 0.3, 'fewer_edges': False, 'fewer_nodes': False, 'balanced_weights': False, 'growth_model_last_layer_activated': False, 'transform_model_last_layer_activated': True, 'mlp_weight_values_last_layer_activated': True, 'mlp_growth_hidden_layers_dims': [5], 'mlp_embedding_transform_hidden_layers_dims': [5], 'mlp_weight_values_hidden_layers_dims': [5], 'growth_model_bias': True, 'mlp_weight_values_bias': True, 'transform_model_bias': True, 'recurrent_activation_function': 'tanh', 'use_torch': False, 'optimizer': 'CMAES', 'maximise': True, 'sigma_init': 0.5, 'generations': 1500, 'popsize': 128, 'CMA_elitist': True, 'minstd': 0.005, 'x0_dist': 'U[-1,1]', 'checkpoint_id': None, 'nb_episode_evals': 1, 'nb_growth_evals': 1, 'early_stopping': False, 'early_stopping_conditions': {'generation': 500, 'objective_value': -3}, 'flattening_stopping': False, 'flattening_stopping_conditions': {'min_generation': 1500, 'last_generations': 500, 'min_std': 5}, 'evolution_feval_check_every': 2000, 'evolution_feval_check_N': 10, 'reward_if_graph_too_small': 200, 'threads': -1, 'seed': None, 'env_seed': None, 'save_model': 1, 'render': 1, 'print_every': 10, 'visualise_network': 0, 'histogram_degree': 0, 'layout': 'random_fixed', 'arrows': True, 'log_gen_time': True, 'snapshot': True, 'show': False, 'nb_eval_seeds': 10, 'balanced_fitness': True, 'operation': 'and', 'mvg': True, 'mvg_ops': ['and', 'or'], 'mvg_switch_interval': 20, 'target': 1.0, 'id': '1788821061', '_path': 'saved_models/1788821061'}

Seed:  7766560
Env_seed:  None
The growth model has 111 trainable parameters
(64_w,128)-aCMA-ES (mu_w=34.2,w_1=6%) in dimension 111 (seed=7766560, Mon Sep  7 23:44:21 2026)

.......................................................

Initilisating CMA-ES with 111 trainable parameters 


--- Starting Evolution ---


Using 16 cores

Baseline (untrained x0 DNA): fitness=0.7839 (raw=0.8) | Nodes: 161

Iterat #Fevals   function value  axis ratio  sigma  min&max std  t[m:s]
    1    128 -8.032633343192349e-01 1.0e+00 4.88e-01  5e-01  5e-01 0:40.1
  Gen    0 | Best: 0.80 (raw: 0.8) | Pop mean: 0.44 | Sigma: 0.4879 | Nodes: 11 (mean 292.8) | 4.0s/gen | op=and
   11   1408 -8.467415951888002e-01 1.1e+00 5.68e-01  6e-01  6e-01 4:47.4
  Gen   10 | Best: 0.85 (raw: 0.8) | Pop mean: 0.78 | Sigma: 0.5679 | Nodes: 40 (mean 160.0) | 24.7s/gen | op=and
   21   2688 -8.028571428571429e-01 1.2e+00 6.26e-01  6e-01  6e-01 5:42.5
  Gen   20 | Best: 0.80 (raw: 0.8) | Pop mean: 0.77 | Sigma: 0.6259 | Nodes: 160 (mean 18.9) | 5.5s/gen | op=or
   31   3968 -8.010229276895944e-01 1.3e+00 6.03e-01  6e-01  6e-01 7:54.5
  Gen   30 | Best: 0.80 (raw: 0.8) | Pop mean: 0.75 | Sigma: 0.6026 | Nodes: 11 (mean 265.4) | 13.2s/gen | op=or
   41   5248 -8.287488908606921e-01 1.4e+00 5.66e-01  6e-01  6e-01 14:06.4
  Gen   40 | Best: 0.83 (raw: 0.8) | Pop mean: 0.78 | Sigma: 0.5655 | Nodes: 33 (mean 463.2) | 37.2s/gen | op=and
   51   6528 -8.432416444838805e-01 1.4e+00 5.44e-01  5e-01  6e-01 17:23.5
  Gen   50 | Best: 0.84 (raw: 0.8) | Pop mean: 0.80 | Sigma: 0.5441 | Nodes: 16 (mean 57.5) | 19.7s/gen | op=and
   61   7808 -8.028571428571429e-01 1.4e+00 4.94e-01  5e-01  5e-01 18:19.0
  Gen   60 | Best: 0.80 (raw: 0.8) | Pop mean: 0.78 | Sigma: 0.4942 | Nodes: 44 (mean 48.4) | 5.5s/gen | op=or
   71   9088 -8.067372134038800e-01 1.4e+00 4.44e-01  4e-01  5e-01 20:13.2
  Gen   70 | Best: 0.81 (raw: 0.8) | Pop mean: 0.76 | Sigma: 0.4437 | Nodes: 20 (mean 187.1) | 11.4s/gen | op=or
   81  10368 -8.432416444838805e-01 1.5e+00 3.84e-01  4e-01  4e-01 23:46.5
  Gen   80 | Best: 0.84 (raw: 0.8) | Pop mean: 0.78 | Sigma: 0.3844 | Nodes: 12 (mean 342.0) | 21.3s/gen | op=and
   91  11648 -8.432416444838805e-01 1.5e+00 3.68e-01  4e-01  4e-01 25:06.7
  Gen   90 | Best: 0.84 (raw: 0.8) | Pop mean: 0.81 | Sigma: 0.3676 | Nodes: 9 (mean 34.7) | 8.0s/gen | op=and
Iterat #Fevals   function value  axis ratio  sigma  min&max std  t[m:s]
  101  12928 -8.124514991181657e-01 1.5e+00 3.34e-01  3e-01  3e-01 25:41.8
  Gen  100 | Best: 0.81 (raw: 0.8) | Pop mean: 0.78 | Sigma: 0.3338 | Nodes: 9 (mean 31.1) | 3.5s/gen | op=or
  111  14208 -7.943915343915344e-01 1.5e+00 3.26e-01  3e-01  3e-01 26:20.1
  Gen  110 | Best: 0.79 (raw: 0.8) | Pop mean: 0.76 | Sigma: 0.3265 | Nodes: 9 (mean 73.9) | 3.8s/gen | op=or
  121  15488 -8.432416444838805e-01 1.5e+00 2.98e-01  3e-01  3e-01 27:36.2
  Gen  120 | Best: 0.84 (raw: 0.8) | Pop mean: 0.78 | Sigma: 0.2977 | Nodes: 9 (mean 114.1) | 7.6s/gen | op=and
  131  16768 -8.432416444838805e-01 1.5e+00 2.79e-01  3e-01  3e-01 28:08.7
  Gen  130 | Best: 0.84 (raw: 0.8) | Pop mean: 0.81 | Sigma: 0.2794 | Nodes: 10 (mean 16.2) | 3.3s/gen | op=and
  141  18048 -7.934744268077601e-01 1.5e+00 2.52e-01  2e-01  3e-01 28:25.3
  Gen  140 | Best: 0.79 (raw: 0.8) | Pop mean: 0.78 | Sigma: 0.2523 | Nodes: 9 (mean 18.5) | 1.7s/gen | op=or
  151  19328 -8.085714285714285e-01 1.5e+00 2.40e-01  2e-01  2e-01 29:26.4
  Gen  150 | Best: 0.81 (raw: 0.8) | Pop mean: 0.77 | Sigma: 0.2402 | Nodes: 9 (mean 111.5) | 6.1s/gen | op=or
  161  20608 -8.432416444838805e-01 1.5e+00 2.10e-01  2e-01  2e-01 740:11.3
  Gen  160 | Best: 0.84 (raw: 0.8) | Pop mean: 0.78 | Sigma: 0.2098 | Nodes: 12 (mean 27.3) | 4264.5s/gen | op=and
  Gen  170 | Best: 0.84 (raw: 0.8) | Pop mean: 0.82 | Sigma: 0.2005 | Nodes: 24 (mean 17.2) | 1.3s/gen | op=and
  181  23168 -8.181657848324515e-01 1.6e+00 1.66e-01  2e-01  2e-01 740:32.9
  Gen  180 | Best: 0.82 (raw: 0.8) | Pop mean: 0.78 | Sigma: 0.1663 | Nodes: 9 (mean 17.5) | 0.9s/gen | op=or
  Gen  190 | Best: 0.84 (raw: 0.8) | Pop mean: 0.79 | Sigma: 0.1611 | Nodes: 96 (mean 12.7) | 0.8s/gen | op=or
Iterat #Fevals   function value  axis ratio  sigma  min&max std  t[m:s]
  Gen  200 | Best: 0.85 (raw: 0.8) | Pop mean: 0.78 | Sigma: 0.1400 | Nodes: 40 (mean 12.3) | 0.7s/gen | op=and
  211  27008 -8.443261362516021e-01 1.6e+00 1.42e-01  1e-01  1e-01 740:51.0
  Gen  210 | Best: 0.84 (raw: 0.8) | Pop mean: 0.83 | Sigma: 0.1421 | Nodes: 24 (mean 17.8) | 0.3s/gen | op=and
  Gen  220 | Best: 0.81 (raw: 0.8) | Pop mean: 0.78 | Sigma: 0.1470 | Nodes: 58 (mean 25.8) | 0.6s/gen | op=or
  Gen  230 | Best: 0.80 (raw: 0.8) | Pop mean: 0.79 | Sigma: 0.1400 | Nodes: 9 (mean 13.6) | 0.6s/gen | op=or
  241  30848 -8.432416444838805e-01 1.6e+00 1.31e-01  1e-01  1e-01 741:19.9
  Gen  240 | Best: 0.84 (raw: 0.8) | Pop mean: 0.79 | Sigma: 0.1309 | Nodes: 9 (mean 15.3) | 1.7s/gen | op=and
  Gen  250 | Best: 0.84 (raw: 0.8) | Pop mean: 0.82 | Sigma: 0.1263 | Nodes: 24 (mean 15.9) | 1.0s/gen | op=and
  Gen  260 | Best: 0.83 (raw: 0.8) | Pop mean: 0.77 | Sigma: 0.1103 | Nodes: 24 (mean 22.7) | 0.7s/gen | op=or
  271  34688 -8.181657848324515e-01 1.7e+00 1.09e-01  1e-01  1e-01 741:40.5
  Gen  270 | Best: 0.82 (raw: 0.8) | Pop mean: 0.79 | Sigma: 0.1093 | Nodes: 10 (mean 15.8) | 0.3s/gen | op=or
  Gen  280 | Best: 0.84 (raw: 0.8) | Pop mean: 0.79 | Sigma: 0.0935 | Nodes: 24 (mean 13.0) | 0.4s/gen | op=and
  Gen  290 | Best: 0.85 (raw: 0.8) | Pop mean: 0.83 | Sigma: 0.0912 | Nodes: 40 (mean 21.5) | 0.4s/gen | op=and
Iterat #Fevals   function value  axis ratio  sigma  min&max std  t[m:s]
  Gen  300 | Best: 0.83 (raw: 0.8) | Pop mean: 0.77 | Sigma: 0.0825 | Nodes: 24 (mean 21.4) | 0.5s/gen | op=or
  311  39808 -8.314285714285714e-01 1.7e+00 8.00e-02  7e-02  8e-02 742:05.5
  Gen  310 | Best: 0.83 (raw: 0.8) | Pop mean: 0.79 | Sigma: 0.0800 | Nodes: 24 (mean 15.3) | 1.3s/gen | op=or
  Gen  320 | Best: 0.84 (raw: 0.8) | Pop mean: 0.79 | Sigma: 0.0707 | Nodes: 24 (mean 13.0) | 0.9s/gen | op=and
  Gen  330 | Best: 0.85 (raw: 0.9) | Pop mean: 0.83 | Sigma: 0.0686 | Nodes: 24 (mean 19.8) | 0.3s/gen | op=and
  Gen  340 | Best: 0.83 (raw: 0.8) | Pop mean: 0.77 | Sigma: 0.0662 | Nodes: 24 (mean 23.1) | 0.4s/gen | op=or
  Gen  350 | Best: 0.83 (raw: 0.8) | Pop mean: 0.79 | Sigma: 0.0619 | Nodes: 24 (mean 21.4) | 0.2s/gen | op=or
  Gen  360 | Best: 0.85 (raw: 0.9) | Pop mean: 0.80 | Sigma: 0.0565 | Nodes: 24 (mean 18.8) | 0.3s/gen | op=and
  371  47488 -8.539879720003943e-01 1.8e+00 5.72e-02  5e-02  6e-02 742:33.2
  Gen  370 | Best: 0.85 (raw: 0.9) | Pop mean: 0.84 | Sigma: 0.0572 | Nodes: 24 (mean 21.5) | 0.6s/gen | op=and
  Gen  380 | Best: 0.81 (raw: 0.8) | Pop mean: 0.77 | Sigma: 0.0547 | Nodes: 24 (mean 21.8) | 1.1s/gen | op=or
  Gen  390 | Best: 0.80 (raw: 0.8) | Pop mean: 0.79 | Sigma: 0.0533 | Nodes: 12 (mean 10.9) | 1.1s/gen | op=or
Iterat #Fevals   function value  axis ratio  sigma  min&max std  t[m:s]
  401  51328 -8.432416444838805e-01 1.8e+00 4.59e-02  4e-02  5e-02 743:05.0
  Gen  400 | Best: 0.84 (raw: 0.8) | Pop mean: 0.80 | Sigma: 0.0459 | Nodes: 24 (mean 14.3) | 1.0s/gen | op=and
  Gen  410 | Best: 0.85 (raw: 0.9) | Pop mean: 0.84 | Sigma: 0.0466 | Nodes: 24 (mean 20.8) | 0.9s/gen | op=and
  Gen  420 | Best: 0.83 (raw: 0.8) | Pop mean: 0.77 | Sigma: 0.0431 | Nodes: 24 (mean 22.9) | 1.2s/gen | op=or
  431  55168 -8.314285714285714e-01 1.9e+00 4.18e-02  4e-02  4e-02 743:31.1
  Gen  430 | Best: 0.83 (raw: 0.8) | Pop mean: 0.79 | Sigma: 0.0418 | Nodes: 24 (mean 19.9) | 0.6s/gen | op=or
  Gen  440 | Best: 0.85 (raw: 0.9) | Pop mean: 0.80 | Sigma: 0.0398 | Nodes: 24 (mean 14.5) | 0.6s/gen | op=and
  Gen  450 | Best: 0.85 (raw: 0.9) | Pop mean: 0.83 | Sigma: 0.0403 | Nodes: 24 (mean 22.0) | 0.8s/gen | op=and
  Gen  460 | Best: 0.83 (raw: 0.8) | Pop mean: 0.77 | Sigma: 0.0372 | Nodes: 24 (mean 23.1) | 1.0s/gen | op=or
  471  60288 -8.314285714285714e-01 1.9e+00 3.65e-02  3e-02  4e-02 744:01.4
  Gen  470 | Best: 0.83 (raw: 0.8) | Pop mean: 0.79 | Sigma: 0.0365 | Nodes: 12 (mean 18.8) | 0.6s/gen | op=or
  Gen  480 | Best: 0.85 (raw: 0.9) | Pop mean: 0.80 | Sigma: 0.0329 | Nodes: 16 (mean 18.0) | 0.5s/gen | op=and
  Gen  490 | Best: 0.85 (raw: 0.9) | Pop mean: 0.84 | Sigma: 0.0373 | Nodes: 24 (mean 19.5) | 0.6s/gen | op=and
Iterat #Fevals   function value  axis ratio  sigma  min&max std  t[m:s]
  Gen  500 | Best: 0.83 (raw: 0.8) | Pop mean: 0.77 | Sigma: 0.0372 | Nodes: 16 (mean 22.8) | 0.8s/gen | op=or
  Gen  510 | Best: 0.83 (raw: 0.8) | Pop mean: 0.79 | Sigma: 0.0376 | Nodes: 24 (mean 21.7) | 0.3s/gen | op=or
  521  66688 -8.539879720003943e-01 2.0e+00 3.48e-02  3e-02  3e-02 744:28.3
  Gen  520 | Best: 0.85 (raw: 0.9) | Pop mean: 0.80 | Sigma: 0.0348 | Nodes: 24 (mean 21.1) | 0.5s/gen | op=and
  Gen  530 | Best: 0.85 (raw: 0.9) | Pop mean: 0.84 | Sigma: 0.0360 | Nodes: 24 (mean 23.6) | 0.3s/gen | op=and
  Gen  540 | Best: 0.83 (raw: 0.8) | Pop mean: 0.77 | Sigma: 0.0364 | Nodes: 24 (mean 22.2) | 0.6s/gen | op=or
  Gen  550 | Best: 0.83 (raw: 0.8) | Pop mean: 0.79 | Sigma: 0.0379 | Nodes: 24 (mean 21.4) | 0.2s/gen | op=or
  Gen  560 | Best: 0.85 (raw: 0.9) | Pop mean: 0.80 | Sigma: 0.0329 | Nodes: 24 (mean 22.3) | 0.4s/gen | op=and
  Gen  570 | Best: 0.85 (raw: 0.9) | Pop mean: 0.84 | Sigma: 0.0359 | Nodes: 24 (mean 22.7) | 0.9s/gen | op=and
  581  74368 -8.314285714285714e-01 2.0e+00 3.59e-02  3e-02  4e-02 744:55.5
  Gen  580 | Best: 0.83 (raw: 0.8) | Pop mean: 0.77 | Sigma: 0.0359 | Nodes: 24 (mean 23.1) | 0.3s/gen | op=or
  Gen  590 | Best: 0.83 (raw: 0.8) | Pop mean: 0.79 | Sigma: 0.0352 | Nodes: 16 (mean 22.9) | 0.3s/gen | op=or
Iterat #Fevals   function value  axis ratio  sigma  min&max std  t[m:s]
  Gen  600 | Best: 0.85 (raw: 0.9) | Pop mean: 0.81 | Sigma: 0.0320 | Nodes: 24 (mean 22.4) | 0.5s/gen | op=and
  Gen  610 | Best: 0.85 (raw: 0.9) | Pop mean: 0.83 | Sigma: 0.0358 | Nodes: 24 (mean 21.6) | 0.3s/gen | op=and
  Gen  620 | Best: 0.83 (raw: 0.8) | Pop mean: 0.77 | Sigma: 0.0360 | Nodes: 24 (mean 22.8) | 0.3s/gen | op=or
  Gen  630 | Best: 0.83 (raw: 0.8) | Pop mean: 0.79 | Sigma: 0.0351 | Nodes: 12 (mean 21.9) | 0.5s/gen | op=or
  Gen  640 | Best: 0.85 (raw: 0.9) | Pop mean: 0.80 | Sigma: 0.0322 | Nodes: 24 (mean 23.0) | 0.6s/gen | op=and
  651  83328 -8.539879720003943e-01 2.2e+00 3.18e-02  3e-02  3e-02 745:47.2
  Gen  650 | Best: 0.85 (raw: 0.9) | Pop mean: 0.84 | Sigma: 0.0318 | Nodes: 24 (mean 22.9) | 2.7s/gen | op=and
  Gen  660 | Best: 0.83 (raw: 0.8) | Pop mean: 0.77 | Sigma: 0.0293 | Nodes: 24 (mean 23.2) | 0.7s/gen | op=or
  Gen  670 | Best: 0.83 (raw: 0.8) | Pop mean: 0.79 | Sigma: 0.0287 | Nodes: 24 (mean 21.2) | 0.5s/gen | op=or
  Gen  680 | Best: 0.85 (raw: 0.9) | Pop mean: 0.81 | Sigma: 0.0257 | Nodes: 24 (mean 22.3) | 1.4s/gen | op=and
  Gen  690 | Best: 0.85 (raw: 0.9) | Pop mean: 0.84 | Sigma: 0.0275 | Nodes: 24 (mean 22.2) | 0.3s/gen | op=and
Iterat #Fevals   function value  axis ratio  sigma  min&max std  t[m:s]
  701  89728 -8.314285714285714e-01 2.3e+00 2.78e-02  2e-02  3e-02 746:19.0
  Gen  700 | Best: 0.83 (raw: 0.8) | Pop mean: 0.78 | Sigma: 0.0278 | Nodes: 24 (mean 21.7) | 0.3s/gen | op=or
  Gen  710 | Best: 0.83 (raw: 0.8) | Pop mean: 0.79 | Sigma: 0.0276 | Nodes: 24 (mean 22.4) | 0.7s/gen | op=or
  Gen  720 | Best: 0.85 (raw: 0.9) | Pop mean: 0.81 | Sigma: 0.0230 | Nodes: 24 (mean 22.8) | 1.4s/gen | op=and
  731  93568 -8.539879720003943e-01 2.3e+00 2.45e-02  2e-02  2e-02 746:50.8
  Gen  730 | Best: 0.85 (raw: 0.9) | Pop mean: 0.84 | Sigma: 0.0245 | Nodes: 24 (mean 20.8) | 1.1s/gen | op=and
  Gen  740 | Best: 0.84 (raw: 0.8) | Pop mean: 0.78 | Sigma: 0.0253 | Nodes: 24 (mean 23.2) | 0.5s/gen | op=or
  Gen  750 | Best: 0.84 (raw: 0.8) | Pop mean: 0.79 | Sigma: 0.0250 | Nodes: 24 (mean 22.3) | 0.6s/gen | op=or
  Gen  760 | Best: 0.85 (raw: 0.9) | Pop mean: 0.81 | Sigma: 0.0234 | Nodes: 24 (mean 22.8) | 1.4s/gen | op=and
  771  98688 -8.539879720003943e-01 2.4e+00 2.40e-02  2e-02  2e-02 747:26.7
  Gen  770 | Best: 0.85 (raw: 0.9) | Pop mean: 0.83 | Sigma: 0.0240 | Nodes: 24 (mean 21.4) | 1.2s/gen | op=and
  Gen  780 | Best: 0.83 (raw: 0.8) | Pop mean: 0.77 | Sigma: 0.0231 | Nodes: 24 (mean 22.4) | 1.3s/gen | op=or
  Gen  790 | Best: 0.83 (raw: 0.8) | Pop mean: 0.79 | Sigma: 0.0228 | Nodes: 24 (mean 22.4) | 0.5s/gen | op=or
Iterat #Fevals   function value  axis ratio  sigma  min&max std  t[m:s]
  Gen  800 | Best: 0.85 (raw: 0.9) | Pop mean: 0.81 | Sigma: 0.0205 | Nodes: 24 (mean 22.0) | 0.4s/gen | op=and
  Gen  810 | Best: 0.85 (raw: 0.9) | Pop mean: 0.83 | Sigma: 0.0194 | Nodes: 24 (mean 22.6) | 0.7s/gen | op=and
  821 105088 -8.314285714285714e-01 2.5e+00 1.95e-02  2e-02  2e-02 748:05.3
  Gen  820 | Best: 0.83 (raw: 0.8) | Pop mean: 0.77 | Sigma: 0.0195 | Nodes: 24 (mean 22.9) | 1.0s/gen | op=or
  Gen  830 | Best: 0.84 (raw: 0.8) | Pop mean: 0.79 | Sigma: 0.0192 | Nodes: 24 (mean 21.7) | 1.2s/gen | op=or
  Gen  840 | Best: 0.85 (raw: 0.9) | Pop mean: 0.81 | Sigma: 0.0174 | Nodes: 24 (mean 21.7) | 0.7s/gen | op=and
  Gen  850 | Best: 0.85 (raw: 0.9) | Pop mean: 0.83 | Sigma: 0.0181 | Nodes: 24 (mean 21.7) | 0.3s/gen | op=and
  Gen  860 | Best: 0.83 (raw: 0.8) | Pop mean: 0.78 | Sigma: 0.0182 | Nodes: 24 (mean 23.7) | 0.9s/gen | op=or
  871 111488 -8.428571428571429e-01 2.6e+00 1.78e-02  1e-02  2e-02 748:38.7
  Gen  870 | Best: 0.84 (raw: 0.8) | Pop mean: 0.79 | Sigma: 0.0178 | Nodes: 24 (mean 22.8) | 0.3s/gen | op=or
  Gen  880 | Best: 0.85 (raw: 0.9) | Pop mean: 0.81 | Sigma: 0.0165 | Nodes: 16 (mean 23.6) | 1.2s/gen | op=and
  Gen  890 | Best: 0.85 (raw: 0.9) | Pop mean: 0.84 | Sigma: 0.0170 | Nodes: 24 (mean 23.4) | 0.3s/gen | op=and
Iterat #Fevals   function value  axis ratio  sigma  min&max std  t[m:s]
  Gen  900 | Best: 0.83 (raw: 0.8) | Pop mean: 0.77 | Sigma: 0.0158 | Nodes: 24 (mean 23.8) | 0.5s/gen | op=or
  Gen  910 | Best: 0.83 (raw: 0.8) | Pop mean: 0.79 | Sigma: 0.0154 | Nodes: 24 (mean 23.0) | 1.1s/gen | op=or
  921 117888 -8.539879720003943e-01 2.7e+00 1.39e-02  1e-02  1e-02 749:19.7
  Gen  920 | Best: 0.85 (raw: 0.9) | Pop mean: 0.82 | Sigma: 0.0139 | Nodes: 24 (mean 22.9) | 0.9s/gen | op=and
  Gen  930 | Best: 0.85 (raw: 0.9) | Pop mean: 0.83 | Sigma: 0.0140 | Nodes: 16 (mean 19.9) | 1.2s/gen | op=and
  Gen  940 | Best: 0.83 (raw: 0.8) | Pop mean: 0.78 | Sigma: 0.0147 | Nodes: 24 (mean 22.4) | 1.1s/gen | op=or
  Gen  950 | Best: 0.84 (raw: 0.8) | Pop mean: 0.79 | Sigma: 0.0142 | Nodes: 16 (mean 19.8) | 0.3s/gen | op=or
  Gen  960 | Best: 0.85 (raw: 0.9) | Pop mean: 0.82 | Sigma: 0.0131 | Nodes: 24 (mean 22.0) | 0.6s/gen | op=and
  971 124288 -8.539879720003943e-01 2.7e+00 1.31e-02  1e-02  1e-02 749:56.8
  Gen  970 | Best: 0.85 (raw: 0.9) | Pop mean: 0.83 | Sigma: 0.0131 | Nodes: 24 (mean 22.7) | 0.4s/gen | op=and
  Gen  980 | Best: 0.83 (raw: 0.8) | Pop mean: 0.78 | Sigma: 0.0124 | Nodes: 24 (mean 23.9) | 0.3s/gen | op=or
  Gen  990 | Best: 0.84 (raw: 0.8) | Pop mean: 0.78 | Sigma: 0.0117 | Nodes: 24 (mean 23.3) | 0.9s/gen | op=or
Iterat #Fevals   function value  axis ratio  sigma  min&max std  t[m:s]
  Gen 1000 | Best: 0.85 (raw: 0.9) | Pop mean: 0.82 | Sigma: 0.0103 | Nodes: 24 (mean 23.2) | 0.3s/gen | op=and
  Gen 1010 | Best: 0.85 (raw: 0.9) | Pop mean: 0.83 | Sigma: 0.0105 | Nodes: 24 (mean 22.5) | 0.4s/gen | op=and
  Gen 1020 | Best: 0.83 (raw: 0.8) | Pop mean: 0.78 | Sigma: 0.0108 | Nodes: 24 (mean 21.6) | 0.6s/gen | op=or
  Gen 1030 | Best: 0.83 (raw: 0.8) | Pop mean: 0.78 | Sigma: 0.0104 | Nodes: 24 (mean 20.2) | 0.9s/gen | op=or
 1041 133248 -8.539879720003943e-01 2.8e+00 9.36e-03  8e-03  9e-03 750:37.5
  Gen 1040 | Best: 0.85 (raw: 0.9) | Pop mean: 0.82 | Sigma: 0.0094 | Nodes: 24 (mean 19.9) | 0.8s/gen | op=and
 1051 134528 -8.539879720003943e-01 2.8e+00 9.30e-03  8e-03  9e-03 750:40.8
  Gen 1050 | Best: 0.85 (raw: 0.9) | Pop mean: 0.83 | Sigma: 0.0093 | Nodes: 16 (mean 18.8) | 0.3s/gen | op=and
  Gen 1060 | Best: 0.83 (raw: 0.8) | Pop mean: 0.78 | Sigma: 0.0091 | Nodes: 16 (mean 17.5) | 0.4s/gen | op=or
  Gen 1070 | Best: 0.83 (raw: 0.8) | Pop mean: 0.78 | Sigma: 0.0085 | Nodes: 16 (mean 18.1) | 0.4s/gen | op=or
 1081 138368 -8.539879720003943e-01 2.8e+00 7.77e-03  6e-03  7e-03 750:57.6
  Gen 1080 | Best: 0.85 (raw: 0.9) | Pop mean: 0.82 | Sigma: 0.0078 | Nodes: 16 (mean 18.9) | 0.8s/gen | op=and
 1091 139648 -8.539879720003943e-01 2.8e+00 8.27e-03  7e-03  8e-03 751:02.0
  Gen 1090 | Best: 0.85 (raw: 0.9) | Pop mean: 0.83 | Sigma: 0.0083 | Nodes: 24 (mean 19.1) | 0.4s/gen | op=and
Iterat #Fevals   function value  axis ratio  sigma  min&max std  t[m:s]
  Gen 1100 | Best: 0.83 (raw: 0.8) | Pop mean: 0.77 | Sigma: 0.0080 | Nodes: 16 (mean 18.4) | 0.2s/gen | op=or
  Gen 1110 | Best: 0.84 (raw: 0.8) | Pop mean: 0.78 | Sigma: 0.0079 | Nodes: 16 (mean 18.0) | 0.4s/gen | op=or
 1121 143488 -8.539879720003943e-01 2.8e+00 7.36e-03  6e-03  7e-03 751:13.2
  Gen 1120 | Best: 0.85 (raw: 0.9) | Pop mean: 0.83 | Sigma: 0.0074 | Nodes: 16 (mean 17.3) | 0.5s/gen | op=and
 1131 144768 -8.539879720003943e-01 2.8e+00 6.71e-03  6e-03  6e-03 751:21.3
  Gen 1130 | Best: 0.85 (raw: 0.9) | Pop mean: 0.83 | Sigma: 0.0067 | Nodes: 16 (mean 15.9) | 0.8s/gen | op=and
  Gen 1140 | Best: 0.83 (raw: 0.8) | Pop mean: 0.78 | Sigma: 0.0064 | Nodes: 16 (mean 16.0) | 0.7s/gen | op=or
  Gen 1150 | Best: 0.83 (raw: 0.8) | Pop mean: 0.79 | Sigma: 0.0060 | Nodes: 24 (mean 18.3) | 0.3s/gen | op=or
 1161 148608 -8.539879720003943e-01 2.8e+00 5.44e-03  5e-03  5e-03 751:34.1
  Gen 1160 | Best: 0.85 (raw: 0.9) | Pop mean: 0.82 | Sigma: 0.0054 | Nodes: 16 (mean 17.4) | 0.3s/gen | op=and
 1171 149888 -8.539879720003943e-01 2.8e+00 5.19e-03  5e-03  5e-03 751:40.2
  Gen 1170 | Best: 0.85 (raw: 0.9) | Pop mean: 0.83 | Sigma: 0.0052 | Nodes: 16 (mean 16.4) | 0.6s/gen | op=and
  Gen 1180 | Best: 0.83 (raw: 0.8) | Pop mean: 0.78 | Sigma: 0.0052 | Nodes: 16 (mean 16.8) | 0.3s/gen | op=or
  Gen 1190 | Best: 0.83 (raw: 0.8) | Pop mean: 0.78 | Sigma: 0.0050 | Nodes: 16 (mean 19.1) | 0.4s/gen | op=or
Iterat #Fevals   function value  axis ratio  sigma  min&max std  t[m:s]
 1201 153728 -8.539879720003943e-01 2.9e+00 4.47e-03  5e-03  5e-03 751:51.5
  Gen 1200 | Best: 0.85 (raw: 0.9) | Pop mean: 0.83 | Sigma: 0.0045 | Nodes: 16 (mean 17.3) | 0.5s/gen | op=and
 1211 155008 -8.539879720003943e-01 2.9e+00 4.58e-03  5e-03  5e-03 751:59.4
  Gen 1210 | Best: 0.85 (raw: 0.9) | Pop mean: 0.83 | Sigma: 0.0046 | Nodes: 16 (mean 16.4) | 0.8s/gen | op=and
  Gen 1220 | Best: 0.83 (raw: 0.8) | Pop mean: 0.77 | Sigma: 0.0045 | Nodes: 16 (mean 16.0) | 1.3s/gen | op=or
  Gen 1230 | Best: 0.83 (raw: 0.8) | Pop mean: 0.78 | Sigma: 0.0043 | Nodes: 16 (mean 16.8) | 1.2s/gen | op=or
 1241 158848 -8.539879720003943e-01 2.9e+00 4.11e-03  5e-03  5e-03 752:36.8
  Gen 1240 | Best: 0.85 (raw: 0.9) | Pop mean: 0.83 | Sigma: 0.0041 | Nodes: 24 (mean 17.6) | 1.2s/gen | op=and
 1251 160128 -8.539879720003943e-01 2.9e+00 4.18e-03  5e-03  5e-03 752:50.0
  Gen 1250 | Best: 0.85 (raw: 0.9) | Pop mean: 0.83 | Sigma: 0.0042 | Nodes: 16 (mean 16.5) | 1.3s/gen | op=and
  Gen 1260 | Best: 0.83 (raw: 0.8) | Pop mean: 0.78 | Sigma: 0.0041 | Nodes: 16 (mean 16.2) | 1.4s/gen | op=or
  Gen 1270 | Best: 0.83 (raw: 0.8) | Pop mean: 0.78 | Sigma: 0.0037 | Nodes: 16 (mean 17.8) | 1.3s/gen | op=or
 1281 163968 -8.539879720003943e-01 2.9e+00 3.36e-03  5e-03  5e-03 753:30.5
  Gen 1280 | Best: 0.85 (raw: 0.9) | Pop mean: 0.83 | Sigma: 0.0034 | Nodes: 16 (mean 17.5) | 1.4s/gen | op=and
 1291 165248 -8.539879720003943e-01 2.9e+00 3.50e-03  5e-03  5e-03 753:43.6
  Gen 1290 | Best: 0.85 (raw: 0.9) | Pop mean: 0.83 | Sigma: 0.0035 | Nodes: 16 (mean 16.3) | 1.3s/gen | op=and
Iterat #Fevals   function value  axis ratio  sigma  min&max std  t[m:s]
  Gen 1300 | Best: 0.83 (raw: 0.8) | Pop mean: 0.78 | Sigma: 0.0035 | Nodes: 16 (mean 16.2) | 1.4s/gen | op=or
  Gen 1310 | Best: 0.84 (raw: 0.8) | Pop mean: 0.78 | Sigma: 0.0034 | Nodes: 24 (mean 18.1) | 0.7s/gen | op=or
 1321 169088 -8.539879720003943e-01 3.0e+00 3.23e-03  5e-03  5e-03 754:06.8
  Gen 1320 | Best: 0.85 (raw: 0.9) | Pop mean: 0.83 | Sigma: 0.0032 | Nodes: 16 (mean 17.9) | 0.3s/gen | op=and
 1331 170368 -8.539879720003943e-01 3.0e+00 3.30e-03  5e-03  5e-03 754:09.5
  Gen 1330 | Best: 0.85 (raw: 0.9) | Pop mean: 0.83 | Sigma: 0.0033 | Nodes: 24 (mean 18.2) | 0.3s/gen | op=and
  Gen 1340 | Best: 0.84 (raw: 0.8) | Pop mean: 0.78 | Sigma: 0.0035 | Nodes: 16 (mean 18.4) | 0.4s/gen | op=or
  Gen 1350 | Best: 0.83 (raw: 0.8) | Pop mean: 0.78 | Sigma: 0.0033 | Nodes: 16 (mean 17.9) | 0.7s/gen | op=or
 1361 174208 -8.539879720003943e-01 3.0e+00 3.00e-03  5e-03  5e-03 754:26.8
  Gen 1360 | Best: 0.85 (raw: 0.9) | Pop mean: 0.83 | Sigma: 0.0030 | Nodes: 16 (mean 18.6) | 0.7s/gen | op=and
 1371 175488 -8.539879720003943e-01 3.0e+00 2.86e-03  5e-03  5e-03 754:29.7
  Gen 1370 | Best: 0.85 (raw: 0.9) | Pop mean: 0.83 | Sigma: 0.0029 | Nodes: 16 (mean 18.2) | 0.3s/gen | op=and
  Gen 1380 | Best: 0.83 (raw: 0.8) | Pop mean: 0.78 | Sigma: 0.0030 | Nodes: 16 (mean 17.8) | 0.5s/gen | op=or
  Gen 1390 | Best: 0.84 (raw: 0.8) | Pop mean: 0.78 | Sigma: 0.0028 | Nodes: 16 (mean 17.6) | 0.4s/gen | op=or
Iterat #Fevals   function value  axis ratio  sigma  min&max std  t[m:s]
 1401 179328 -8.539879720003943e-01 3.0e+00 2.52e-03  5e-03  5e-03 754:42.5
  Gen 1400 | Best: 0.85 (raw: 0.9) | Pop mean: 0.83 | Sigma: 0.0025 | Nodes: 16 (mean 18.1) | 0.3s/gen | op=and
 1411 180608 -8.539879720003943e-01 3.0e+00 2.54e-03  5e-03  5e-03 754:51.9
  Gen 1410 | Best: 0.85 (raw: 0.9) | Pop mean: 0.83 | Sigma: 0.0025 | Nodes: 16 (mean 17.1) | 0.9s/gen | op=and
  Gen 1420 | Best: 0.83 (raw: 0.8) | Pop mean: 0.77 | Sigma: 0.0025 | Nodes: 16 (mean 16.2) | 0.2s/gen | op=or
  Gen 1430 | Best: 0.83 (raw: 0.8) | Pop mean: 0.78 | Sigma: 0.0024 | Nodes: 16 (mean 17.5) | 0.4s/gen | op=or
 1441 184448 -8.539879720003943e-01 3.0e+00 2.19e-03  5e-03  5e-03 755:02.8
  Gen 1440 | Best: 0.85 (raw: 0.9) | Pop mean: 0.82 | Sigma: 0.0022 | Nodes: 24 (mean 18.1) | 0.4s/gen | op=and
 1451 185728 -8.539879720003943e-01 3.0e+00 2.21e-03  5e-03  5e-03 755:13.0
  Gen 1450 | Best: 0.85 (raw: 0.9) | Pop mean: 0.83 | Sigma: 0.0022 | Nodes: 16 (mean 17.0) | 1.0s/gen | op=and
  Gen 1460 | Best: 0.83 (raw: 0.8) | Pop mean: 0.78 | Sigma: 0.0020 | Nodes: 16 (mean 16.1) | 1.1s/gen | op=or
  Gen 1470 | Best: 0.83 (raw: 0.8) | Pop mean: 0.78 | Sigma: 0.0019 | Nodes: 16 (mean 17.8) | 1.6s/gen | op=or
 1481 189568 -8.539879720003943e-01 3.0e+00 1.68e-03  5e-03  5e-03 755:49.5
  Gen 1480 | Best: 0.85 (raw: 0.9) | Pop mean: 0.83 | Sigma: 0.0017 | Nodes: 16 (mean 17.6) | 1.0s/gen | op=and
 1491 190848 -8.539879720003943e-01 3.1e+00 1.63e-03  5e-03  5e-03 756:00.2
  Gen 1490 | Best: 0.85 (raw: 0.9) | Pop mean: 0.83 | Sigma: 0.0016 | Nodes: 16 (mean 17.1) | 1.1s/gen | op=and

Evolution took:  45372  seconds

========Optimizer output:==========================
Best single loss found (peak, any goal) was -0.8539879720003943
Best population centroid loss found was -0.8404306695504289
Final-generation champion (op=and): fitness=0.8540 -- this is what gets returned/saved as solution_best under MVG (peak fitness 0.8540 was reached under some possibly-different goal)
===================================================


Saving models and config file — Run ID 1788821061

Final model has 111 parameters
Graph snapshot saved to saved_models/1788821061/graph_best.png

Running environment for best solution...

Checksum of initial network state before growth: -8.833788931714608
Checksum of graph G before growth: -6.6539130881353765
The seed graph (before growth) has 9 nodes and 16 edges.
Checksum of network state after growth: -29.40486258007398
Checksum of graph G after growth: 155.93090147567142
The final grown graph has 16 nodes and 166 edges.
KA_retina retina fitness (op=and, balanced): 0.8540 (raw 202 / 256)

(mean) Episode reward for 1 env rollouts: 0.8539879720003943

Checksum of initial network state before growth: -8.833788931714608
Checksum of graph G before growth: -6.6539130881353765
The seed graph (before growth) has 9 nodes and 16 edges.
Checksum of network state after growth: -29.40486258007398
Checksum of graph G after growth: 155.93090147567142
The final grown graph has 16 nodes and 166 edges.
KA_retina retina fitness (op=and, balanced): 0.8540 (raw 202 / 256)

(mean) Episode reward for 1 env rollouts: 0.8539879720003943

Checksum of initial network state before growth: -8.833788931714608
Checksum of graph G before growth: -6.6539130881353765
The seed graph (before growth) has 9 nodes and 16 edges.
Checksum of network state after growth: -29.40486258007398
Checksum of graph G after growth: 155.93090147567142
The final grown graph has 16 nodes and 166 edges.
KA_retina retina fitness (op=and, balanced): 0.8540 (raw 202 / 256)

(mean) Episode reward for 1 env rollouts: 0.8539879720003943

-------

(mean) Episodes reward for 3 runs: 0.8539879720003943

---------------------------------------------


Running environment for centroid solution...

Running environment for centroid solution...

BYE! - ID: 1788821061
[MVG] completed: run 1788821061

=== Scan: FG=5/5 [('1786033855', 7950840), ('1786102425', 1842456), ('1788808796', 1748523), ('1788808995', 1589167), ('1788809505', 7287042)] | MVG=3/5 [('1786053806', 7318332), ('1788817038', 6550047), ('1788821061', 7766560)] ===

[MVG] launching: C:\Users\raduc\miniconda3\envs\ndp\python.exe train.py --conf experiments_paper/retina/run_experiment.yaml --generations 1500 --popsize 128 --balanced-fitness --no-early-stopping --mvg --mvg-ops and,or --mvg-switch-interval 20 --snapshot
Model ID: 1788866451

Config:
{'dev_mode': 0, 'project_name': 'Developmental networks', 'group': 'default', 'notes experiment': None, 'device': 0, 'return_loss': 0, 'environment': 'KA_retina', 'node_based_growth': True, 'node_pairs_based_growth': False, 'edge_based_growth': False, 'probabilistic_growth': False, 'coevolve_initial_embeddings': True, 'undirected': True, 'node_embedding_size': 3, 'binary_connectivity': False, 'additive_update': False, 'persistent_observation_rollout': True, 'number_of_growth_cycles': 6, 'initial_embeddings_random': False, 'shared_intial_graph_bool': True, 'shared_intial_embedding': True, 'initial_sparsity': 1, 'self_link_allowed_during_querying': False, 'extra_nodes': -1, 'network_thinking_time_extra_growth': 2, 'network_thinking_time_extra_rollout': 3, 'NN_transform_node_embedding_during_growth': True, 'prunning_phase': False, 'prunning_threshold': 0.3, 'fewer_edges': False, 'fewer_nodes': False, 'balanced_weights': False, 'growth_model_last_layer_activated': False, 'transform_model_last_layer_activated': True, 'mlp_weight_values_last_layer_activated': True, 'mlp_growth_hidden_layers_dims': [5], 'mlp_embedding_transform_hidden_layers_dims': [5], 'mlp_weight_values_hidden_layers_dims': [5], 'growth_model_bias': True, 'mlp_weight_values_bias': True, 'transform_model_bias': True, 'recurrent_activation_function': 'tanh', 'use_torch': False, 'optimizer': 'CMAES', 'maximise': True, 'sigma_init': 0.5, 'generations': 1500, 'popsize': 128, 'CMA_elitist': True, 'minstd': 0.005, 'x0_dist': 'U[-1,1]', 'checkpoint_id': None, 'nb_episode_evals': 1, 'nb_growth_evals': 1, 'early_stopping': False, 'early_stopping_conditions': {'generation': 500, 'objective_value': -3}, 'flattening_stopping': False, 'flattening_stopping_conditions': {'min_generation': 1500, 'last_generations': 500, 'min_std': 5}, 'evolution_feval_check_every': 2000, 'evolution_feval_check_N': 10, 'reward_if_graph_too_small': 200, 'threads': -1, 'seed': None, 'env_seed': None, 'save_model': 1, 'render': 1, 'print_every': 10, 'visualise_network': 0, 'histogram_degree': 0, 'layout': 'random_fixed', 'arrows': True, 'log_gen_time': True, 'snapshot': True, 'show': False, 'nb_eval_seeds': 10, 'balanced_fitness': True, 'operation': 'and', 'mvg': True, 'mvg_ops': ['and', 'or'], 'mvg_switch_interval': 20, 'target': 1.0, 'id': '1788866451', '_path': 'saved_models/1788866451'}

Seed:  6779840
Env_seed:  None
The growth model has 111 trainable parameters
(64_w,128)-aCMA-ES (mu_w=34.2,w_1=6%) in dimension 111 (seed=6779840, Tue Sep  8 12:20:51 2026)

.......................................................

Initilisating CMA-ES with 111 trainable parameters 


--- Starting Evolution ---


Using 16 cores

Baseline (untrained x0 DNA): fitness=0.5820 (raw=0.6) | Nodes: 576

Iterat #Fevals   function value  axis ratio  sigma  min&max std  t[m:s]
    1    128 -8.239179729862960e-01 1.0e+00 4.86e-01  5e-01  5e-01 1:42.1
  Gen    0 | Best: 0.82 (raw: 0.8) | Pop mean: 0.63 | Sigma: 0.4862 | Nodes: 10 (mean 366.9) | 10.5s/gen | op=and
   11   1408 -8.432416444838805e-01 1.1e+00 5.94e-01  6e-01  6e-01 10:55.6
  Gen   10 | Best: 0.84 (raw: 0.8) | Pop mean: 0.79 | Sigma: 0.5944 | Nodes: 9 (mean 84.9) | 55.3s/gen | op=and
   21   2688 -8.028571428571429e-01 1.2e+00 6.80e-01  7e-01  7e-01 12:15.1
  Gen   20 | Best: 0.80 (raw: 0.8) | Pop mean: 0.77 | Sigma: 0.6801 | Nodes: 160 (mean 57.9) | 8.0s/gen | op=or
   31   3968 -8.029629629629630e-01 1.3e+00 6.72e-01  7e-01  7e-01 21:02.0
  Gen   30 | Best: 0.80 (raw: 0.8) | Pop mean: 0.79 | Sigma: 0.6721 | Nodes: 576 (mean 476.1) | 52.7s/gen | op=or
   41   5248 -8.239179729862960e-01 1.4e+00 5.78e-01  6e-01  6e-01 32:44.9
  Gen   40 | Best: 0.82 (raw: 0.8) | Pop mean: 0.78 | Sigma: 0.5781 | Nodes: 10 (mean 547.4) | 70.3s/gen | op=and
   51   6528 -8.432416444838805e-01 1.4e+00 5.39e-01  5e-01  5e-01 37:42.6
  Gen   50 | Best: 0.84 (raw: 0.8) | Pop mean: 0.81 | Sigma: 0.5387 | Nodes: 9 (mean 95.5) | 29.8s/gen | op=and
   61   7808 -8.028571428571429e-01 1.5e+00 4.68e-01  5e-01  5e-01 38:10.0
  Gen   60 | Best: 0.80 (raw: 0.8) | Pop mean: 0.78 | Sigma: 0.4683 | Nodes: 160 (mean 43.1) | 2.7s/gen | op=or
   71   9088 -8.058201058201058e-01 1.5e+00 4.50e-01  4e-01  5e-01 41:17.8
  Gen   70 | Best: 0.81 (raw: 0.8) | Pop mean: 0.79 | Sigma: 0.4499 | Nodes: 576 (mean 440.0) | 18.8s/gen | op=or
   81  10368 -8.287488908606921e-01 1.5e+00 3.99e-01  4e-01  4e-01 49:12.0
  Gen   80 | Best: 0.83 (raw: 0.8) | Pop mean: 0.79 | Sigma: 0.3988 | Nodes: 18 (mean 536.7) | 47.4s/gen | op=and
   91  11648 -8.432416444838805e-01 1.5e+00 3.97e-01  4e-01  4e-01 52:58.9
  Gen   90 | Best: 0.84 (raw: 0.8) | Pop mean: 0.82 | Sigma: 0.3972 | Nodes: 9 (mean 56.0) | 22.7s/gen | op=and
Iterat #Fevals   function value  axis ratio  sigma  min&max std  t[m:s]
  101  12928 -8.058201058201058e-01 1.5e+00 3.56e-01  3e-01  4e-01 53:32.2
  Gen  100 | Best: 0.81 (raw: 0.8) | Pop mean: 0.78 | Sigma: 0.3557 | Nodes: 9 (mean 31.0) | 3.3s/gen | op=or
  111  14208 -8.058201058201058e-01 1.6e+00 3.60e-01  3e-01  4e-01 58:33.4
  Gen  110 | Best: 0.81 (raw: 0.8) | Pop mean: 0.79 | Sigma: 0.3598 | Nodes: 576 (mean 502.8) | 30.1s/gen | op=or
  121  15488 -8.432416444838805e-01 1.6e+00 3.19e-01  3e-01  3e-01 65:58.3
  Gen  120 | Best: 0.84 (raw: 0.8) | Pop mean: 0.79 | Sigma: 0.3186 | Nodes: 9 (mean 520.8) | 44.5s/gen | op=and
  131  16768 -8.432416444838805e-01 1.6e+00 3.20e-01  3e-01  3e-01 69:03.7
  Gen  130 | Best: 0.84 (raw: 0.8) | Pop mean: 0.82 | Sigma: 0.3205 | Nodes: 9 (mean 56.4) | 18.5s/gen | op=and
  141  18048 -8.171428571428572e-01 1.6e+00 2.84e-01  3e-01  3e-01 69:23.3
  Gen  140 | Best: 0.82 (raw: 0.8) | Pop mean: 0.78 | Sigma: 0.2843 | Nodes: 144 (mean 60.8) | 2.0s/gen | op=or
  151  19328 -8.142857142857143e-01 1.6e+00 2.70e-01  3e-01  3e-01 70:32.6
  Gen  150 | Best: 0.81 (raw: 0.8) | Pop mean: 0.77 | Sigma: 0.2699 | Nodes: 50 (mean 242.7) | 6.9s/gen | op=or
  161  20608 -8.432416444838805e-01 1.6e+00 2.29e-01  2e-01  2e-01 71:31.0
  Gen  160 | Best: 0.84 (raw: 0.8) | Pop mean: 0.81 | Sigma: 0.2287 | Nodes: 12 (mean 241.0) | 5.8s/gen | op=and
  171  21888 -8.432416444838805e-01 1.7e+00 2.16e-01  2e-01  2e-01 71:52.6
  Gen  170 | Best: 0.84 (raw: 0.8) | Pop mean: 0.81 | Sigma: 0.2159 | Nodes: 16 (mean 42.3) | 2.2s/gen | op=and
  181  23168 -8.171428571428572e-01 1.7e+00 1.81e-01  2e-01  2e-01 72:12.1
  Gen  180 | Best: 0.82 (raw: 0.8) | Pop mean: 0.78 | Sigma: 0.1811 | Nodes: 252 (mean 45.9) | 1.9s/gen | op=or
  191  24448 -8.171428571428572e-01 1.7e+00 1.76e-01  2e-01  2e-01 72:41.1
  Gen  190 | Best: 0.82 (raw: 0.8) | Pop mean: 0.78 | Sigma: 0.1763 | Nodes: 60 (mean 211.9) | 2.9s/gen | op=or
Iterat #Fevals   function value  axis ratio  sigma  min&max std  t[m:s]
  201  25728 -8.341220546189491e-01 1.8e+00 1.55e-01  1e-01  2e-01 73:18.6
  Gen  200 | Best: 0.83 (raw: 0.8) | Pop mean: 0.81 | Sigma: 0.1548 | Nodes: 64 (mean 272.1) | 3.8s/gen | op=and
  Gen  210 | Best: 0.84 (raw: 0.8) | Pop mean: 0.83 | Sigma: 0.1535 | Nodes: 12 (mean 37.1) | 1.3s/gen | op=and
  Gen  220 | Best: 0.81 (raw: 0.8) | Pop mean: 0.76 | Sigma: 0.1364 | Nodes: 26 (mean 37.4) | 0.7s/gen | op=or
  231  29568 -8.342857142857143e-01 1.9e+00 1.30e-01  1e-01  1e-01 73:49.7
  Gen  230 | Best: 0.83 (raw: 0.8) | Pop mean: 0.70 | Sigma: 0.1297 | Nodes: 74 (mean 81.3) | 1.1s/gen | op=or
  Gen  240 | Best: 0.84 (raw: 0.8) | Pop mean: 0.72 | Sigma: 0.1131 | Nodes: 40 (mean 78.9) | 0.7s/gen | op=and
  Gen  250 | Best: 0.84 (raw: 0.8) | Pop mean: 0.81 | Sigma: 0.1157 | Nodes: 40 (mean 66.9) | 0.4s/gen | op=and
  Gen  260 | Best: 0.84 (raw: 0.8) | Pop mean: 0.78 | Sigma: 0.1184 | Nodes: 96 (mean 77.7) | 0.6s/gen | op=or
  271  34688 -8.314285714285714e-01 2.0e+00 1.14e-01  1e-01  1e-01 74:17.2
  Gen  270 | Best: 0.83 (raw: 0.8) | Pop mean: 0.79 | Sigma: 0.1138 | Nodes: 36 (mean 50.2) | 1.0s/gen | op=or
  Gen  280 | Best: 0.84 (raw: 0.8) | Pop mean: 0.77 | Sigma: 0.1029 | Nodes: 40 (mean 60.4) | 0.9s/gen | op=and
  Gen  290 | Best: 0.84 (raw: 0.8) | Pop mean: 0.79 | Sigma: 0.0993 | Nodes: 80 (mean 67.4) | 0.7s/gen | op=and
Iterat #Fevals   function value  axis ratio  sigma  min&max std  t[m:s]
  301  38528 -8.257142857142857e-01 2.1e+00 9.70e-02  9e-02  1e-01 74:41.6
  Gen  300 | Best: 0.83 (raw: 0.8) | Pop mean: 0.78 | Sigma: 0.0970 | Nodes: 50 (mean 62.3) | 0.8s/gen | op=or
  Gen  310 | Best: 0.83 (raw: 0.8) | Pop mean: 0.78 | Sigma: 0.0975 | Nodes: 36 (mean 51.6) | 0.8s/gen | op=or
  Gen  320 | Best: 0.84 (raw: 0.8) | Pop mean: 0.78 | Sigma: 0.0869 | Nodes: 44 (mean 57.6) | 0.9s/gen | op=and
  331  42368 -8.437838903677413e-01 2.3e+00 9.39e-02  8e-02  1e-01 75:07.6
  Gen  330 | Best: 0.84 (raw: 0.8) | Pop mean: 0.81 | Sigma: 0.0939 | Nodes: 80 (mean 63.9) | 0.9s/gen | op=and
  Gen  340 | Best: 0.83 (raw: 0.8) | Pop mean: 0.79 | Sigma: 0.0880 | Nodes: 36 (mean 65.9) | 0.6s/gen | op=or
  Gen  350 | Best: 0.83 (raw: 0.8) | Pop mean: 0.79 | Sigma: 0.0858 | Nodes: 36 (mean 44.4) | 0.7s/gen | op=or
  Gen  360 | Best: 0.84 (raw: 0.8) | Pop mean: 0.81 | Sigma: 0.0788 | Nodes: 48 (mean 45.1) | 0.8s/gen | op=and
  371  47488 -8.437838903677413e-01 2.5e+00 8.59e-02  8e-02  9e-02 75:33.6
  Gen  370 | Best: 0.84 (raw: 0.8) | Pop mean: 0.82 | Sigma: 0.0859 | Nodes: 40 (mean 59.3) | 0.5s/gen | op=and
  Gen  380 | Best: 0.83 (raw: 0.8) | Pop mean: 0.79 | Sigma: 0.0985 | Nodes: 36 (mean 67.1) | 0.5s/gen | op=or
  Gen  390 | Best: 0.83 (raw: 0.8) | Pop mean: 0.78 | Sigma: 0.0941 | Nodes: 36 (mean 48.9) | 0.5s/gen | op=or
Iterat #Fevals   function value  axis ratio  sigma  min&max std  t[m:s]
  Gen  400 | Best: 0.84 (raw: 0.8) | Pop mean: 0.78 | Sigma: 0.0869 | Nodes: 40 (mean 56.6) | 1.0s/gen | op=and
  411  52608 -8.437838903677413e-01 2.8e+00 9.28e-02  8e-02  1e-01 76:03.4
  Gen  410 | Best: 0.84 (raw: 0.8) | Pop mean: 0.83 | Sigma: 0.0928 | Nodes: 40 (mean 62.9) | 0.9s/gen | op=and
  Gen  420 | Best: 0.82 (raw: 0.8) | Pop mean: 0.79 | Sigma: 0.0952 | Nodes: 72 (mean 72.2) | 0.4s/gen | op=or
  Gen  430 | Best: 0.83 (raw: 0.8) | Pop mean: 0.75 | Sigma: 0.0911 | Nodes: 46 (mean 79.2) | 0.7s/gen | op=or
  Gen  440 | Best: 0.84 (raw: 0.8) | Pop mean: 0.77 | Sigma: 0.0798 | Nodes: 40 (mean 79.0) | 0.9s/gen | op=and
  451  57728 -8.437838903677413e-01 3.2e+00 8.10e-02  7e-02  9e-02 76:31.9
  Gen  450 | Best: 0.84 (raw: 0.8) | Pop mean: 0.82 | Sigma: 0.0810 | Nodes: 40 (mean 62.0) | 0.8s/gen | op=and
  Gen  460 | Best: 0.82 (raw: 0.8) | Pop mean: 0.78 | Sigma: 0.0788 | Nodes: 72 (mean 64.9) | 0.5s/gen | op=or
  Gen  470 | Best: 0.82 (raw: 0.8) | Pop mean: 0.72 | Sigma: 0.0793 | Nodes: 72 (mean 82.8) | 0.3s/gen | op=or
  Gen  480 | Best: 0.84 (raw: 0.8) | Pop mean: 0.79 | Sigma: 0.0671 | Nodes: 40 (mean 71.2) | 0.5s/gen | op=and
  Gen  490 | Best: 0.84 (raw: 0.8) | Pop mean: 0.83 | Sigma: 0.0713 | Nodes: 80 (mean 52.9) | 0.6s/gen | op=and
Iterat #Fevals   function value  axis ratio  sigma  min&max std  t[m:s]
  Gen  500 | Best: 0.83 (raw: 0.8) | Pop mean: 0.78 | Sigma: 0.0702 | Nodes: 36 (mean 53.0) | 0.7s/gen | op=or
  511  65408 -8.314285714285714e-01 3.8e+00 7.13e-02  6e-02  8e-02 77:00.8
  Gen  510 | Best: 0.83 (raw: 0.8) | Pop mean: 0.80 | Sigma: 0.0713 | Nodes: 36 (mean 40.8) | 0.3s/gen | op=or
  Gen  520 | Best: 0.84 (raw: 0.8) | Pop mean: 0.82 | Sigma: 0.0637 | Nodes: 40 (mean 42.5) | 0.3s/gen | op=and
  Gen  530 | Best: 0.84 (raw: 0.8) | Pop mean: 0.82 | Sigma: 0.0658 | Nodes: 80 (mean 58.6) | 0.2s/gen | op=and
  Gen  540 | Best: 0.82 (raw: 0.8) | Pop mean: 0.79 | Sigma: 0.0643 | Nodes: 72 (mean 60.6) | 0.5s/gen | op=or
  Gen  550 | Best: 0.82 (raw: 0.8) | Pop mean: 0.74 | Sigma: 0.0656 | Nodes: 72 (mean 87.7) | 0.6s/gen | op=or
  Gen  560 | Best: 0.84 (raw: 0.8) | Pop mean: 0.81 | Sigma: 0.0592 | Nodes: 80 (mean 75.9) | 0.6s/gen | op=and
  Gen  570 | Best: 0.84 (raw: 0.8) | Pop mean: 0.82 | Sigma: 0.0604 | Nodes: 40 (mean 50.0) | 0.3s/gen | op=and
  Gen  580 | Best: 0.83 (raw: 0.8) | Pop mean: 0.78 | Sigma: 0.0613 | Nodes: 36 (mean 55.3) | 0.3s/gen | op=or
  591  75648 -8.171428571428572e-01 4.4e+00 6.19e-02  5e-02  7e-02 77:31.5
  Gen  590 | Best: 0.82 (raw: 0.8) | Pop mean: 0.76 | Sigma: 0.0619 | Nodes: 72 (mean 77.2) | 0.3s/gen | op=or
Iterat #Fevals   function value  axis ratio  sigma  min&max std  t[m:s]
  Gen  600 | Best: 0.84 (raw: 0.8) | Pop mean: 0.77 | Sigma: 0.0537 | Nodes: 40 (mean 75.1) | 0.3s/gen | op=and
  611  78208 -8.437838903677413e-01 4.7e+00 5.47e-02  5e-02  6e-02 77:38.1
  Gen  610 | Best: 0.84 (raw: 0.8) | Pop mean: 0.84 | Sigma: 0.0547 | Nodes: 40 (mean 47.7) | 0.3s/gen | op=and
  Gen  620 | Best: 0.82 (raw: 0.8) | Pop mean: 0.78 | Sigma: 0.0498 | Nodes: 72 (mean 46.2) | 0.3s/gen | op=or
  Gen  630 | Best: 0.83 (raw: 0.8) | Pop mean: 0.74 | Sigma: 0.0510 | Nodes: 72 (mean 79.7) | 0.4s/gen | op=or
  Gen  640 | Best: 0.84 (raw: 0.8) | Pop mean: 0.82 | Sigma: 0.0448 | Nodes: 40 (mean 69.8) | 0.4s/gen | op=and
  651  83328 -8.437838903677413e-01 5.0e+00 4.76e-02  4e-02  5e-02 77:52.8
  Gen  650 | Best: 0.84 (raw: 0.8) | Pop mean: 0.83 | Sigma: 0.0476 | Nodes: 40 (mean 43.6) | 0.3s/gen | op=and
  Gen  660 | Best: 0.82 (raw: 0.8) | Pop mean: 0.78 | Sigma: 0.0432 | Nodes: 72 (mean 42.7) | 0.3s/gen | op=or
  Gen  670 | Best: 0.83 (raw: 0.8) | Pop mean: 0.77 | Sigma: 0.0401 | Nodes: 72 (mean 72.8) | 0.4s/gen | op=or
  Gen  680 | Best: 0.84 (raw: 0.8) | Pop mean: 0.80 | Sigma: 0.0374 | Nodes: 40 (mean 71.0) | 0.4s/gen | op=and
  691  88448 -8.437838903677413e-01 5.5e+00 4.00e-02  3e-02  4e-02 78:06.9
  Gen  690 | Best: 0.84 (raw: 0.8) | Pop mean: 0.84 | Sigma: 0.0400 | Nodes: 40 (mean 46.0) | 0.3s/gen | op=and
Iterat #Fevals   function value  axis ratio  sigma  min&max std  t[m:s]
  Gen  700 | Best: 0.82 (raw: 0.8) | Pop mean: 0.78 | Sigma: 0.0387 | Nodes: 36 (mean 44.4) | 0.3s/gen | op=or
  Gen  710 | Best: 0.83 (raw: 0.8) | Pop mean: 0.76 | Sigma: 0.0387 | Nodes: 72 (mean 75.5) | 0.4s/gen | op=or
  Gen  720 | Best: 0.84 (raw: 0.8) | Pop mean: 0.81 | Sigma: 0.0361 | Nodes: 40 (mean 69.8) | 0.4s/gen | op=and
  731  93568 -8.437838903677413e-01 5.7e+00 3.76e-02  3e-02  4e-02 78:21.0
  Gen  730 | Best: 0.84 (raw: 0.8) | Pop mean: 0.84 | Sigma: 0.0376 | Nodes: 40 (mean 43.5) | 0.3s/gen | op=and
  Gen  740 | Best: 0.82 (raw: 0.8) | Pop mean: 0.78 | Sigma: 0.0379 | Nodes: 36 (mean 41.1) | 0.4s/gen | op=or
  Gen  750 | Best: 0.83 (raw: 0.8) | Pop mean: 0.81 | Sigma: 0.0385 | Nodes: 36 (mean 39.8) | 0.3s/gen | op=or
  Gen  760 | Best: 0.84 (raw: 0.8) | Pop mean: 0.82 | Sigma: 0.0348 | Nodes: 40 (mean 38.4) | 0.4s/gen | op=and
  771  98688 -8.437838903677413e-01 5.8e+00 3.85e-02  3e-02  4e-02 78:36.3
  Gen  770 | Best: 0.84 (raw: 0.8) | Pop mean: 0.83 | Sigma: 0.0385 | Nodes: 40 (mean 47.3) | 0.4s/gen | op=and
  Gen  780 | Best: 0.83 (raw: 0.8) | Pop mean: 0.77 | Sigma: 0.0399 | Nodes: 36 (mean 43.4) | 0.5s/gen | op=or
  Gen  790 | Best: 0.83 (raw: 0.8) | Pop mean: 0.81 | Sigma: 0.0402 | Nodes: 36 (mean 39.6) | 0.6s/gen | op=or
Iterat #Fevals   function value  axis ratio  sigma  min&max std  t[m:s]
  Gen  800 | Best: 0.84 (raw: 0.8) | Pop mean: 0.83 | Sigma: 0.0366 | Nodes: 48 (mean 36.2) | 0.4s/gen | op=and
  811 103808 -8.437838903677413e-01 6.0e+00 3.81e-02  3e-02  4e-02 78:53.8
  Gen  810 | Best: 0.84 (raw: 0.8) | Pop mean: 0.83 | Sigma: 0.0381 | Nodes: 40 (mean 54.4) | 0.3s/gen | op=and
  Gen  820 | Best: 0.82 (raw: 0.8) | Pop mean: 0.77 | Sigma: 0.0370 | Nodes: 36 (mean 50.1) | 0.3s/gen | op=or
  Gen  830 | Best: 0.82 (raw: 0.8) | Pop mean: 0.67 | Sigma: 0.0376 | Nodes: 52 (mean 105.5) | 0.5s/gen | op=or
  Gen  840 | Best: 0.84 (raw: 0.8) | Pop mean: 0.73 | Sigma: 0.0343 | Nodes: 64 (mean 94.7) | 0.4s/gen | op=and
  851 108928 -8.437838903677413e-01 6.0e+00 3.86e-02  3e-02  4e-02 79:08.6
  Gen  850 | Best: 0.84 (raw: 0.8) | Pop mean: 0.83 | Sigma: 0.0386 | Nodes: 40 (mean 47.7) | 0.3s/gen | op=and
  Gen  860 | Best: 0.82 (raw: 0.8) | Pop mean: 0.77 | Sigma: 0.0370 | Nodes: 36 (mean 46.2) | 0.3s/gen | op=or
  Gen  870 | Best: 0.83 (raw: 0.8) | Pop mean: 0.81 | Sigma: 0.0373 | Nodes: 36 (mean 38.8) | 0.3s/gen | op=or
  Gen  880 | Best: 0.84 (raw: 0.8) | Pop mean: 0.81 | Sigma: 0.0339 | Nodes: 80 (mean 42.5) | 0.3s/gen | op=and
  891 114048 -8.437838903677413e-01 6.1e+00 3.69e-02  3e-02  4e-02 79:20.5
  Gen  890 | Best: 0.84 (raw: 0.8) | Pop mean: 0.83 | Sigma: 0.0369 | Nodes: 80 (mean 62.3) | 0.3s/gen | op=and
Iterat #Fevals   function value  axis ratio  sigma  min&max std  t[m:s]
  Gen  900 | Best: 0.82 (raw: 0.8) | Pop mean: 0.77 | Sigma: 0.0365 | Nodes: 72 (mean 50.3) | 0.3s/gen | op=or
  Gen  910 | Best: 0.83 (raw: 0.8) | Pop mean: 0.74 | Sigma: 0.0372 | Nodes: 72 (mean 72.4) | 0.4s/gen | op=or
  Gen  920 | Best: 0.84 (raw: 0.8) | Pop mean: 0.81 | Sigma: 0.0336 | Nodes: 80 (mean 67.1) | 0.5s/gen | op=and
  931 119168 -8.437838903677413e-01 6.4e+00 3.57e-02  3e-02  4e-02 79:38.1
  Gen  930 | Best: 0.84 (raw: 0.8) | Pop mean: 0.84 | Sigma: 0.0357 | Nodes: 40 (mean 44.9) | 0.6s/gen | op=and
  Gen  940 | Best: 0.82 (raw: 0.8) | Pop mean: 0.78 | Sigma: 0.0354 | Nodes: 36 (mean 45.1) | 0.5s/gen | op=or
  Gen  950 | Best: 0.83 (raw: 0.8) | Pop mean: 0.81 | Sigma: 0.0368 | Nodes: 36 (mean 40.6) | 0.5s/gen | op=or
  Gen  960 | Best: 0.84 (raw: 0.8) | Pop mean: 0.82 | Sigma: 0.0338 | Nodes: 40 (mean 38.2) | 0.6s/gen | op=and
  971 124288 -8.437838903677413e-01 6.4e+00 3.66e-02  3e-02  4e-02 79:56.0
  Gen  970 | Best: 0.84 (raw: 0.8) | Pop mean: 0.84 | Sigma: 0.0366 | Nodes: 40 (mean 44.6) | 0.3s/gen | op=and
  Gen  980 | Best: 0.82 (raw: 0.8) | Pop mean: 0.78 | Sigma: 0.0342 | Nodes: 36 (mean 45.1) | 0.2s/gen | op=or
  Gen  990 | Best: 0.84 (raw: 0.8) | Pop mean: 0.80 | Sigma: 0.0358 | Nodes: 36 (mean 40.6) | 0.2s/gen | op=or
Iterat #Fevals   function value  axis ratio  sigma  min&max std  t[m:s]
  Gen 1000 | Best: 0.84 (raw: 0.8) | Pop mean: 0.83 | Sigma: 0.0317 | Nodes: 40 (mean 37.0) | 0.2s/gen | op=and
 1011 129408 -8.437838903677413e-01 6.6e+00 3.28e-02  3e-02  3e-02 80:05.4
  Gen 1010 | Best: 0.84 (raw: 0.8) | Pop mean: 0.84 | Sigma: 0.0328 | Nodes: 40 (mean 44.5) | 0.2s/gen | op=and
  Gen 1020 | Best: 0.82 (raw: 0.8) | Pop mean: 0.78 | Sigma: 0.0334 | Nodes: 36 (mean 51.7) | 0.2s/gen | op=or
  Gen 1030 | Best: 0.83 (raw: 0.8) | Pop mean: 0.81 | Sigma: 0.0342 | Nodes: 36 (mean 39.1) | 0.3s/gen | op=or
 1041 133248 -8.437838903677413e-01 6.6e+00 3.11e-02  2e-02  3e-02 80:13.4
  Gen 1040 | Best: 0.84 (raw: 0.8) | Pop mean: 0.83 | Sigma: 0.0311 | Nodes: 40 (mean 36.6) | 0.3s/gen | op=and
 1051 134528 -8.437838903677413e-01 6.6e+00 3.27e-02  3e-02  3e-02 80:16.3
  Gen 1050 | Best: 0.84 (raw: 0.8) | Pop mean: 0.84 | Sigma: 0.0327 | Nodes: 40 (mean 50.7) | 0.3s/gen | op=and
  Gen 1060 | Best: 0.82 (raw: 0.8) | Pop mean: 0.78 | Sigma: 0.0323 | Nodes: 72 (mean 46.9) | 0.3s/gen | op=or
  Gen 1070 | Best: 0.83 (raw: 0.8) | Pop mean: 0.77 | Sigma: 0.0323 | Nodes: 72 (mean 70.3) | 0.4s/gen | op=or
 1081 138368 -8.437838903677413e-01 6.9e+00 2.87e-02  2e-02  3e-02 80:26.3
  Gen 1080 | Best: 0.84 (raw: 0.8) | Pop mean: 0.82 | Sigma: 0.0287 | Nodes: 40 (mean 71.8) | 0.4s/gen | op=and
 1091 139648 -8.437838903677413e-01 7.0e+00 2.94e-02  2e-02  3e-02 80:29.4
  Gen 1090 | Best: 0.84 (raw: 0.8) | Pop mean: 0.84 | Sigma: 0.0294 | Nodes: 40 (mean 41.4) | 0.3s/gen | op=and
Iterat #Fevals   function value  axis ratio  sigma  min&max std  t[m:s]
 1101 140928 -7.800000000000000e-01 7.0e+00 2.80e-02  2e-02  3e-02 80:32.8
  Gen 1100 | Best: 0.78 (raw: 0.8) | Pop mean: 0.78 | Sigma: 0.0280 | Nodes: 40 (mean 40.3) | 0.3s/gen | op=or
  Gen 1110 | Best: 0.82 (raw: 0.8) | Pop mean: 0.76 | Sigma: 0.0275 | Nodes: 144 (mean 58.9) | 0.5s/gen | op=or
 1121 143488 -8.437838903677413e-01 7.1e+00 2.75e-02  2e-02  3e-02 80:44.6
  Gen 1120 | Best: 0.84 (raw: 0.8) | Pop mean: 0.73 | Sigma: 0.0275 | Nodes: 40 (mean 70.3) | 0.7s/gen | op=and
 1131 144768 -8.437838903677413e-01 7.2e+00 2.71e-02  2e-02  3e-02 80:50.9
  Gen 1130 | Best: 0.84 (raw: 0.8) | Pop mean: 0.84 | Sigma: 0.0271 | Nodes: 40 (mean 48.8) | 0.6s/gen | op=and
  Gen 1140 | Best: 0.82 (raw: 0.8) | Pop mean: 0.78 | Sigma: 0.0269 | Nodes: 72 (mean 44.4) | 0.6s/gen | op=or
  Gen 1150 | Best: 0.80 (raw: 0.8) | Pop mean: 0.75 | Sigma: 0.0264 | Nodes: 80 (mean 64.5) | 0.3s/gen | op=or
 1161 148608 -8.437838903677413e-01 7.1e+00 2.46e-02  2e-02  3e-02 81:01.8
  Gen 1160 | Best: 0.84 (raw: 0.8) | Pop mean: 0.74 | Sigma: 0.0246 | Nodes: 40 (mean 65.8) | 0.3s/gen | op=and
 1171 149888 -8.437838903677413e-01 7.0e+00 2.41e-02  2e-02  3e-02 81:04.4
  Gen 1170 | Best: 0.84 (raw: 0.8) | Pop mean: 0.83 | Sigma: 0.0241 | Nodes: 40 (mean 48.8) | 0.3s/gen | op=and
  Gen 1180 | Best: 0.82 (raw: 0.8) | Pop mean: 0.78 | Sigma: 0.0236 | Nodes: 72 (mean 41.6) | 0.2s/gen | op=or
  Gen 1190 | Best: 0.82 (raw: 0.8) | Pop mean: 0.77 | Sigma: 0.0208 | Nodes: 72 (mean 48.2) | 0.2s/gen | op=or
Iterat #Fevals   function value  axis ratio  sigma  min&max std  t[m:s]
 1201 153728 -8.437838903677413e-01 7.1e+00 2.03e-02  2e-02  2e-02 81:11.8
  Gen 1200 | Best: 0.84 (raw: 0.8) | Pop mean: 0.83 | Sigma: 0.0203 | Nodes: 40 (mean 62.3) | 0.3s/gen | op=and
 1211 155008 -8.437838903677413e-01 7.1e+00 1.99e-02  2e-02  2e-02 81:14.5
  Gen 1210 | Best: 0.84 (raw: 0.8) | Pop mean: 0.83 | Sigma: 0.0199 | Nodes: 40 (mean 42.5) | 0.3s/gen | op=and
 1221 156288 -7.800000000000000e-01 7.1e+00 1.99e-02  2e-02  2e-02 81:17.5
  Gen 1220 | Best: 0.78 (raw: 0.8) | Pop mean: 0.78 | Sigma: 0.0199 | Nodes: 40 (mean 40.0) | 0.3s/gen | op=or
  Gen 1230 | Best: 0.82 (raw: 0.8) | Pop mean: 0.75 | Sigma: 0.0182 | Nodes: 136 (mean 56.2) | 0.3s/gen | op=or
 1241 158848 -8.437838903677413e-01 7.1e+00 1.73e-02  1e-02  2e-02 81:26.6
  Gen 1240 | Best: 0.84 (raw: 0.8) | Pop mean: 0.65 | Sigma: 0.0173 | Nodes: 40 (mean 100.0) | 0.6s/gen | op=and
 1251 160128 -8.437838903677413e-01 7.2e+00 1.75e-02  1e-02  2e-02 81:29.8
  Gen 1250 | Best: 0.84 (raw: 0.8) | Pop mean: 0.84 | Sigma: 0.0175 | Nodes: 40 (mean 40.9) | 0.3s/gen | op=and
  Gen 1260 | Best: 0.79 (raw: 0.8) | Pop mean: 0.78 | Sigma: 0.0157 | Nodes: 36 (mean 40.0) | 0.3s/gen | op=or
  Gen 1270 | Best: 0.80 (raw: 0.8) | Pop mean: 0.72 | Sigma: 0.0156 | Nodes: 64 (mean 73.5) | 0.4s/gen | op=or
 1281 163968 -8.437838903677413e-01 7.2e+00 1.48e-02  1e-02  2e-02 81:41.5
  Gen 1280 | Best: 0.84 (raw: 0.8) | Pop mean: 0.64 | Sigma: 0.0148 | Nodes: 40 (mean 95.3) | 0.5s/gen | op=and
 1291 165248 -8.437838903677413e-01 7.2e+00 1.60e-02  1e-02  2e-02 81:44.9
  Gen 1290 | Best: 0.84 (raw: 0.8) | Pop mean: 0.84 | Sigma: 0.0160 | Nodes: 40 (mean 42.2) | 0.3s/gen | op=and
Iterat #Fevals   function value  axis ratio  sigma  min&max std  t[m:s]
  Gen 1300 | Best: 0.80 (raw: 0.8) | Pop mean: 0.78 | Sigma: 0.0165 | Nodes: 80 (mean 40.6) | 0.3s/gen | op=or
  Gen 1310 | Best: 0.80 (raw: 0.8) | Pop mean: 0.63 | Sigma: 0.0167 | Nodes: 48 (mean 94.8) | 0.4s/gen | op=or
 1321 169088 -8.437838903677413e-01 7.3e+00 1.59e-02  1e-02  2e-02 81:57.0
  Gen 1320 | Best: 0.84 (raw: 0.8) | Pop mean: 0.70 | Sigma: 0.0159 | Nodes: 40 (mean 87.1) | 0.6s/gen | op=and
 1331 170368 -8.437838903677413e-01 7.3e+00 1.63e-02  1e-02  2e-02 82:00.1
  Gen 1330 | Best: 0.84 (raw: 0.8) | Pop mean: 0.84 | Sigma: 0.0163 | Nodes: 40 (mean 44.7) | 0.3s/gen | op=and
  Gen 1340 | Best: 0.82 (raw: 0.8) | Pop mean: 0.78 | Sigma: 0.0166 | Nodes: 36 (mean 40.4) | 0.3s/gen | op=or
  Gen 1350 | Best: 0.78 (raw: 0.8) | Pop mean: 0.78 | Sigma: 0.0148 | Nodes: 40 (mean 40.9) | 0.3s/gen | op=or
 1361 174208 -8.437838903677413e-01 7.3e+00 1.33e-02  1e-02  1e-02 82:08.9
  Gen 1360 | Best: 0.84 (raw: 0.8) | Pop mean: 0.84 | Sigma: 0.0133 | Nodes: 40 (mean 41.7) | 0.3s/gen | op=and
 1371 175488 -8.437838903677413e-01 7.3e+00 1.23e-02  9e-03  1e-02 82:11.9
  Gen 1370 | Best: 0.84 (raw: 0.8) | Pop mean: 0.84 | Sigma: 0.0123 | Nodes: 40 (mean 40.5) | 0.3s/gen | op=and
  Gen 1380 | Best: 0.79 (raw: 0.8) | Pop mean: 0.78 | Sigma: 0.0116 | Nodes: 40 (mean 40.4) | 0.4s/gen | op=or
  Gen 1390 | Best: 0.81 (raw: 0.8) | Pop mean: 0.78 | Sigma: 0.0114 | Nodes: 40 (mean 49.5) | 0.4s/gen | op=or
Iterat #Fevals   function value  axis ratio  sigma  min&max std  t[m:s]
 1401 179328 -8.437838903677413e-01 7.2e+00 1.05e-02  8e-03  1e-02 82:25.1
  Gen 1400 | Best: 0.84 (raw: 0.8) | Pop mean: 0.83 | Sigma: 0.0105 | Nodes: 40 (mean 51.0) | 0.5s/gen | op=and
 1411 180608 -8.437838903677413e-01 7.2e+00 1.03e-02  8e-03  1e-02 82:30.1
  Gen 1410 | Best: 0.84 (raw: 0.8) | Pop mean: 0.84 | Sigma: 0.0103 | Nodes: 40 (mean 43.1) | 0.5s/gen | op=and
 1421 181888 -7.800000000000000e-01 7.2e+00 1.01e-02  8e-03  1e-02 82:35.3
  Gen 1420 | Best: 0.78 (raw: 0.8) | Pop mean: 0.78 | Sigma: 0.0101 | Nodes: 40 (mean 40.4) | 0.5s/gen | op=or
  Gen 1430 | Best: 0.79 (raw: 0.8) | Pop mean: 0.78 | Sigma: 0.0097 | Nodes: 36 (mean 40.8) | 0.2s/gen | op=or
 1441 184448 -8.437838903677413e-01 7.2e+00 8.64e-03  7e-03  9e-03 82:39.8
  Gen 1440 | Best: 0.84 (raw: 0.8) | Pop mean: 0.84 | Sigma: 0.0086 | Nodes: 40 (mean 41.1) | 0.2s/gen | op=and
 1451 185728 -8.437838903677413e-01 7.1e+00 9.30e-03  7e-03  1e-02 82:42.1
  Gen 1450 | Best: 0.84 (raw: 0.8) | Pop mean: 0.84 | Sigma: 0.0093 | Nodes: 40 (mean 40.8) | 0.2s/gen | op=and
 1461 187008 -7.800000000000000e-01 7.2e+00 9.40e-03  7e-03  1e-02 82:44.4
  Gen 1460 | Best: 0.78 (raw: 0.8) | Pop mean: 0.78 | Sigma: 0.0094 | Nodes: 40 (mean 40.3) | 0.2s/gen | op=or
 1471 188288 -7.800000000000000e-01 7.2e+00 9.44e-03  7e-03  1e-02 82:46.6
  Gen 1470 | Best: 0.78 (raw: 0.8) | Pop mean: 0.78 | Sigma: 0.0094 | Nodes: 40 (mean 40.0) | 0.2s/gen | op=or
 1481 189568 -8.437838903677413e-01 7.2e+00 8.92e-03  7e-03  9e-03 82:48.9
  Gen 1480 | Best: 0.84 (raw: 0.8) | Pop mean: 0.84 | Sigma: 0.0089 | Nodes: 40 (mean 40.0) | 0.2s/gen | op=and
 1491 190848 -8.437838903677413e-01 7.2e+00 8.67e-03  6e-03  9e-03 82:51.5
  Gen 1490 | Best: 0.84 (raw: 0.8) | Pop mean: 0.84 | Sigma: 0.0087 | Nodes: 40 (mean 40.0) | 0.3s/gen | op=and

Evolution took:  4977  seconds

========Optimizer output:==========================
Best single loss found (peak, any goal) was -0.8437838903677413
Best population centroid loss found was -0.843783890367741
Final-generation champion (op=and): fitness=0.8438 -- this is what gets returned/saved as solution_best under MVG (peak fitness 0.8438 was reached under some possibly-different goal)
===================================================


Saving models and config file — Run ID 1788866451

Final model has 111 parameters
Graph snapshot saved to saved_models/1788866451/graph_best.png

Running environment for best solution...

Checksum of initial network state before growth: -9.768795609444492
Checksum of graph G before growth: 0.9622720314356283
The seed graph (before growth) has 9 nodes and 16 edges.
Checksum of network state after growth: 31.276562284544095
Checksum of graph G after growth: 501.9770846793297
The final grown graph has 40 nodes and 502 edges.
KA_retina retina fitness (op=and, balanced): 0.8438 (raw 201 / 256)

(mean) Episode reward for 1 env rollouts: 0.8437838903677413

Checksum of initial network state before growth: -9.768795609444492
Checksum of graph G before growth: 0.9622720314356283
The seed graph (before growth) has 9 nodes and 16 edges.
Checksum of network state after growth: 31.276562284544095
Checksum of graph G after growth: 501.9770846793297
The final grown graph has 40 nodes and 502 edges.
KA_retina retina fitness (op=and, balanced): 0.8438 (raw 201 / 256)

(mean) Episode reward for 1 env rollouts: 0.8437838903677413

Checksum of initial network state before growth: -9.768795609444492
Checksum of graph G before growth: 0.9622720314356283
The seed graph (before growth) has 9 nodes and 16 edges.
Checksum of network state after growth: 31.276562284544095
Checksum of graph G after growth: 501.9770846793297
The final grown graph has 40 nodes and 502 edges.
KA_retina retina fitness (op=and, balanced): 0.8438 (raw 201 / 256)

(mean) Episode reward for 1 env rollouts: 0.8437838903677413

-------

(mean) Episodes reward for 3 runs: 0.8437838903677412

---------------------------------------------


Running environment for centroid solution...

Running environment for centroid solution...

BYE! - ID: 1788866451
[MVG] completed: run 1788866451

=== Scan: FG=5/5 [('1786033855', 7950840), ('1786102425', 1842456), ('1788808796', 1748523), ('1788808995', 1589167), ('1788809505', 7287042)] | MVG=4/5 [('1786053806', 7318332), ('1788817038', 6550047), ('1788821061', 7766560), ('1788866451', 6779840)] ===

[MVG] launching: C:\Users\raduc\miniconda3\envs\ndp\python.exe train.py --conf experiments_paper/retina/run_experiment.yaml --generations 1500 --popsize 128 --balanced-fitness --no-early-stopping --mvg --mvg-ops and,or --mvg-switch-interval 20 --snapshot
Model ID: 1788871442

Config:
{'dev_mode': 0, 'project_name': 'Developmental networks', 'group': 'default', 'notes experiment': None, 'device': 0, 'return_loss': 0, 'environment': 'KA_retina', 'node_based_growth': True, 'node_pairs_based_growth': False, 'edge_based_growth': False, 'probabilistic_growth': False, 'coevolve_initial_embeddings': True, 'undirected': True, 'node_embedding_size': 3, 'binary_connectivity': False, 'additive_update': False, 'persistent_observation_rollout': True, 'number_of_growth_cycles': 6, 'initial_embeddings_random': False, 'shared_intial_graph_bool': True, 'shared_intial_embedding': True, 'initial_sparsity': 1, 'self_link_allowed_during_querying': False, 'extra_nodes': -1, 'network_thinking_time_extra_growth': 2, 'network_thinking_time_extra_rollout': 3, 'NN_transform_node_embedding_during_growth': True, 'prunning_phase': False, 'prunning_threshold': 0.3, 'fewer_edges': False, 'fewer_nodes': False, 'balanced_weights': False, 'growth_model_last_layer_activated': False, 'transform_model_last_layer_activated': True, 'mlp_weight_values_last_layer_activated': True, 'mlp_growth_hidden_layers_dims': [5], 'mlp_embedding_transform_hidden_layers_dims': [5], 'mlp_weight_values_hidden_layers_dims': [5], 'growth_model_bias': True, 'mlp_weight_values_bias': True, 'transform_model_bias': True, 'recurrent_activation_function': 'tanh', 'use_torch': False, 'optimizer': 'CMAES', 'maximise': True, 'sigma_init': 0.5, 'generations': 1500, 'popsize': 128, 'CMA_elitist': True, 'minstd': 0.005, 'x0_dist': 'U[-1,1]', 'checkpoint_id': None, 'nb_episode_evals': 1, 'nb_growth_evals': 1, 'early_stopping': False, 'early_stopping_conditions': {'generation': 500, 'objective_value': -3}, 'flattening_stopping': False, 'flattening_stopping_conditions': {'min_generation': 1500, 'last_generations': 500, 'min_std': 5}, 'evolution_feval_check_every': 2000, 'evolution_feval_check_N': 10, 'reward_if_graph_too_small': 200, 'threads': -1, 'seed': None, 'env_seed': None, 'save_model': 1, 'render': 1, 'print_every': 10, 'visualise_network': 0, 'histogram_degree': 0, 'layout': 'random_fixed', 'arrows': True, 'log_gen_time': True, 'snapshot': True, 'show': False, 'nb_eval_seeds': 10, 'balanced_fitness': True, 'operation': 'and', 'mvg': True, 'mvg_ops': ['and', 'or'], 'mvg_switch_interval': 20, 'target': 1.0, 'id': '1788871442', '_path': 'saved_models/1788871442'}

Seed:  9985617
Env_seed:  None
The growth model has 111 trainable parameters
(64_w,128)-aCMA-ES (mu_w=34.2,w_1=6%) in dimension 111 (seed=9985617, Tue Sep  8 13:44:02 2026)

.......................................................

Initilisating CMA-ES with 111 trainable parameters 


--- Starting Evolution ---


Using 16 cores

Baseline (untrained x0 DNA): fitness=0.7839 (raw=0.8) | Nodes: 502

Iterat #Fevals   function value  axis ratio  sigma  min&max std  t[m:s]
    1    128 -8.341220546189491e-01 1.0e+00 4.85e-01  5e-01  5e-01 0:48.6
  Gen    0 | Best: 0.83 (raw: 0.8) | Pop mean: 0.66 | Sigma: 0.4854 | Nodes: 128 (mean 342.7) | 5.1s/gen | op=and
   11   1408 -8.432416444838805e-01 1.1e+00 5.59e-01  6e-01  6e-01 3:12.2
  Gen   10 | Best: 0.84 (raw: 0.8) | Pop mean: 0.79 | Sigma: 0.5591 | Nodes: 9 (mean 22.1) | 14.4s/gen | op=and
   21   2688 -8.038800705467373e-01 1.2e+00 6.00e-01  6e-01  6e-01 3:55.8
  Gen   20 | Best: 0.80 (raw: 0.8) | Pop mean: 0.78 | Sigma: 0.5998 | Nodes: 11 (mean 29.3) | 4.4s/gen | op=or
   31   3968 -8.124514991181657e-01 1.3e+00 6.19e-01  6e-01  6e-01 6:41.6
  Gen   30 | Best: 0.81 (raw: 0.8) | Pop mean: 0.79 | Sigma: 0.6192 | Nodes: 9 (mean 383.2) | 16.6s/gen | op=or
   41   5248 -8.341220546189491e-01 1.3e+00 5.80e-01  6e-01  6e-01 13:30.0
  Gen   40 | Best: 0.83 (raw: 0.8) | Pop mean: 0.79 | Sigma: 0.5804 | Nodes: 96 (mean 507.2) | 40.8s/gen | op=and
   51   6528 -8.432416444838805e-01 1.4e+00 6.26e-01  6e-01  6e-01 16:14.5
  Gen   50 | Best: 0.84 (raw: 0.8) | Pop mean: 0.82 | Sigma: 0.6257 | Nodes: 9 (mean 64.4) | 16.5s/gen | op=and
   61   7808 -8.028571428571429e-01 1.4e+00 6.29e-01  6e-01  6e-01 16:38.2
  Gen   60 | Best: 0.80 (raw: 0.8) | Pop mean: 0.78 | Sigma: 0.6287 | Nodes: 320 (mean 16.5) | 2.4s/gen | op=or
   71   9088 -7.972486772486773e-01 1.4e+00 6.62e-01  6e-01  7e-01 20:54.6
  Gen   70 | Best: 0.80 (raw: 0.8) | Pop mean: 0.78 | Sigma: 0.6620 | Nodes: 576 (mean 509.9) | 25.6s/gen | op=or
   81  10368 -8.311643497978902e-01 1.5e+00 5.97e-01  6e-01  6e-01 28:31.9
  Gen   80 | Best: 0.83 (raw: 0.8) | Pop mean: 0.79 | Sigma: 0.5973 | Nodes: 17 (mean 504.9) | 45.7s/gen | op=and
   91  11648 -8.437838903677413e-01 1.5e+00 6.57e-01  6e-01  7e-01 32:51.4
  Gen   90 | Best: 0.84 (raw: 0.8) | Pop mean: 0.82 | Sigma: 0.6571 | Nodes: 40 (mean 31.8) | 26.0s/gen | op=and
Iterat #Fevals   function value  axis ratio  sigma  min&max std  t[m:s]
  101  12928 -8.257142857142857e-01 1.5e+00 6.87e-01  7e-01  7e-01 33:23.6
  Gen  100 | Best: 0.83 (raw: 0.8) | Pop mean: 0.79 | Sigma: 0.6874 | Nodes: 62 (mean 64.6) | 3.2s/gen | op=or
  111  14208 -8.124514991181657e-01 1.5e+00 6.32e-01  6e-01  7e-01 38:13.3
  Gen  110 | Best: 0.81 (raw: 0.8) | Pop mean: 0.79 | Sigma: 0.6321 | Nodes: 11 (mean 394.2) | 29.0s/gen | op=or
  121  15488 -8.432416444838805e-01 1.5e+00 5.63e-01  5e-01  6e-01 46:25.4
  Gen  120 | Best: 0.84 (raw: 0.8) | Pop mean: 0.80 | Sigma: 0.5631 | Nodes: 12 (mean 395.0) | 49.2s/gen | op=and
  131  16768 -8.432416444838805e-01 1.5e+00 5.57e-01  5e-01  6e-01 47:35.3
  Gen  130 | Best: 0.84 (raw: 0.8) | Pop mean: 0.83 | Sigma: 0.5566 | Nodes: 9 (mean 19.5) | 7.0s/gen | op=and
  141  18048 -8.257142857142857e-01 1.6e+00 4.90e-01  5e-01  5e-01 47:57.8
  Gen  140 | Best: 0.83 (raw: 0.8) | Pop mean: 0.78 | Sigma: 0.4896 | Nodes: 42 (mean 33.3) | 2.2s/gen | op=or
  151  19328 -8.285714285714285e-01 1.6e+00 4.66e-01  4e-01  5e-01 49:37.5
  Gen  150 | Best: 0.83 (raw: 0.8) | Pop mean: 0.79 | Sigma: 0.4662 | Nodes: 288 (mean 174.9) | 10.0s/gen | op=or
  161  20608 -8.437838903677413e-01 1.6e+00 4.32e-01  4e-01  4e-01 50:27.1
  Gen  160 | Best: 0.84 (raw: 0.8) | Pop mean: 0.82 | Sigma: 0.4318 | Nodes: 40 (mean 68.5) | 5.0s/gen | op=and
  Gen  170 | Best: 0.84 (raw: 0.8) | Pop mean: 0.82 | Sigma: 0.4230 | Nodes: 40 (mean 45.0) | 1.5s/gen | op=and
  181  23168 -8.171428571428572e-01 1.6e+00 4.08e-01  4e-01  4e-01 50:51.1
  Gen  180 | Best: 0.82 (raw: 0.8) | Pop mean: 0.79 | Sigma: 0.4079 | Nodes: 72 (mean 43.4) | 0.9s/gen | op=or
  Gen  190 | Best: 0.83 (raw: 0.8) | Pop mean: 0.80 | Sigma: 0.3858 | Nodes: 212 (mean 64.4) | 0.7s/gen | op=or
Iterat #Fevals   function value  axis ratio  sigma  min&max std  t[m:s]
  Gen  200 | Best: 0.84 (raw: 0.8) | Pop mean: 0.82 | Sigma: 0.3473 | Nodes: 40 (mean 66.9) | 1.0s/gen | op=and
  211  27008 -8.437838903677413e-01 1.7e+00 3.57e-01  3e-01  4e-01 51:14.8
  Gen  210 | Best: 0.84 (raw: 0.8) | Pop mean: 0.83 | Sigma: 0.3569 | Nodes: 40 (mean 52.1) | 0.7s/gen | op=and
  Gen  220 | Best: 0.83 (raw: 0.8) | Pop mean: 0.79 | Sigma: 0.3697 | Nodes: 78 (mean 54.2) | 0.6s/gen | op=or
  Gen  230 | Best: 0.82 (raw: 0.8) | Pop mean: 0.80 | Sigma: 0.3550 | Nodes: 72 (mean 50.3) | 0.3s/gen | op=or
  241  30848 -8.437838903677413e-01 1.8e+00 3.17e-01  3e-01  3e-01 51:35.5
  Gen  240 | Best: 0.84 (raw: 0.8) | Pop mean: 0.82 | Sigma: 0.3165 | Nodes: 40 (mean 60.5) | 1.1s/gen | op=and
  Gen  250 | Best: 0.84 (raw: 0.8) | Pop mean: 0.83 | Sigma: 0.3167 | Nodes: 40 (mean 49.3) | 0.3s/gen | op=and
  Gen  260 | Best: 0.83 (raw: 0.8) | Pop mean: 0.79 | Sigma: 0.3266 | Nodes: 38 (mean 45.4) | 0.3s/gen | op=or
  Gen  270 | Best: 0.83 (raw: 0.8) | Pop mean: 0.80 | Sigma: 0.3149 | Nodes: 38 (mean 63.6) | 0.3s/gen | op=or
  Gen  280 | Best: 0.84 (raw: 0.8) | Pop mean: 0.83 | Sigma: 0.2879 | Nodes: 40 (mean 63.2) | 0.4s/gen | op=and
  Gen  290 | Best: 0.84 (raw: 0.8) | Pop mean: 0.83 | Sigma: 0.2921 | Nodes: 40 (mean 45.0) | 0.5s/gen | op=and
Iterat #Fevals   function value  axis ratio  sigma  min&max std  t[m:s]
  301  38528 -8.371428571428572e-01 2.0e+00 2.95e-01  3e-01  3e-01 51:58.6
  Gen  300 | Best: 0.84 (raw: 0.8) | Pop mean: 0.79 | Sigma: 0.2949 | Nodes: 78 (mean 50.2) | 0.5s/gen | op=or
  Gen  310 | Best: 0.83 (raw: 0.8) | Pop mean: 0.80 | Sigma: 0.2872 | Nodes: 52 (mean 63.3) | 0.6s/gen | op=or
  Gen  320 | Best: 0.84 (raw: 0.8) | Pop mean: 0.83 | Sigma: 0.2697 | Nodes: 40 (mean 63.2) | 0.7s/gen | op=and
  Gen  330 | Best: 0.84 (raw: 0.8) | Pop mean: 0.83 | Sigma: 0.2772 | Nodes: 40 (mean 46.5) | 0.3s/gen | op=and
  Gen  340 | Best: 0.83 (raw: 0.8) | Pop mean: 0.79 | Sigma: 0.2648 | Nodes: 36 (mean 41.1) | 0.3s/gen | op=or
  351  44928 -8.314285714285714e-01 2.3e+00 2.69e-01  2e-01  3e-01 52:20.5
  Gen  350 | Best: 0.83 (raw: 0.8) | Pop mean: 0.81 | Sigma: 0.2687 | Nodes: 72 (mean 60.7) | 0.4s/gen | op=or
  Gen  360 | Best: 0.84 (raw: 0.8) | Pop mean: 0.82 | Sigma: 0.2476 | Nodes: 40 (mean 59.8) | 0.4s/gen | op=and
  Gen  370 | Best: 0.84 (raw: 0.8) | Pop mean: 0.83 | Sigma: 0.2615 | Nodes: 40 (mean 44.8) | 0.4s/gen | op=and
  Gen  380 | Best: 0.82 (raw: 0.8) | Pop mean: 0.79 | Sigma: 0.2562 | Nodes: 36 (mean 43.4) | 0.5s/gen | op=or
  Gen  390 | Best: 0.82 (raw: 0.8) | Pop mean: 0.80 | Sigma: 0.2725 | Nodes: 112 (mean 52.9) | 0.3s/gen | op=or
Iterat #Fevals   function value  axis ratio  sigma  min&max std  t[m:s]
  Gen  400 | Best: 0.84 (raw: 0.8) | Pop mean: 0.83 | Sigma: 0.2487 | Nodes: 40 (mean 67.1) | 0.3s/gen | op=and
  411  52608 -8.437838903677413e-01 2.6e+00 2.51e-01  2e-01  3e-01 52:43.0
  Gen  410 | Best: 0.84 (raw: 0.8) | Pop mean: 0.83 | Sigma: 0.2515 | Nodes: 40 (mean 47.2) | 0.3s/gen | op=and
  Gen  420 | Best: 0.83 (raw: 0.8) | Pop mean: 0.79 | Sigma: 0.2488 | Nodes: 36 (mean 45.1) | 0.3s/gen | op=or
  Gen  430 | Best: 0.83 (raw: 0.8) | Pop mean: 0.81 | Sigma: 0.2319 | Nodes: 72 (mean 64.7) | 0.3s/gen | op=or
  Gen  440 | Best: 0.84 (raw: 0.8) | Pop mean: 0.83 | Sigma: 0.2097 | Nodes: 40 (mean 61.0) | 0.3s/gen | op=and
  Gen  450 | Best: 0.84 (raw: 0.8) | Pop mean: 0.83 | Sigma: 0.2159 | Nodes: 40 (mean 42.9) | 0.3s/gen | op=and
  Gen  460 | Best: 0.83 (raw: 0.8) | Pop mean: 0.79 | Sigma: 0.2102 | Nodes: 36 (mean 41.5) | 0.3s/gen | op=or
  Gen  470 | Best: 0.83 (raw: 0.8) | Pop mean: 0.81 | Sigma: 0.2137 | Nodes: 72 (mean 60.1) | 0.3s/gen | op=or
  Gen  480 | Best: 0.84 (raw: 0.8) | Pop mean: 0.83 | Sigma: 0.1940 | Nodes: 40 (mean 61.1) | 0.3s/gen | op=and
  491  62848 -8.437838903677413e-01 3.0e+00 2.07e-01  2e-01  2e-01 53:07.4
  Gen  490 | Best: 0.84 (raw: 0.8) | Pop mean: 0.84 | Sigma: 0.2069 | Nodes: 40 (mean 40.5) | 0.3s/gen | op=and
Iterat #Fevals   function value  axis ratio  sigma  min&max std  t[m:s]
  Gen  500 | Best: 0.83 (raw: 0.8) | Pop mean: 0.79 | Sigma: 0.2083 | Nodes: 54 (mean 41.7) | 0.3s/gen | op=or
  Gen  510 | Best: 0.83 (raw: 0.8) | Pop mean: 0.81 | Sigma: 0.2090 | Nodes: 72 (mean 56.3) | 0.3s/gen | op=or
  Gen  520 | Best: 0.84 (raw: 0.8) | Pop mean: 0.83 | Sigma: 0.1830 | Nodes: 40 (mean 61.7) | 0.3s/gen | op=and
  Gen  530 | Best: 0.84 (raw: 0.8) | Pop mean: 0.84 | Sigma: 0.1944 | Nodes: 40 (mean 43.2) | 0.3s/gen | op=and
  Gen  540 | Best: 0.83 (raw: 0.8) | Pop mean: 0.79 | Sigma: 0.2042 | Nodes: 36 (mean 42.8) | 0.3s/gen | op=or
  Gen  550 | Best: 0.82 (raw: 0.8) | Pop mean: 0.81 | Sigma: 0.2007 | Nodes: 72 (mean 60.9) | 0.4s/gen | op=or
  Gen  560 | Best: 0.84 (raw: 0.8) | Pop mean: 0.83 | Sigma: 0.1812 | Nodes: 40 (mean 64.5) | 0.4s/gen | op=and
  571  73088 -8.437838903677413e-01 3.4e+00 2.02e-01  2e-01  2e-01 53:33.1
  Gen  570 | Best: 0.84 (raw: 0.8) | Pop mean: 0.84 | Sigma: 0.2023 | Nodes: 40 (mean 41.0) | 0.3s/gen | op=and
  Gen  580 | Best: 0.82 (raw: 0.8) | Pop mean: 0.79 | Sigma: 0.2194 | Nodes: 72 (mean 41.4) | 0.3s/gen | op=or
  Gen  590 | Best: 0.83 (raw: 0.8) | Pop mean: 0.81 | Sigma: 0.2135 | Nodes: 72 (mean 62.9) | 0.3s/gen | op=or
Iterat #Fevals   function value  axis ratio  sigma  min&max std  t[m:s]
  Gen  600 | Best: 0.84 (raw: 0.8) | Pop mean: 0.83 | Sigma: 0.1924 | Nodes: 40 (mean 64.8) | 0.3s/gen | op=and
  Gen  610 | Best: 0.84 (raw: 0.8) | Pop mean: 0.83 | Sigma: 0.2209 | Nodes: 40 (mean 42.5) | 0.3s/gen | op=and
  Gen  620 | Best: 0.82 (raw: 0.8) | Pop mean: 0.79 | Sigma: 0.2218 | Nodes: 36 (mean 41.5) | 0.3s/gen | op=or
  Gen  630 | Best: 0.82 (raw: 0.8) | Pop mean: 0.81 | Sigma: 0.2215 | Nodes: 72 (mean 59.1) | 0.3s/gen | op=or
  Gen  640 | Best: 0.84 (raw: 0.8) | Pop mean: 0.82 | Sigma: 0.1935 | Nodes: 40 (mean 63.0) | 0.3s/gen | op=and
  Gen  650 | Best: 0.84 (raw: 0.8) | Pop mean: 0.84 | Sigma: 0.2028 | Nodes: 40 (mean 41.6) | 0.3s/gen | op=and
  661  84608 -8.314285714285714e-01 3.7e+00 2.04e-01  2e-01  2e-01 53:59.8
  Gen  660 | Best: 0.83 (raw: 0.8) | Pop mean: 0.78 | Sigma: 0.2039 | Nodes: 40 (mean 41.1) | 0.3s/gen | op=or
  Gen  670 | Best: 0.83 (raw: 0.8) | Pop mean: 0.81 | Sigma: 0.2027 | Nodes: 72 (mean 61.9) | 0.3s/gen | op=or
  Gen  680 | Best: 0.84 (raw: 0.8) | Pop mean: 0.83 | Sigma: 0.1785 | Nodes: 40 (mean 64.0) | 0.4s/gen | op=and
  Gen  690 | Best: 0.84 (raw: 0.8) | Pop mean: 0.84 | Sigma: 0.1868 | Nodes: 40 (mean 41.1) | 0.3s/gen | op=and
Iterat #Fevals   function value  axis ratio  sigma  min&max std  t[m:s]
  Gen  700 | Best: 0.83 (raw: 0.8) | Pop mean: 0.79 | Sigma: 0.1909 | Nodes: 38 (mean 41.1) | 0.3s/gen | op=or
  Gen  710 | Best: 0.83 (raw: 0.8) | Pop mean: 0.80 | Sigma: 0.1866 | Nodes: 36 (mean 59.0) | 0.4s/gen | op=or
  Gen  720 | Best: 0.84 (raw: 0.8) | Pop mean: 0.83 | Sigma: 0.1739 | Nodes: 40 (mean 46.2) | 0.5s/gen | op=and
  Gen  730 | Best: 0.84 (raw: 0.8) | Pop mean: 0.84 | Sigma: 0.1907 | Nodes: 40 (mean 41.3) | 0.3s/gen | op=and
  741  94848 -8.314285714285714e-01 3.9e+00 1.85e-01  1e-01  2e-01 54:28.8
  Gen  740 | Best: 0.83 (raw: 0.8) | Pop mean: 0.78 | Sigma: 0.1848 | Nodes: 36 (mean 39.8) | 0.3s/gen | op=or
  Gen  750 | Best: 0.83 (raw: 0.8) | Pop mean: 0.80 | Sigma: 0.1942 | Nodes: 36 (mean 35.6) | 0.3s/gen | op=or
  Gen  760 | Best: 0.84 (raw: 0.8) | Pop mean: 0.83 | Sigma: 0.1734 | Nodes: 40 (mean 36.7) | 0.3s/gen | op=and
  Gen  770 | Best: 0.84 (raw: 0.8) | Pop mean: 0.84 | Sigma: 0.1864 | Nodes: 40 (mean 39.4) | 0.3s/gen | op=and
  Gen  780 | Best: 0.82 (raw: 0.8) | Pop mean: 0.78 | Sigma: 0.1861 | Nodes: 72 (mean 40.0) | 0.3s/gen | op=or
  Gen  790 | Best: 0.82 (raw: 0.8) | Pop mean: 0.81 | Sigma: 0.1970 | Nodes: 72 (mean 54.6) | 0.3s/gen | op=or
Iterat #Fevals   function value  axis ratio  sigma  min&max std  t[m:s]
  Gen  800 | Best: 0.84 (raw: 0.8) | Pop mean: 0.83 | Sigma: 0.1706 | Nodes: 40 (mean 62.3) | 0.3s/gen | op=and
  Gen  810 | Best: 0.84 (raw: 0.8) | Pop mean: 0.84 | Sigma: 0.1755 | Nodes: 40 (mean 41.6) | 0.3s/gen | op=and
  Gen  820 | Best: 0.83 (raw: 0.8) | Pop mean: 0.78 | Sigma: 0.1654 | Nodes: 42 (mean 41.4) | 0.3s/gen | op=or
  Gen  830 | Best: 0.82 (raw: 0.8) | Pop mean: 0.80 | Sigma: 0.1676 | Nodes: 72 (mean 49.7) | 0.3s/gen | op=or
  841 107648 -8.437838903677413e-01 4.2e+00 1.57e-01  1e-01  2e-01 54:58.6
  Gen  840 | Best: 0.84 (raw: 0.8) | Pop mean: 0.83 | Sigma: 0.1572 | Nodes: 40 (mean 56.6) | 0.3s/gen | op=and
  851 108928 -8.437838903677413e-01 4.2e+00 1.64e-01  1e-01  2e-01 55:01.5
  Gen  850 | Best: 0.84 (raw: 0.8) | Pop mean: 0.84 | Sigma: 0.1643 | Nodes: 40 (mean 44.6) | 0.3s/gen | op=and
  Gen  860 | Best: 0.83 (raw: 0.8) | Pop mean: 0.78 | Sigma: 0.1652 | Nodes: 36 (mean 42.2) | 0.3s/gen | op=or
  Gen  870 | Best: 0.83 (raw: 0.8) | Pop mean: 0.81 | Sigma: 0.1679 | Nodes: 72 (mean 57.7) | 0.3s/gen | op=or
  Gen  880 | Best: 0.84 (raw: 0.8) | Pop mean: 0.83 | Sigma: 0.1538 | Nodes: 40 (mean 59.2) | 0.4s/gen | op=and
  891 114048 -8.437838903677413e-01 4.3e+00 1.67e-01  1e-01  2e-01 55:14.3
  Gen  890 | Best: 0.84 (raw: 0.8) | Pop mean: 0.84 | Sigma: 0.1670 | Nodes: 40 (mean 40.7) | 0.3s/gen | op=and
Iterat #Fevals   function value  axis ratio  sigma  min&max std  t[m:s]
  Gen  900 | Best: 0.83 (raw: 0.8) | Pop mean: 0.78 | Sigma: 0.1628 | Nodes: 36 (mean 41.2) | 0.3s/gen | op=or
  Gen  910 | Best: 0.83 (raw: 0.8) | Pop mean: 0.81 | Sigma: 0.1672 | Nodes: 72 (mean 60.4) | 0.3s/gen | op=or
  Gen  920 | Best: 0.84 (raw: 0.8) | Pop mean: 0.83 | Sigma: 0.1580 | Nodes: 40 (mean 64.5) | 0.4s/gen | op=and
  931 119168 -8.437838903677413e-01 4.5e+00 1.73e-01  1e-01  2e-01 55:26.8
  Gen  930 | Best: 0.84 (raw: 0.8) | Pop mean: 0.84 | Sigma: 0.1726 | Nodes: 40 (mean 42.3) | 0.3s/gen | op=and
  Gen  940 | Best: 0.82 (raw: 0.8) | Pop mean: 0.78 | Sigma: 0.1862 | Nodes: 36 (mean 41.6) | 0.3s/gen | op=or
  Gen  950 | Best: 0.83 (raw: 0.8) | Pop mean: 0.80 | Sigma: 0.1764 | Nodes: 36 (mean 37.5) | 0.3s/gen | op=or
  Gen  960 | Best: 0.84 (raw: 0.8) | Pop mean: 0.83 | Sigma: 0.1511 | Nodes: 40 (mean 36.3) | 0.3s/gen | op=and
  971 124288 -8.437838903677413e-01 4.6e+00 1.60e-01  1e-01  2e-01 55:38.0
  Gen  970 | Best: 0.84 (raw: 0.8) | Pop mean: 0.84 | Sigma: 0.1604 | Nodes: 40 (mean 41.5) | 0.3s/gen | op=and
  Gen  980 | Best: 0.83 (raw: 0.8) | Pop mean: 0.78 | Sigma: 0.1609 | Nodes: 72 (mean 39.9) | 0.3s/gen | op=or
  Gen  990 | Best: 0.83 (raw: 0.8) | Pop mean: 0.80 | Sigma: 0.1727 | Nodes: 72 (mean 51.3) | 0.3s/gen | op=or
Iterat #Fevals   function value  axis ratio  sigma  min&max std  t[m:s]
  Gen 1000 | Best: 0.84 (raw: 0.8) | Pop mean: 0.83 | Sigma: 0.1660 | Nodes: 40 (mean 53.9) | 0.3s/gen | op=and
  Gen 1010 | Best: 0.84 (raw: 0.8) | Pop mean: 0.84 | Sigma: 0.1799 | Nodes: 40 (mean 41.3) | 0.3s/gen | op=and
  Gen 1020 | Best: 0.83 (raw: 0.8) | Pop mean: 0.79 | Sigma: 0.1720 | Nodes: 36 (mean 43.2) | 0.3s/gen | op=or
  Gen 1030 | Best: 0.83 (raw: 0.8) | Pop mean: 0.81 | Sigma: 0.1684 | Nodes: 72 (mean 64.3) | 0.3s/gen | op=or
 1041 133248 -8.437838903677413e-01 4.9e+00 1.58e-01  1e-01  2e-01 55:59.6
  Gen 1040 | Best: 0.84 (raw: 0.8) | Pop mean: 0.83 | Sigma: 0.1579 | Nodes: 40 (mean 63.0) | 0.3s/gen | op=and
 1051 134528 -8.437838903677413e-01 4.9e+00 1.68e-01  1e-01  2e-01 56:02.6
  Gen 1050 | Best: 0.84 (raw: 0.8) | Pop mean: 0.84 | Sigma: 0.1680 | Nodes: 40 (mean 41.4) | 0.3s/gen | op=and
  Gen 1060 | Best: 0.82 (raw: 0.8) | Pop mean: 0.78 | Sigma: 0.1551 | Nodes: 72 (mean 41.3) | 0.3s/gen | op=or
  Gen 1070 | Best: 0.83 (raw: 0.8) | Pop mean: 0.81 | Sigma: 0.1592 | Nodes: 72 (mean 60.2) | 0.3s/gen | op=or
 1081 138368 -8.437838903677413e-01 5.0e+00 1.40e-01  1e-01  2e-01 56:11.9
  Gen 1080 | Best: 0.84 (raw: 0.8) | Pop mean: 0.83 | Sigma: 0.1404 | Nodes: 40 (mean 61.6) | 0.3s/gen | op=and
 1091 139648 -8.437838903677413e-01 5.0e+00 1.62e-01  1e-01  2e-01 56:15.0
  Gen 1090 | Best: 0.84 (raw: 0.8) | Pop mean: 0.84 | Sigma: 0.1620 | Nodes: 40 (mean 43.4) | 0.3s/gen | op=and
Iterat #Fevals   function value  axis ratio  sigma  min&max std  t[m:s]
  Gen 1100 | Best: 0.82 (raw: 0.8) | Pop mean: 0.78 | Sigma: 0.1737 | Nodes: 36 (mean 40.9) | 0.3s/gen | op=or
  Gen 1110 | Best: 0.83 (raw: 0.8) | Pop mean: 0.81 | Sigma: 0.1833 | Nodes: 72 (mean 58.1) | 0.4s/gen | op=or
 1121 143488 -8.437838903677413e-01 5.2e+00 1.60e-01  1e-01  2e-01 56:25.8
  Gen 1120 | Best: 0.84 (raw: 0.8) | Pop mean: 0.83 | Sigma: 0.1597 | Nodes: 40 (mean 59.3) | 0.3s/gen | op=and
 1131 144768 -8.437838903677413e-01 5.2e+00 1.73e-01  1e-01  2e-01 56:29.0
  Gen 1130 | Best: 0.84 (raw: 0.8) | Pop mean: 0.84 | Sigma: 0.1732 | Nodes: 40 (mean 42.6) | 0.3s/gen | op=and
  Gen 1140 | Best: 0.82 (raw: 0.8) | Pop mean: 0.78 | Sigma: 0.1782 | Nodes: 36 (mean 39.9) | 0.3s/gen | op=or
  Gen 1150 | Best: 0.84 (raw: 0.8) | Pop mean: 0.80 | Sigma: 0.1792 | Nodes: 36 (mean 37.2) | 0.3s/gen | op=or
 1161 148608 -8.437838903677413e-01 5.2e+00 1.54e-01  1e-01  2e-01 56:38.3
  Gen 1160 | Best: 0.84 (raw: 0.8) | Pop mean: 0.83 | Sigma: 0.1544 | Nodes: 40 (mean 36.4) | 0.3s/gen | op=and
 1171 149888 -8.437838903677413e-01 5.2e+00 1.71e-01  1e-01  2e-01 56:41.6
  Gen 1170 | Best: 0.84 (raw: 0.8) | Pop mean: 0.84 | Sigma: 0.1708 | Nodes: 40 (mean 44.1) | 0.3s/gen | op=and
  Gen 1180 | Best: 0.82 (raw: 0.8) | Pop mean: 0.78 | Sigma: 0.1706 | Nodes: 36 (mean 39.8) | 0.3s/gen | op=or
  Gen 1190 | Best: 0.83 (raw: 0.8) | Pop mean: 0.80 | Sigma: 0.1727 | Nodes: 36 (mean 36.0) | 0.3s/gen | op=or
Iterat #Fevals   function value  axis ratio  sigma  min&max std  t[m:s]
 1201 153728 -8.437838903677413e-01 5.4e+00 1.48e-01  1e-01  2e-01 56:50.3
  Gen 1200 | Best: 0.84 (raw: 0.8) | Pop mean: 0.83 | Sigma: 0.1485 | Nodes: 40 (mean 36.8) | 0.3s/gen | op=and
 1211 155008 -8.437838903677413e-01 5.4e+00 1.59e-01  1e-01  2e-01 56:53.4
  Gen 1210 | Best: 0.84 (raw: 0.8) | Pop mean: 0.84 | Sigma: 0.1593 | Nodes: 40 (mean 45.0) | 0.3s/gen | op=and
  Gen 1220 | Best: 0.83 (raw: 0.8) | Pop mean: 0.78 | Sigma: 0.1597 | Nodes: 36 (mean 41.2) | 0.3s/gen | op=or
  Gen 1230 | Best: 0.83 (raw: 0.8) | Pop mean: 0.81 | Sigma: 0.1702 | Nodes: 36 (mean 60.6) | 0.3s/gen | op=or
 1241 158848 -8.437838903677413e-01 5.6e+00 1.55e-01  1e-01  2e-01 57:03.4
  Gen 1240 | Best: 0.84 (raw: 0.8) | Pop mean: 0.83 | Sigma: 0.1547 | Nodes: 40 (mean 61.9) | 0.4s/gen | op=and
 1251 160128 -8.437838903677413e-01 5.6e+00 1.72e-01  1e-01  2e-01 57:06.6
  Gen 1250 | Best: 0.84 (raw: 0.8) | Pop mean: 0.84 | Sigma: 0.1716 | Nodes: 40 (mean 42.9) | 0.3s/gen | op=and
  Gen 1260 | Best: 0.83 (raw: 0.8) | Pop mean: 0.78 | Sigma: 0.1685 | Nodes: 36 (mean 40.1) | 0.3s/gen | op=or
  Gen 1270 | Best: 0.83 (raw: 0.8) | Pop mean: 0.80 | Sigma: 0.1723 | Nodes: 38 (mean 36.9) | 0.3s/gen | op=or
 1281 163968 -8.437838903677413e-01 5.7e+00 1.51e-01  1e-01  2e-01 57:15.7
  Gen 1280 | Best: 0.84 (raw: 0.8) | Pop mean: 0.83 | Sigma: 0.1512 | Nodes: 40 (mean 36.8) | 0.3s/gen | op=and
 1291 165248 -8.437838903677413e-01 5.8e+00 1.64e-01  1e-01  2e-01 57:18.8
  Gen 1290 | Best: 0.84 (raw: 0.8) | Pop mean: 0.84 | Sigma: 0.1636 | Nodes: 40 (mean 40.1) | 0.3s/gen | op=and
Iterat #Fevals   function value  axis ratio  sigma  min&max std  t[m:s]
  Gen 1300 | Best: 0.83 (raw: 0.8) | Pop mean: 0.78 | Sigma: 0.1566 | Nodes: 36 (mean 40.1) | 0.4s/gen | op=or
  Gen 1310 | Best: 0.83 (raw: 0.8) | Pop mean: 0.81 | Sigma: 0.1608 | Nodes: 72 (mean 63.5) | 0.4s/gen | op=or
 1321 169088 -8.437838903677413e-01 5.9e+00 1.42e-01  1e-01  2e-01 57:30.4
  Gen 1320 | Best: 0.84 (raw: 0.8) | Pop mean: 0.83 | Sigma: 0.1424 | Nodes: 40 (mean 61.6) | 0.4s/gen | op=and
 1331 170368 -8.437838903677413e-01 5.9e+00 1.53e-01  1e-01  2e-01 57:33.5
  Gen 1330 | Best: 0.84 (raw: 0.8) | Pop mean: 0.84 | Sigma: 0.1525 | Nodes: 40 (mean 39.8) | 0.3s/gen | op=and
  Gen 1340 | Best: 0.83 (raw: 0.8) | Pop mean: 0.78 | Sigma: 0.1542 | Nodes: 36 (mean 39.9) | 0.3s/gen | op=or
  Gen 1350 | Best: 0.83 (raw: 0.8) | Pop mean: 0.81 | Sigma: 0.1589 | Nodes: 72 (mean 62.1) | 0.3s/gen | op=or
 1361 174208 -8.437838903677413e-01 6.0e+00 1.47e-01  1e-01  2e-01 57:42.9
  Gen 1360 | Best: 0.84 (raw: 0.8) | Pop mean: 0.83 | Sigma: 0.1475 | Nodes: 40 (mean 65.1) | 0.3s/gen | op=and
 1371 175488 -8.437838903677413e-01 6.0e+00 1.61e-01  1e-01  2e-01 57:46.1
  Gen 1370 | Best: 0.84 (raw: 0.8) | Pop mean: 0.84 | Sigma: 0.1609 | Nodes: 40 (mean 42.5) | 0.3s/gen | op=and
  Gen 1380 | Best: 0.82 (raw: 0.8) | Pop mean: 0.78 | Sigma: 0.1659 | Nodes: 72 (mean 43.4) | 0.3s/gen | op=or
  Gen 1390 | Best: 0.83 (raw: 0.8) | Pop mean: 0.81 | Sigma: 0.1636 | Nodes: 72 (mean 62.4) | 0.3s/gen | op=or
Iterat #Fevals   function value  axis ratio  sigma  min&max std  t[m:s]
 1401 179328 -8.437838903677413e-01 6.2e+00 1.48e-01  1e-01  2e-01 57:55.8
  Gen 1400 | Best: 0.84 (raw: 0.8) | Pop mean: 0.83 | Sigma: 0.1481 | Nodes: 40 (mean 62.3) | 0.3s/gen | op=and
 1411 180608 -8.437838903677413e-01 6.1e+00 1.75e-01  1e-01  2e-01 57:59.0
  Gen 1410 | Best: 0.84 (raw: 0.8) | Pop mean: 0.84 | Sigma: 0.1751 | Nodes: 40 (mean 40.3) | 0.3s/gen | op=and
  Gen 1420 | Best: 0.82 (raw: 0.8) | Pop mean: 0.78 | Sigma: 0.1756 | Nodes: 72 (mean 42.6) | 0.3s/gen | op=or
  Gen 1430 | Best: 0.83 (raw: 0.8) | Pop mean: 0.81 | Sigma: 0.1659 | Nodes: 72 (mean 67.0) | 0.3s/gen | op=or
 1441 184448 -8.437838903677413e-01 6.4e+00 1.46e-01  1e-01  2e-01 58:08.6
  Gen 1440 | Best: 0.84 (raw: 0.8) | Pop mean: 0.83 | Sigma: 0.1457 | Nodes: 40 (mean 68.1) | 0.3s/gen | op=and
 1451 185728 -8.437838903677413e-01 6.4e+00 1.53e-01  1e-01  2e-01 58:11.7
  Gen 1450 | Best: 0.84 (raw: 0.8) | Pop mean: 0.84 | Sigma: 0.1534 | Nodes: 40 (mean 42.2) | 0.3s/gen | op=and
  Gen 1460 | Best: 0.82 (raw: 0.8) | Pop mean: 0.78 | Sigma: 0.1555 | Nodes: 72 (mean 40.5) | 0.3s/gen | op=or
  Gen 1470 | Best: 0.83 (raw: 0.8) | Pop mean: 0.80 | Sigma: 0.1533 | Nodes: 36 (mean 38.7) | 0.3s/gen | op=or
 1481 189568 -8.437838903677413e-01 6.4e+00 1.36e-01  1e-01  1e-01 58:20.8
  Gen 1480 | Best: 0.84 (raw: 0.8) | Pop mean: 0.83 | Sigma: 0.1360 | Nodes: 40 (mean 42.1) | 0.3s/gen | op=and
 1491 190848 -8.437838903677413e-01 6.4e+00 1.52e-01  1e-01  2e-01 58:24.6
  Gen 1490 | Best: 0.84 (raw: 0.8) | Pop mean: 0.84 | Sigma: 0.1524 | Nodes: 40 (mean 40.9) | 0.4s/gen | op=and

Evolution took:  3511  seconds

========Optimizer output:==========================
Best single loss found (peak, any goal) was -0.8437838903677413
Best population centroid loss found was -0.8431045425416541
Final-generation champion (op=and): fitness=0.8438 -- this is what gets returned/saved as solution_best under MVG (peak fitness 0.8438 was reached under some possibly-different goal)
===================================================


Saving models and config file — Run ID 1788871442

Final model has 111 parameters
Graph snapshot saved to saved_models/1788871442/graph_best.png

Running environment for best solution...

Checksum of initial network state before growth: -9.267765612545123
Checksum of graph G before growth: 3.1370336693459393
The seed graph (before growth) has 9 nodes and 16 edges.
Checksum of network state after growth: -23.97623037558623
Checksum of graph G after growth: 501.9999768888943
The final grown graph has 40 nodes and 502 edges.
KA_retina retina fitness (op=and, balanced): 0.8438 (raw 201 / 256)

(mean) Episode reward for 1 env rollouts: 0.8437838903677413

Checksum of initial network state before growth: -9.267765612545123
Checksum of graph G before growth: 3.1370336693459393
The seed graph (before growth) has 9 nodes and 16 edges.
Checksum of network state after growth: -23.97623037558623
Checksum of graph G after growth: 501.9999768888943
The final grown graph has 40 nodes and 502 edges.
KA_retina retina fitness (op=and, balanced): 0.8438 (raw 201 / 256)

(mean) Episode reward for 1 env rollouts: 0.8437838903677413

Checksum of initial network state before growth: -9.267765612545123
Checksum of graph G before growth: 3.1370336693459393
The seed graph (before growth) has 9 nodes and 16 edges.
Checksum of network state after growth: -23.97623037558623
Checksum of graph G after growth: 501.9999768888943
The final grown graph has 40 nodes and 502 edges.
KA_retina retina fitness (op=and, balanced): 0.8438 (raw 201 / 256)

(mean) Episode reward for 1 env rollouts: 0.8437838903677413

-------

(mean) Episodes reward for 3 runs: 0.8437838903677412

---------------------------------------------


Running environment for centroid solution...

Running environment for centroid solution...

BYE! - ID: 1788871442
[MVG] completed: run 1788871442

=== Scan: FG=5/5 [('1786033855', 7950840), ('1786102425', 1842456), ('1788808796', 1748523), ('1788808995', 1589167), ('1788809505', 7287042)] | MVG=5/5 [('1786053806', 7318332), ('1788817038', 6550047), ('1788821061', 7766560), ('1788866451', 6779840), ('1788871442', 9985617)] ===

Target reached for both conditions. Nothing to do.

